This is XeTeX, Version 3.141592653-2.6-0.999998 (MiKTeX 26.5) (preloaded format=xelatex 2026.6.23)  25 JUL 2026 00:15
entering extended mode
 restricted \write18 enabled.
 %&-line parsing enabled.
**./1.Introduction.tex
(1.Introduction.tex
LaTeX2e <2026-06-01>
L3 programming layer <2026-05-26>
! Undefined control sequence.
l.1 \chapter
            {Introduction}
The control sequence at the end of the top line
of your error message was never \def'ed. If you have
misspelled it (e.g., `\hobx'), type `I' and the correct
spelling (e.g., `I\hbox'). Otherwise just continue,
and I'll forget about whatever was undefined.


! LaTeX Error: Missing \begin{document}.

See the LaTeX manual or LaTeX Companion for explanation.
Type  H <return>  for immediate help.
 ...                                              
                                                  
l.1 \chapter{I
              ntroduction}
You're in trouble here.  Try typing  <return>  to proceed.
If that doesn't work, type  X <return>  to quit.

Missing character: There is no I in font nullfont!
Missing character: There is no n in font nullfont!
Missing character: There is no t in font nullfont!
Missing character: There is no r in font nullfont!
Missing character: There is no o in font nullfont!
Missing character: There is no d in font nullfont!
Missing character: There is no u in font nullfont!
Missing character: There is no c in font nullfont!
Missing character: There is no t in font nullfont!
Missing character: There is no i in font nullfont!
Missing character: There is no o in font nullfont!
Missing character: There is no n in font nullfont!

Overfull \hbox (20.0pt too wide) in paragraph at lines 1--2
[] 
 []

! Undefined control sequence.
l.5 \section
            {Background}
The control sequence at the end of the top line
of your error message was never \def'ed. If you have
misspelled it (e.g., `\hobx'), type `I' and the correct
spelling (e.g., `I\hbox'). Otherwise just continue,
and I'll forget about whatever was undefined.


! LaTeX Error: Missing \begin{document}.

See the LaTeX manual or LaTeX Companion for explanation.
Type  H <return>  for immediate help.
 ...                                              
                                                  
l.5 \section{B
              ackground}
You're in trouble here.  Try typing  <return>  to proceed.
If that doesn't work, type  X <return>  to quit.

Missing character: There is no B in font nullfont!
Missing character: There is no a in font nullfont!
Missing character: There is no c in font nullfont!
Missing character: There is no k in font nullfont!
Missing character: There is no g in font nullfont!
Missing character: There is no r in font nullfont!
Missing character: There is no o in font nullfont!
Missing character: There is no u in font nullfont!
Missing character: There is no n in font nullfont!
Missing character: There is no d in font nullfont!

Overfull \hbox (20.0pt too wide) in paragraph at lines 5--6
[] 
 []

! Undefined control sequence.
l.7 \subsection
               {OAM and Future Optical Communications}
The control sequence at the end of the top line
of your error message was never \def'ed. If you have
misspelled it (e.g., `\hobx'), type `I' and the correct
spelling (e.g., `I\hbox'). Otherwise just continue,
and I'll forget about whatever was undefined.


! LaTeX Error: Missing \begin{document}.

See the LaTeX manual or LaTeX Companion for explanation.
Type  H <return>  for immediate help.
 ...                                              
                                                  
l.7 \subsection{O
                 AM and Future Optical Communications}
You're in trouble here.  Try typing  <return>  to proceed.
If that doesn't work, type  X <return>  to quit.

Missing character: There is no O in font nullfont!
Missing character: There is no A in font nullfont!
Missing character: There is no M in font nullfont!
Missing character: There is no a in font nullfont!
Missing character: There is no n in font nullfont!
Missing character: There is no d in font nullfont!
Missing character: There is no F in font nullfont!
Missing character: There is no u in font nullfont!
Missing character: There is no t in font nullfont!
Missing character: There is no u in font nullfont!
Missing character: There is no r in font nullfont!
Missing character: There is no e in font nullfont!
Missing character: There is no O in font nullfont!
Missing character: There is no p in font nullfont!
Missing character: There is no t in font nullfont!
Missing character: There is no i in font nullfont!
Missing character: There is no c in font nullfont!
Missing character: There is no a in font nullfont!
Missing character: There is no l in font nullfont!
Missing character: There is no C in font nullfont!
Missing character: There is no o in font nullfont!
Missing character: There is no m in font nullfont!
Missing character: There is no m in font nullfont!
Missing character: There is no u in font nullfont!
Missing character: There is no n in font nullfont!
Missing character: There is no i in font nullfont!
Missing character: There is no c in font nullfont!
Missing character: There is no a in font nullfont!
Missing character: There is no t in font nullfont!
Missing character: There is no i in font nullfont!
Missing character: There is no o in font nullfont!
Missing character: There is no n in font nullfont!
Missing character: There is no s in font nullfont!

Overfull \hbox (20.0pt too wide) in paragraph at lines 7--8
[]
 []


! LaTeX Error: Missing \begin{document}.

See the LaTeX manual or LaTeX Companion for explanation.
Type  H <return>  for immediate help.
 ...                                              
                                                  
l.9 傳
     統上，光通訊主要依賴空間、時間、波長、振幅與偏振等自由度來調變訊號。然而，隨著全球數據流量迎來爆炸性成長，傳統自由度所組成的多工系統在容量提升...

You're in trouble here.  Try typing  <return>  to proceed.
If that doesn't work, type  X <return>  to quit.

Missing character: There is no 傳 in font nullfont!
Missing character: There is no 統 in font nullfont!
Missing character: There is no 上 in font nullfont!
Missing character: There is no ， in font nullfont!
Missing character: There is no 光 in font nullfont!
Missing character: There is no 通 in font nullfont!
Missing character: There is no 訊 in font nullfont!
Missing character: There is no 主 in font nullfont!
Missing character: There is no 要 in font nullfont!
Missing character: There is no 依 in font nullfont!
Missing character: There is no 賴 in font nullfont!
Missing character: There is no 空 in font nullfont!
Missing character: There is no 間 in font nullfont!
Missing character: There is no 、 in font nullfont!
Missing character: There is no 時 in font nullfont!
Missing character: There is no 間 in font nullfont!
Missing character: There is no 、 in font nullfont!
Missing character: There is no 波 in font nullfont!
Missing character: There is no 長 in font nullfont!
Missing character: There is no 、 in font nullfont!
Missing character: There is no 振 in font nullfont!
Missing character: There is no 幅 in font nullfont!
Missing character: There is no 與 in font nullfont!
Missing character: There is no 偏 in font nullfont!
Missing character: There is no 振 in font nullfont!
Missing character: There is no 等 in font nullfont!
Missing character: There is no 自 in font nullfont!
Missing character: There is no 由 in font nullfont!
Missing character: There is no 度 in font nullfont!
Missing character: There is no 來 in font nullfont!
Missing character: There is no 調 in font nullfont!
Missing character: There is no 變 in font nullfont!
Missing character: There is no 訊 in font nullfont!
Missing character: There is no 號 in font nullfont!
Missing character: There is no 。 in font nullfont!
Missing character: There is no 然 in font nullfont!
Missing character: There is no 而 in font nullfont!
Missing character: There is no ， in font nullfont!
Missing character: There is no 隨 in font nullfont!
Missing character: There is no 著 in font nullfont!
Missing character: There is no 全 in font nullfont!
Missing character: There is no 球 in font nullfont!
Missing character: There is no 數 in font nullfont!
Missing character: There is no 據 in font nullfont!
Missing character: There is no 流 in font nullfont!
Missing character: There is no 量 in font nullfont!
Missing character: There is no 迎 in font nullfont!
Missing character: There is no 來 in font nullfont!
Missing character: There is no 爆 in font nullfont!
Missing character: There is no 炸 in font nullfont!
Missing character: There is no 性 in font nullfont!
Missing character: There is no 成 in font nullfont!
Missing character: There is no 長 in font nullfont!
Missing character: There is no ， in font nullfont!
Missing character: There is no 傳 in font nullfont!
Missing character: There is no 統 in font nullfont!
Missing character: There is no 自 in font nullfont!
Missing character: There is no 由 in font nullfont!
Missing character: There is no 度 in font nullfont!
Missing character: There is no 所 in font nullfont!
Missing character: There is no 組 in font nullfont!
Missing character: There is no 成 in font nullfont!
Missing character: There is no 的 in font nullfont!
Missing character: There is no 多 in font nullfont!
Missing character: There is no 工 in font nullfont!
Missing character: There is no 系 in font nullfont!
Missing character: There is no 統 in font nullfont!
Missing character: There is no 在 in font nullfont!
Missing character: There is no 容 in font nullfont!
Missing character: There is no 量 in font nullfont!
Missing character: There is no 提 in font nullfont!
Missing character: There is no 升 in font nullfont!
Missing character: There is no 上 in font nullfont!
Missing character: There is no ， in font nullfont!
Missing character: There is no 逐 in font nullfont!
Missing character: There is no 漸 in font nullfont!
Missing character: There is no 面 in font nullfont!
Missing character: There is no 臨 in font nullfont!
Missing character: There is no 頻 in font nullfont!
Missing character: There is no 譜 in font nullfont!
Missing character: There is no 效 in font nullfont!
Missing character: There is no 率 in font nullfont!
Missing character: There is no 、 in font nullfont!
Missing character: There is no 功 in font nullfont!
Missing character: There is no 耗 in font nullfont!
Missing character: There is no 與 in font nullfont!
Missing character: There is no 系 in font nullfont!
Missing character: There is no 統 in font nullfont!
Missing character: There is no 複 in font nullfont!
Missing character: There is no 雜 in font nullfont!
Missing character: There is no 度 in font nullfont!
Missing character: There is no 等 in font nullfont!
Missing character: There is no 實 in font nullfont!
Missing character: There is no 際 in font nullfont!
Missing character: There is no 工 in font nullfont!
Missing character: There is no 程 in font nullfont!
Missing character: There is no 限 in font nullfont!
Missing character: There is no 制 in font nullfont!
Missing character: There is no 。 in font nullfont!
Missing character: There is no 因 in font nullfont!
Missing character: There is no 此 in font nullfont!
Missing character: There is no ， in font nullfont!
Missing character: There is no 探 in font nullfont!
Missing character: There is no 索 in font nullfont!
Missing character: There is no 新 in font nullfont!
Missing character: There is no 型 in font nullfont!
Missing character: There is no 態 in font nullfont!
Missing character: There is no 的 in font nullfont!
Missing character: There is no 多 in font nullfont!
Missing character: There is no 維 in font nullfont!
Missing character: There is no 度 in font nullfont!
Missing character: There is no 光 in font nullfont!
Missing character: There is no 場 in font nullfont!
Missing character: There is no 調 in font nullfont!
Missing character: There is no 變 in font nullfont!
Missing character: There is no 技 in font nullfont!
Missing character: There is no 術 in font nullfont!
Missing character: There is no ， in font nullfont!
Missing character: There is no 成 in font nullfont!
Missing character: There is no 為 in font nullfont!
Missing character: There is no 下 in font nullfont!
Missing character: There is no 一 in font nullfont!
Missing character: There is no 代 in font nullfont!
Missing character: There is no 光 in font nullfont!
Missing character: There is no 通 in font nullfont!
Missing character: There is no 訊 in font nullfont!
Missing character: There is no 技 in font nullfont!
Missing character: There is no 術 in font nullfont!
Missing character: There is no 發 in font nullfont!
Missing character: There is no 展 in font nullfont!
Missing character: There is no 的 in font nullfont!
Missing character: There is no 重 in font nullfont!
Missing character: There is no 要 in font nullfont!
Missing character: There is no 方 in font nullfont!
Missing character: There is no 向 in font nullfont!
Missing character: There is no 。 in font nullfont!

Overfull \hbox (20.0pt too wide) in paragraph at lines 9--10
[] 
 []


! LaTeX Error: Missing \begin{document}.

See the LaTeX manual or LaTeX Companion for explanation.
Type  H <return>  for immediate help.
 ...                                              
                                                  
l.11 在
      這些新興的光場自由度中，軌道角動量 (Orbital Angular Momentum, OAM) 以其獨特的螺旋相位結構受到廣泛關注。攜帶...

You're in trouble here.  Try typing  <return>  to proceed.
If that doesn't work, type  X <return>  to quit.

Missing character: There is no 在 in font nullfont!
Missing character: There is no 這 in font nullfont!
Missing character: There is no 些 in font nullfont!
Missing character: There is no 新 in font nullfont!
Missing character: There is no 興 in font nullfont!
Missing character: There is no 的 in font nullfont!
Missing character: There is no 光 in font nullfont!
Missing character: There is no 場 in font nullfont!
Missing character: There is no 自 in font nullfont!
Missing character: There is no 由 in font nullfont!
Missing character: There is no 度 in font nullfont!
Missing character: There is no 中 in font nullfont!
Missing character: There is no ， in font nullfont!
Missing character: There is no 軌 in font nullfont!
Missing character: There is no 道 in font nullfont!
Missing character: There is no 角 in font nullfont!
Missing character: There is no 動 in font nullfont!
Missing character: There is no 量 in font nullfont!
Missing character: There is no ( in font nullfont!
Missing character: There is no O in font nullfont!
Missing character: There is no r in font nullfont!
Missing character: There is no b in font nullfont!
Missing character: There is no i in font nullfont!
Missing character: There is no t in font nullfont!
Missing character: There is no a in font nullfont!
Missing character: There is no l in font nullfont!
Missing character: There is no A in font nullfont!
Missing character: There is no n in font nullfont!
Missing character: There is no g in font nullfont!
Missing character: There is no u in font nullfont!
Missing character: There is no l in font nullfont!
Missing character: There is no a in font nullfont!
Missing character: There is no r in font nullfont!
Missing character: There is no M in font nullfont!
Missing character: There is no o in font nullfont!
Missing character: There is no m in font nullfont!
Missing character: There is no e in font nullfont!
Missing character: There is no n in font nullfont!
Missing character: There is no t in font nullfont!
Missing character: There is no u in font nullfont!
Missing character: There is no m in font nullfont!
Missing character: There is no , in font nullfont!
Missing character: There is no O in font nullfont!
Missing character: There is no A in font nullfont!
Missing character: There is no M in font nullfont!
Missing character: There is no ) in font nullfont!
Missing character: There is no 以 in font nullfont!
Missing character: There is no 其 in font nullfont!
Missing character: There is no 獨 in font nullfont!
Missing character: There is no 特 in font nullfont!
Missing character: There is no 的 in font nullfont!
Missing character: There is no 螺 in font nullfont!
Missing character: There is no 旋 in font nullfont!
Missing character: There is no 相 in font nullfont!
Missing character: There is no 位 in font nullfont!
Missing character: There is no 結 in font nullfont!
Missing character: There is no 構 in font nullfont!
Missing character: There is no 受 in font nullfont!
Missing character: There is no 到 in font nullfont!
Missing character: There is no 廣 in font nullfont!
Missing character: There is no 泛 in font nullfont!
Missing character: There is no 關 in font nullfont!
Missing character: There is no 注 in font nullfont!
Missing character: There is no 。 in font nullfont!
Missing character: There is no 攜 in font nullfont!
Missing character: There is no 帶 in font nullfont!
Missing character: There is no O in font nullfont!
Missing character: There is no A in font nullfont!
Missing character: There is no M in font nullfont!
Missing character: There is no 的 in font nullfont!
Missing character: There is no 光 in font nullfont!
Missing character: There is no 束 in font nullfont!
Missing character: There is no 相 in font nullfont!
Missing character: There is no 位 in font nullfont!
Missing character: There is no 會 in font nullfont!
Missing character: There is no 隨 in font nullfont!
Missing character: There is no 方 in font nullfont!
Missing character: There is no 位 in font nullfont!
Missing character: There is no 角 in font nullfont!
Missing character: There is no 改 in font nullfont!
Missing character: There is no 變 in font nullfont!
Missing character: There is no ( in font nullfont!
Missing character: There is no 方 in font nullfont!
Missing character: There is no 位 in font nullfont!
Missing character: There is no 角 in font nullfont!
Missing character: There is no 相 in font nullfont!
Missing character: There is no 位 in font nullfont!
Missing character: There is no 依 in font nullfont!
Missing character: There is no 賴 in font nullfont!
Missing character: There is no 性 in font nullfont!
Missing character: There is no ， in font nullfont!
Missing character: There is no 以 in font nullfont!
Missing character: There is no 拓 in font nullfont!
Missing character: There is no 樸 in font nullfont!
Missing character: There is no 電 in font nullfont!
Missing character: There is no 荷 in font nullfont!
LaTeX Font Info:    External font `cmex10' loaded for size
(Font)              <7> on input line 11.
LaTeX Font Info:    External font `cmex10' loaded for size
(Font)              <5> on input line 11.
Missing character: There is no 表 in font nullfont!
Missing character: There is no 示 in font nullfont!
Missing character: There is no ， in font nullfont!
Missing character: There is no 在 in font nullfont!
Missing character: There is no 理 in font nullfont!
Missing character: There is no 論 in font nullfont!
Missing character: There is no 上 in font nullfont!
Missing character: There is no 可 in font nullfont!
Missing character: There is no 取 in font nullfont!
Missing character: There is no 任 in font nullfont!
Missing character: There is no 意 in font nullfont!
Missing character: There is no 整 in font nullfont!
Missing character: There is no 數 in font nullfont!
Missing character: There is no 值 in font nullfont!
Missing character: There is no 。 in font nullfont!
Missing character: There is no 由 in font nullfont!
Missing character: There is no 於 in font nullfont!
Missing character: There is no 不 in font nullfont!
Missing character: There is no 同 in font nullfont!
Missing character: There is no 拓 in font nullfont!
Missing character: There is no 樸 in font nullfont!
Missing character: There is no 電 in font nullfont!
Missing character: There is no 荷 in font nullfont!
Missing character: There is no 的 in font nullfont!
Missing character: There is no O in font nullfont!
Missing character: There is no A in font nullfont!
Missing character: There is no M in font nullfont!
Missing character: There is no 模 in font nullfont!
Missing character: There is no 態 in font nullfont!
Missing character: There is no 之 in font nullfont!
Missing character: There is no 間 in font nullfont!
Missing character: There is no 彼 in font nullfont!
Missing character: There is no 此 in font nullfont!
Missing character: There is no 正 in font nullfont!
Missing character: There is no 交 in font nullfont!
Missing character: There is no ， in font nullfont!
Missing character: There is no 能 in font nullfont!
Missing character: There is no 夠 in font nullfont!
Missing character: There is no 提 in font nullfont!
Missing character: There is no 供 in font nullfont!
Missing character: There is no 空 in font nullfont!
Missing character: There is no 間 in font nullfont!
Missing character: There is no 複 in font nullfont!
Missing character: There is no 用 in font nullfont!
Missing character: There is no 額 in font nullfont!
Missing character: There is no 外 in font nullfont!
Missing character: There is no 的 in font nullfont!
Missing character: There is no 空 in font nullfont!
Missing character: There is no 間 in font nullfont!
Missing character: There is no 模 in font nullfont!
Missing character: There is no 態 in font nullfont!
Missing character: There is no 自 in font nullfont!
Missing character: There is no 由 in font nullfont!
Missing character: There is no 度 in font nullfont!
Missing character: There is no ， in font nullfont!
Missing character: There is no 在 in font nullfont!
Missing character: There is no 不 in font nullfont!
Missing character: There is no 額 in font nullfont!
Missing character: There is no 外 in font nullfont!
Missing character: There is no 佔 in font nullfont!
Missing character: There is no 用 in font nullfont!
Missing character: There is no 頻 in font nullfont!
Missing character: There is no 譜 in font nullfont!
Missing character: There is no 資 in font nullfont!
Missing character: There is no 源 in font nullfont!
Missing character: There is no 的 in font nullfont!
Missing character: There is no 前 in font nullfont!
Missing character: There is no 提 in font nullfont!
Missing character: There is no 下 in font nullfont!
Missing character: There is no 提 in font nullfont!
Missing character: There is no 升 in font nullfont!
Missing character: There is no 頻 in font nullfont!
Missing character: There is no 譜 in font nullfont!
Missing character: There is no 效 in font nullfont!
Missing character: There is no 率 in font nullfont!
Missing character: There is no 。 in font nullfont!

Overfull \hbox (20.0pt too wide) in paragraph at lines 11--12
[]
 []


Overfull \hbox (4.16669pt too wide) in paragraph at lines 11--12
\OML/cmm/m/it/10 `$
 []


! LaTeX Error: Missing \begin{document}.

See the LaTeX manual or LaTeX Companion for explanation.
Type  H <return>  for immediate help.
 ...                                              
                                                  
l.13 這
      種在自由空間光通訊與無線傳輸的 OAM 技術，已在諸多文獻中獲得廣泛驗證；其中 Willner 等人對 OAM 通訊技術進行的文獻回顧，更奠...

You're in trouble here.  Try typing  <return>  to proceed.
If that doesn't work, type  X <return>  to quit.

Missing character: There is no 這 in font nullfont!
Missing character: There is no 種 in font nullfont!
Missing character: There is no 在 in font nullfont!
Missing character: There is no 自 in font nullfont!
Missing character: There is no 由 in font nullfont!
Missing character: There is no 空 in font nullfont!
Missing character: There is no 間 in font nullfont!
Missing character: There is no 光 in font nullfont!
Missing character: There is no 通 in font nullfont!
Missing character: There is no 訊 in font nullfont!
Missing character: There is no 與 in font nullfont!
Missing character: There is no 無 in font nullfont!
Missing character: There is no 線 in font nullfont!
Missing character: There is no 傳 in font nullfont!
Missing character: There is no 輸 in font nullfont!
Missing character: There is no 的 in font nullfont!
Missing character: There is no O in font nullfont!
Missing character: There is no A in font nullfont!
Missing character: There is no M in font nullfont!
Missing character: There is no 技 in font nullfont!
Missing character: There is no 術 in font nullfont!
Missing character: There is no ， in font nullfont!
Missing character: There is no 已 in font nullfont!
Missing character: There is no 在 in font nullfont!
Missing character: There is no 諸 in font nullfont!
Missing character: There is no 多 in font nullfont!
Missing character: There is no 文 in font nullfont!
Missing character: There is no 獻 in font nullfont!
Missing character: There is no 中 in font nullfont!
Missing character: There is no 獲 in font nullfont!
Missing character: There is no 得 in font nullfont!
Missing character: There is no 廣 in font nullfont!
Missing character: There is no 泛 in font nullfont!
Missing character: There is no 驗 in font nullfont!
Missing character: There is no 證 in font nullfont!
Missing character: There is no ； in font nullfont!
Missing character: There is no 其 in font nullfont!
Missing character: There is no 中 in font nullfont!
Missing character: There is no W in font nullfont!
Missing character: There is no i in font nullfont!
Missing character: There is no l in font nullfont!
Missing character: There is no l in font nullfont!
Missing character: There is no n in font nullfont!
Missing character: There is no e in font nullfont!
Missing character: There is no r in font nullfont!
Missing character: There is no 等 in font nullfont!
Missing character: There is no 人 in font nullfont!
Missing character: There is no 對 in font nullfont!
Missing character: There is no O in font nullfont!
Missing character: There is no A in font nullfont!
Missing character: There is no M in font nullfont!
Missing character: There is no 通 in font nullfont!
Missing character: There is no 訊 in font nullfont!
Missing character: There is no 技 in font nullfont!
Missing character: There is no 術 in font nullfont!
Missing character: There is no 進 in font nullfont!
Missing character: There is no 行 in font nullfont!
Missing character: There is no 的 in font nullfont!
Missing character: There is no 文 in font nullfont!
Missing character: There is no 獻 in font nullfont!
Missing character: There is no 回 in font nullfont!
Missing character: There is no 顧 in font nullfont!
Missing character: There is no ， in font nullfont!
Missing character: There is no 更 in font nullfont!
Missing character: There is no 奠 in font nullfont!
Missing character: There is no 定 in font nullfont!
Missing character: There is no 了 in font nullfont!
Missing character: There is no O in font nullfont!
Missing character: There is no A in font nullfont!
Missing character: There is no M in font nullfont!
Missing character: There is no 在 in font nullfont!
Missing character: There is no 下 in font nullfont!
Missing character: There is no 一 in font nullfont!
Missing character: There is no 代 in font nullfont!
Missing character: There is no 高 in font nullfont!
Missing character: There is no 容 in font nullfont!
Missing character: There is no 量 in font nullfont!
Missing character: There is no 光 in font nullfont!
Missing character: There is no 學 in font nullfont!
Missing character: There is no 通 in font nullfont!
Missing character: There is no 訊 in font nullfont!
Missing character: There is no 中 in font nullfont!
Missing character: There is no 的 in font nullfont!
Missing character: There is no 關 in font nullfont!
Missing character: There is no 鍵 in font nullfont!
Missing character: There is no 地 in font nullfont!
Missing character: There is no 位 in font nullfont!
Missing character: There is no [ in font nullfont!
\citation{willner2015optical}
! Undefined control sequence.
<write> ...: Citation `\@citeb ' on page \thepage 
                                                  \space undefined\on@line .^^J
l.13 ...在下一代高容量光學通訊中的關鍵地位\cite{willner2015optical}
                                                  。除了經典光通訊外，OAM 光束在高維度量子資訊處理...
The control sequence at the end of the top line
of your error message was never \def'ed. If you have
misspelled it (e.g., `\hobx'), type `I' and the correct
spelling (e.g., `I\hbox'). Otherwise just continue,
and I'll forget about whatever was undefined.


LaTeX Warning: Citation `willner2015optical' on page  undefined on input line 1
3.

Missing character: There is no ] in font nullfont!
Missing character: There is no 。 in font nullfont!
Missing character: There is no 除 in font nullfont!
Missing character: There is no 了 in font nullfont!
Missing character: There is no 經 in font nullfont!
Missing character: There is no 典 in font nullfont!
Missing character: There is no 光 in font nullfont!
Missing character: There is no 通 in font nullfont!
Missing character: There is no 訊 in font nullfont!
Missing character: There is no 外 in font nullfont!
Missing character: There is no ， in font nullfont!
Missing character: There is no O in font nullfont!
Missing character: There is no A in font nullfont!
Missing character: There is no M in font nullfont!
Missing character: There is no 光 in font nullfont!
Missing character: There is no 束 in font nullfont!
Missing character: There is no 在 in font nullfont!
Missing character: There is no 高 in font nullfont!
Missing character: There is no 維 in font nullfont!
Missing character: There is no 度 in font nullfont!
Missing character: There is no 量 in font nullfont!
Missing character: There is no 子 in font nullfont!
Missing character: There is no 資 in font nullfont!
Missing character: There is no 訊 in font nullfont!
Missing character: There is no 處 in font nullfont!
Missing character: There is no 理 in font nullfont!
Missing character: There is no 等 in font nullfont!
Missing character: There is no 前 in font nullfont!
Missing character: There is no 沿 in font nullfont!
Missing character: There is no 光 in font nullfont!
Missing character: There is no 子 in font nullfont!
Missing character: There is no 學 in font nullfont!
Missing character: There is no 領 in font nullfont!
Missing character: There is no 域 in font nullfont!
Missing character: There is no 中 in font nullfont!
Missing character: There is no ， in font nullfont!
Missing character: There is no 亦 in font nullfont!
Missing character: There is no 展 in font nullfont!
Missing character: There is no 現 in font nullfont!
Missing character: There is no 出 in font nullfont!
Missing character: There is no 極 in font nullfont!
Missing character: There is no 高 in font nullfont!
Missing character: There is no 的 in font nullfont!
Missing character: There is no 應 in font nullfont!
Missing character: There is no 用 in font nullfont!
Missing character: There is no 價 in font nullfont!
Missing character: There is no 值 in font nullfont!
Missing character: There is no 。 in font nullfont!

Overfull \hbox (20.0pt too wide) in paragraph at lines 13--14
[]
 []


Overfull \hbox (5.43pt too wide) in paragraph at lines 13--14
[]
 []

! Undefined control sequence.
l.15 \subsection
                {Need for Chip-scale OAM Emitters}
The control sequence at the end of the top line
of your error message was never \def'ed. If you have
misspelled it (e.g., `\hobx'), type `I' and the correct
spelling (e.g., `I\hbox'). Otherwise just continue,
and I'll forget about whatever was undefined.


! LaTeX Error: Missing \begin{document}.

See the LaTeX manual or LaTeX Companion for explanation.
Type  H <return>  for immediate help.
 ...                                              
                                                  
l.15 \subsection{N
                  eed for Chip-scale OAM Emitters}
You're in trouble here.  Try typing  <return>  to proceed.
If that doesn't work, type  X <return>  to quit.

Missing character: There is no N in font nullfont!
Missing character: There is no e in font nullfont!
Missing character: There is no e in font nullfont!
Missing character: There is no d in font nullfont!
Missing character: There is no f in font nullfont!
Missing character: There is no o in font nullfont!
Missing character: There is no r in font nullfont!
Missing character: There is no C in font nullfont!
Missing character: There is no h in font nullfont!
Missing character: There is no i in font nullfont!
Missing character: There is no p in font nullfont!
Missing character: There is no - in font nullfont!
Missing character: There is no s in font nullfont!
Missing character: There is no c in font nullfont!
Missing character: There is no a in font nullfont!
Missing character: There is no l in font nullfont!
Missing character: There is no e in font nullfont!
Missing character: There is no O in font nullfont!
Missing character: There is no A in font nullfont!
Missing character: There is no M in font nullfont!
Missing character: There is no E in font nullfont!
Missing character: There is no m in font nullfont!
Missing character: There is no i in font nullfont!
Missing character: There is no t in font nullfont!
Missing character: There is no t in font nullfont!
Missing character: There is no e in font nullfont!
Missing character: There is no r in font nullfont!
Missing character: There is no s in font nullfont!

Overfull \hbox (20.0pt too wide) in paragraph at lines 15--16
[]
 []


! LaTeX Error: Missing \begin{document}.

See the LaTeX manual or LaTeX Companion for explanation.
Type  H <return>  for immediate help.
 ...                                              
                                                  
l.17 儘
      管 OAM 光束的生成技術已相當多元，包括螺旋相位片、空間光調製器及電腦生成全息圖等，但此類方法多依賴體積龐大且難以微縮的自由空間光學元件。...

You're in trouble here.  Try typing  <return>  to proceed.
If that doesn't work, type  X <return>  to quit.

Missing character: There is no 儘 in font nullfont!
Missing character: There is no 管 in font nullfont!
Missing character: There is no O in font nullfont!
Missing character: There is no A in font nullfont!
Missing character: There is no M in font nullfont!
Missing character: There is no 光 in font nullfont!
Missing character: There is no 束 in font nullfont!
Missing character: There is no 的 in font nullfont!
Missing character: There is no 生 in font nullfont!
Missing character: There is no 成 in font nullfont!
Missing character: There is no 技 in font nullfont!
Missing character: There is no 術 in font nullfont!
Missing character: There is no 已 in font nullfont!
Missing character: There is no 相 in font nullfont!
Missing character: There is no 當 in font nullfont!
Missing character: There is no 多 in font nullfont!
Missing character: There is no 元 in font nullfont!
Missing character: There is no ， in font nullfont!
Missing character: There is no 包 in font nullfont!
Missing character: There is no 括 in font nullfont!
Missing character: There is no 螺 in font nullfont!
Missing character: There is no 旋 in font nullfont!
Missing character: There is no 相 in font nullfont!
Missing character: There is no 位 in font nullfont!
Missing character: There is no 片 in font nullfont!
Missing character: There is no 、 in font nullfont!
Missing character: There is no 空 in font nullfont!
Missing character: There is no 間 in font nullfont!
Missing character: There is no 光 in font nullfont!
Missing character: There is no 調 in font nullfont!
Missing character: There is no 製 in font nullfont!
Missing character: There is no 器 in font nullfont!
Missing character: There is no 及 in font nullfont!
Missing character: There is no 電 in font nullfont!
Missing character: There is no 腦 in font nullfont!
Missing character: There is no 生 in font nullfont!
Missing character: There is no 成 in font nullfont!
Missing character: There is no 全 in font nullfont!
Missing character: There is no 息 in font nullfont!
Missing character: There is no 圖 in font nullfont!
Missing character: There is no 等 in font nullfont!
Missing character: There is no ， in font nullfont!
Missing character: There is no 但 in font nullfont!
Missing character: There is no 此 in font nullfont!
Missing character: There is no 類 in font nullfont!
Missing character: There is no 方 in font nullfont!
Missing character: There is no 法 in font nullfont!
Missing character: There is no 多 in font nullfont!
Missing character: There is no 依 in font nullfont!
Missing character: There is no 賴 in font nullfont!
Missing character: There is no 體 in font nullfont!
Missing character: There is no 積 in font nullfont!
Missing character: There is no 龐 in font nullfont!
Missing character: There is no 大 in font nullfont!
Missing character: There is no 且 in font nullfont!
Missing character: There is no 難 in font nullfont!
Missing character: There is no 以 in font nullfont!
Missing character: There is no 微 in font nullfont!
Missing character: There is no 縮 in font nullfont!
Missing character: There is no 的 in font nullfont!
Missing character: There is no 自 in font nullfont!
Missing character: There is no 由 in font nullfont!
Missing character: There is no 空 in font nullfont!
Missing character: There is no 間 in font nullfont!
Missing character: There is no 光 in font nullfont!
Missing character: There is no 學 in font nullfont!
Missing character: There is no 元 in font nullfont!
Missing character: There is no 件 in font nullfont!
Missing character: There is no 。 in font nullfont!
Missing character: There is no 這 in font nullfont!
Missing character: There is no 不 in font nullfont!
Missing character: There is no 僅 in font nullfont!
Missing character: There is no 使 in font nullfont!
Missing character: There is no 主 in font nullfont!
Missing character: There is no 動 in font nullfont!
Missing character: There is no 式 in font nullfont!
Missing character: There is no 元 in font nullfont!
Missing character: There is no 件 in font nullfont!
Missing character: There is no 的 in font nullfont!
Missing character: There is no 響 in font nullfont!
Missing character: There is no 應 in font nullfont!
Missing character: There is no 速 in font nullfont!
Missing character: There is no 度 in font nullfont!
Missing character: There is no 受 in font nullfont!
Missing character: There is no 限 in font nullfont!
Missing character: There is no ， in font nullfont!
Missing character: There is no 更 in font nullfont!
Missing character: There is no 難 in font nullfont!
Missing character: There is no 以 in font nullfont!
Missing character: There is no 整 in font nullfont!
Missing character: There is no 合 in font nullfont!
Missing character: There is no 緊 in font nullfont!
Missing character: There is no 湊 in font nullfont!
Missing character: There is no 型 in font nullfont!
Missing character: There is no 光 in font nullfont!
Missing character: There is no 子 in font nullfont!
Missing character: There is no 積 in font nullfont!
Missing character: There is no 體 in font nullfont!
Missing character: There is no 電 in font nullfont!
Missing character: There is no 路 in font nullfont!
Missing character: There is no 及 in font nullfont!
Missing character: There is no 晶 in font nullfont!
Missing character: There is no 片 in font nullfont!
Missing character: There is no 上 in font nullfont!
Missing character: There is no 光 in font nullfont!
Missing character: There is no 源 in font nullfont!
Missing character: There is no 。 in font nullfont!

Overfull \hbox (20.0pt too wide) in paragraph at lines 17--18
[]
 []


! LaTeX Error: Missing \begin{document}.

See the LaTeX manual or LaTeX Companion for explanation.
Type  H <return>  for immediate help.
 ...                                              
                                                  
l.19 超
      穎表面的出現為晶片級光場調控提供了突破性的解決方案。透過次波長奈米結構陣列對入射光的振幅、相位及偏振進行精確的局部調控，超穎表面得以在數百奈...

You're in trouble here.  Try typing  <return>  to proceed.
If that doesn't work, type  X <return>  to quit.

Missing character: There is no 超 in font nullfont!
Missing character: There is no 穎 in font nullfont!
Missing character: There is no 表 in font nullfont!
Missing character: There is no 面 in font nullfont!
Missing character: There is no 的 in font nullfont!
Missing character: There is no 出 in font nullfont!
Missing character: There is no 現 in font nullfont!
Missing character: There is no 為 in font nullfont!
Missing character: There is no 晶 in font nullfont!
Missing character: There is no 片 in font nullfont!
Missing character: There is no 級 in font nullfont!
Missing character: There is no 光 in font nullfont!
Missing character: There is no 場 in font nullfont!
Missing character: There is no 調 in font nullfont!
Missing character: There is no 控 in font nullfont!
Missing character: There is no 提 in font nullfont!
Missing character: There is no 供 in font nullfont!
Missing character: There is no 了 in font nullfont!
Missing character: There is no 突 in font nullfont!
Missing character: There is no 破 in font nullfont!
Missing character: There is no 性 in font nullfont!
Missing character: There is no 的 in font nullfont!
Missing character: There is no 解 in font nullfont!
Missing character: There is no 決 in font nullfont!
Missing character: There is no 方 in font nullfont!
Missing character: There is no 案 in font nullfont!
Missing character: There is no 。 in font nullfont!
Missing character: There is no 透 in font nullfont!
Missing character: There is no 過 in font nullfont!
Missing character: There is no 次 in font nullfont!
Missing character: There is no 波 in font nullfont!
Missing character: There is no 長 in font nullfont!
Missing character: There is no 奈 in font nullfont!
Missing character: There is no 米 in font nullfont!
Missing character: There is no 結 in font nullfont!
Missing character: There is no 構 in font nullfont!
Missing character: There is no 陣 in font nullfont!
Missing character: There is no 列 in font nullfont!
Missing character: There is no 對 in font nullfont!
Missing character: There is no 入 in font nullfont!
Missing character: There is no 射 in font nullfont!
Missing character: There is no 光 in font nullfont!
Missing character: There is no 的 in font nullfont!
Missing character: There is no 振 in font nullfont!
Missing character: There is no 幅 in font nullfont!
Missing character: There is no 、 in font nullfont!
Missing character: There is no 相 in font nullfont!
Missing character: There is no 位 in font nullfont!
Missing character: There is no 及 in font nullfont!
Missing character: There is no 偏 in font nullfont!
Missing character: There is no 振 in font nullfont!
Missing character: There is no 進 in font nullfont!
Missing character: There is no 行 in font nullfont!
Missing character: There is no 精 in font nullfont!
Missing character: There is no 確 in font nullfont!
Missing character: There is no 的 in font nullfont!
Missing character: There is no 局 in font nullfont!
Missing character: There is no 部 in font nullfont!
Missing character: There is no 調 in font nullfont!
Missing character: There is no 控 in font nullfont!
Missing character: There is no ， in font nullfont!
Missing character: There is no 超 in font nullfont!
Missing character: There is no 穎 in font nullfont!
Missing character: There is no 表 in font nullfont!
Missing character: There is no 面 in font nullfont!
Missing character: There is no 得 in font nullfont!
Missing character: There is no 以 in font nullfont!
Missing character: There is no 在 in font nullfont!
Missing character: There is no 數 in font nullfont!
Missing character: There is no 百 in font nullfont!
Missing character: There is no 奈 in font nullfont!
Missing character: There is no 米 in font nullfont!
Missing character: There is no 厚 in font nullfont!
Missing character: There is no 度 in font nullfont!
Missing character: There is no 的 in font nullfont!
Missing character: There is no 二 in font nullfont!
Missing character: There is no 維 in font nullfont!
Missing character: There is no 介 in font nullfont!
Missing character: There is no 面 in font nullfont!
Missing character: There is no 上 in font nullfont!
Missing character: There is no 實 in font nullfont!
Missing character: There is no 現 in font nullfont!
Missing character: There is no 傳 in font nullfont!
Missing character: There is no 統 in font nullfont!
Missing character: There is no 巨 in font nullfont!
Missing character: There is no 觀 in font nullfont!
Missing character: There is no 光 in font nullfont!
Missing character: There is no 學 in font nullfont!
Missing character: There is no 元 in font nullfont!
Missing character: There is no 件 in font nullfont!
Missing character: There is no 的 in font nullfont!
Missing character: There is no 功 in font nullfont!
Missing character: There is no 能 in font nullfont!
Missing character: There is no 。 in font nullfont!
Missing character: There is no 其 in font nullfont!
Missing character: There is no 中 in font nullfont!
Missing character: There is no ， in font nullfont!
Missing character: There is no 幾 in font nullfont!
Missing character: There is no 何 in font nullfont!
Missing character: There is no 相 in font nullfont!
Missing character: There is no 位 in font nullfont!
Missing character: There is no 超 in font nullfont!
Missing character: There is no 穎 in font nullfont!
Missing character: There is no 表 in font nullfont!
Missing character: There is no 面 in font nullfont!
Missing character: There is no 因 in font nullfont!
Missing character: There is no 其 in font nullfont!
Missing character: There is no 簡 in font nullfont!
Missing character: There is no 單 in font nullfont!
Missing character: There is no 的 in font nullfont!
Missing character: There is no 相 in font nullfont!
Missing character: There is no 位 in font nullfont!
Missing character: There is no 編 in font nullfont!
Missing character: There is no 碼 in font nullfont!
Missing character: There is no 機 in font nullfont!
Missing character: There is no 制 in font nullfont!
Missing character: There is no 與 in font nullfont!
Missing character: There is no 良 in font nullfont!
Missing character: There is no 好 in font nullfont!
Missing character: There is no 的 in font nullfont!
Missing character: There is no 製 in font nullfont!
Missing character: There is no 程 in font nullfont!
Missing character: There is no 容 in font nullfont!
Missing character: There is no 忍 in font nullfont!
Missing character: There is no 度 in font nullfont!
Missing character: There is no ， in font nullfont!
Missing character: There is no 成 in font nullfont!
Missing character: There is no 為 in font nullfont!
Missing character: There is no 生 in font nullfont!
Missing character: There is no 成 in font nullfont!
Missing character: There is no O in font nullfont!
Missing character: There is no A in font nullfont!
Missing character: There is no M in font nullfont!
Missing character: There is no 光 in font nullfont!
Missing character: There is no 束 in font nullfont!
Missing character: There is no 最 in font nullfont!
Missing character: There is no 廣 in font nullfont!
Missing character: There is no 泛 in font nullfont!
Missing character: There is no 採 in font nullfont!
Missing character: There is no 用 in font nullfont!
Missing character: There is no 的 in font nullfont!
Missing character: There is no 晶 in font nullfont!
Missing character: There is no 片 in font nullfont!
Missing character: There is no 級 in font nullfont!
Missing character: There is no 路 in font nullfont!
Missing character: There is no 徑 in font nullfont!
Missing character: There is no 之 in font nullfont!
Missing character: There is no 一 in font nullfont!
Missing character: There is no 。 in font nullfont!

Overfull \hbox (20.0pt too wide) in paragraph at lines 19--20
[]
 []


! LaTeX Error: Missing \begin{document}.

See the LaTeX manual or LaTeX Companion for explanation.
Type  H <return>  for immediate help.
 ...                                              
                                                  
l.21 然
      而，超穎表面本質上屬於被動波前轉換器，必須依賴外部光源入射，無法主動產生具備手性的光場。因此，如何引入具備天然發光能力的主動材料，並將其與奈...

You're in trouble here.  Try typing  <return>  to proceed.
If that doesn't work, type  X <return>  to quit.

Missing character: There is no 然 in font nullfont!
Missing character: There is no 而 in font nullfont!
Missing character: There is no ， in font nullfont!
Missing character: There is no 超 in font nullfont!
Missing character: There is no 穎 in font nullfont!
Missing character: There is no 表 in font nullfont!
Missing character: There is no 面 in font nullfont!
Missing character: There is no 本 in font nullfont!
Missing character: There is no 質 in font nullfont!
Missing character: There is no 上 in font nullfont!
Missing character: There is no 屬 in font nullfont!
Missing character: There is no 於 in font nullfont!
Missing character: There is no 被 in font nullfont!
Missing character: There is no 動 in font nullfont!
Missing character: There is no 波 in font nullfont!
Missing character: There is no 前 in font nullfont!
Missing character: There is no 轉 in font nullfont!
Missing character: There is no 換 in font nullfont!
Missing character: There is no 器 in font nullfont!
Missing character: There is no ， in font nullfont!
Missing character: There is no 必 in font nullfont!
Missing character: There is no 須 in font nullfont!
Missing character: There is no 依 in font nullfont!
Missing character: There is no 賴 in font nullfont!
Missing character: There is no 外 in font nullfont!
Missing character: There is no 部 in font nullfont!
Missing character: There is no 光 in font nullfont!
Missing character: There is no 源 in font nullfont!
Missing character: There is no 入 in font nullfont!
Missing character: There is no 射 in font nullfont!
Missing character: There is no ， in font nullfont!
Missing character: There is no 無 in font nullfont!
Missing character: There is no 法 in font nullfont!
Missing character: There is no 主 in font nullfont!
Missing character: There is no 動 in font nullfont!
Missing character: There is no 產 in font nullfont!
Missing character: There is no 生 in font nullfont!
Missing character: There is no 具 in font nullfont!
Missing character: There is no 備 in font nullfont!
Missing character: There is no 手 in font nullfont!
Missing character: There is no 性 in font nullfont!
Missing character: There is no 的 in font nullfont!
Missing character: There is no 光 in font nullfont!
Missing character: There is no 場 in font nullfont!
Missing character: There is no 。 in font nullfont!
Missing character: There is no 因 in font nullfont!
Missing character: There is no 此 in font nullfont!
Missing character: There is no ， in font nullfont!
Missing character: There is no 如 in font nullfont!
Missing character: There is no 何 in font nullfont!
Missing character: There is no 引 in font nullfont!
Missing character: There is no 入 in font nullfont!
Missing character: There is no 具 in font nullfont!
Missing character: There is no 備 in font nullfont!
Missing character: There is no 天 in font nullfont!
Missing character: There is no 然 in font nullfont!
Missing character: There is no 發 in font nullfont!
Missing character: There is no 光 in font nullfont!
Missing character: There is no 能 in font nullfont!
Missing character: There is no 力 in font nullfont!
Missing character: There is no 的 in font nullfont!
Missing character: There is no 主 in font nullfont!
Missing character: There is no 動 in font nullfont!
Missing character: There is no 材 in font nullfont!
Missing character: There is no 料 in font nullfont!
Missing character: There is no ， in font nullfont!
Missing character: There is no 並 in font nullfont!
Missing character: There is no 將 in font nullfont!
Missing character: There is no 其 in font nullfont!
Missing character: There is no 與 in font nullfont!
Missing character: There is no 奈 in font nullfont!
Missing character: There is no 米 in font nullfont!
Missing character: There is no 結 in font nullfont!
Missing character: There is no 構 in font nullfont!
Missing character: There is no 進 in font nullfont!
Missing character: There is no 行 in font nullfont!
Missing character: There is no 晶 in font nullfont!
Missing character: There is no 片 in font nullfont!
Missing character: There is no 級 in font nullfont!
Missing character: There is no 的 in font nullfont!
Missing character: There is no 混 in font nullfont!
Missing character: There is no 合 in font nullfont!
Missing character: There is no 式 in font nullfont!
Missing character: There is no 整 in font nullfont!
Missing character: There is no 合 in font nullfont!
Missing character: There is no ， in font nullfont!
Missing character: There is no 成 in font nullfont!
Missing character: There is no 為 in font nullfont!
Missing character: There is no 實 in font nullfont!
Missing character: There is no 現 in font nullfont!
Missing character: There is no 晶 in font nullfont!
Missing character: There is no 片 in font nullfont!
Missing character: There is no 上 in font nullfont!
Missing character: There is no 主 in font nullfont!
Missing character: There is no 動 in font nullfont!
Missing character: There is no 式 in font nullfont!
Missing character: There is no 手 in font nullfont!
Missing character: There is no 性 in font nullfont!
Missing character: There is no 光 in font nullfont!
Missing character: There is no 源 in font nullfont!
Missing character: There is no 的 in font nullfont!
Missing character: There is no 關 in font nullfont!
Missing character: There is no 鍵 in font nullfont!
Missing character: There is no 挑 in font nullfont!
Missing character: There is no 戰 in font nullfont!
Missing character: There is no 。 in font nullfont!

Overfull \hbox (20.0pt too wide) in paragraph at lines 21--22
[] 
 []

! Undefined control sequence.
l.23 \subsection
                {Active Chiral Light Sources}
The control sequence at the end of the top line
of your error message was never \def'ed. If you have
misspelled it (e.g., `\hobx'), type `I' and the correct
spelling (e.g., `I\hbox'). Otherwise just continue,
and I'll forget about whatever was undefined.


! LaTeX Error: Missing \begin{document}.

See the LaTeX manual or LaTeX Companion for explanation.
Type  H <return>  for immediate help.
 ...                                              
                                                  
l.23 \subsection{A
                  ctive Chiral Light Sources}
You're in trouble here.  Try typing  <return>  to proceed.
If that doesn't work, type  X <return>  to quit.

Missing character: There is no A in font nullfont!
Missing character: There is no c in font nullfont!
Missing character: There is no t in font nullfont!
Missing character: There is no i in font nullfont!
Missing character: There is no v in font nullfont!
Missing character: There is no e in font nullfont!
Missing character: There is no C in font nullfont!
Missing character: There is no h in font nullfont!
Missing character: There is no i in font nullfont!
Missing character: There is no r in font nullfont!
Missing character: There is no a in font nullfont!
Missing character: There is no l in font nullfont!
Missing character: There is no L in font nullfont!
Missing character: There is no i in font nullfont!
Missing character: There is no g in font nullfont!
Missing character: There is no h in font nullfont!
Missing character: There is no t in font nullfont!
Missing character: There is no S in font nullfont!
Missing character: There is no o in font nullfont!
Missing character: There is no u in font nullfont!
Missing character: There is no r in font nullfont!
Missing character: There is no c in font nullfont!
Missing character: There is no e in font nullfont!
Missing character: There is no s in font nullfont!

Overfull \hbox (20.0pt too wide) in paragraph at lines 23--24
[]
 []


! LaTeX Error: Missing \begin{document}.

See the LaTeX manual or LaTeX Companion for explanation.
Type  H <return>  for immediate help.
 ...                                              
                                                  
l.25 若
      要實現主動式的晶片光源，必須引入具備天然手性發光能力的主動材料。單層二維過渡金屬硫屬化物 (Transition Metal Dichalc...

You're in trouble here.  Try typing  <return>  to proceed.
If that doesn't work, type  X <return>  to quit.

Missing character: There is no 若 in font nullfont!
Missing character: There is no 要 in font nullfont!
Missing character: There is no 實 in font nullfont!
Missing character: There is no 現 in font nullfont!
Missing character: There is no 主 in font nullfont!
Missing character: There is no 動 in font nullfont!
Missing character: There is no 式 in font nullfont!
Missing character: There is no 的 in font nullfont!
Missing character: There is no 晶 in font nullfont!
Missing character: There is no 片 in font nullfont!
Missing character: There is no 光 in font nullfont!
Missing character: There is no 源 in font nullfont!
Missing character: There is no ， in font nullfont!
Missing character: There is no 必 in font nullfont!
Missing character: There is no 須 in font nullfont!
Missing character: There is no 引 in font nullfont!
Missing character: There is no 入 in font nullfont!
Missing character: There is no 具 in font nullfont!
Missing character: There is no 備 in font nullfont!
Missing character: There is no 天 in font nullfont!
Missing character: There is no 然 in font nullfont!
Missing character: There is no 手 in font nullfont!
Missing character: There is no 性 in font nullfont!
Missing character: There is no 發 in font nullfont!
Missing character: There is no 光 in font nullfont!
Missing character: There is no 能 in font nullfont!
Missing character: There is no 力 in font nullfont!
Missing character: There is no 的 in font nullfont!
Missing character: There is no 主 in font nullfont!
Missing character: There is no 動 in font nullfont!
Missing character: There is no 材 in font nullfont!
Missing character: There is no 料 in font nullfont!
Missing character: There is no 。 in font nullfont!
Missing character: There is no 單 in font nullfont!
Missing character: There is no 層 in font nullfont!
Missing character: There is no 二 in font nullfont!
Missing character: There is no 維 in font nullfont!
Missing character: There is no 過 in font nullfont!
Missing character: There is no 渡 in font nullfont!
Missing character: There is no 金 in font nullfont!
Missing character: There is no 屬 in font nullfont!
Missing character: There is no 硫 in font nullfont!
Missing character: There is no 屬 in font nullfont!
Missing character: There is no 化 in font nullfont!
Missing character: There is no 物 in font nullfont!
Missing character: There is no ( in font nullfont!
Missing character: There is no T in font nullfont!
Missing character: There is no r in font nullfont!
Missing character: There is no a in font nullfont!
Missing character: There is no n in font nullfont!
Missing character: There is no s in font nullfont!
Missing character: There is no i in font nullfont!
Missing character: There is no t in font nullfont!
Missing character: There is no i in font nullfont!
Missing character: There is no o in font nullfont!
Missing character: There is no n in font nullfont!
Missing character: There is no M in font nullfont!
Missing character: There is no e in font nullfont!
Missing character: There is no t in font nullfont!
Missing character: There is no a in font nullfont!
Missing character: There is no l in font nullfont!
Missing character: There is no D in font nullfont!
Missing character: There is no i in font nullfont!
Missing character: There is no c in font nullfont!
Missing character: There is no h in font nullfont!
Missing character: There is no a in font nullfont!
Missing character: There is no l in font nullfont!
Missing character: There is no c in font nullfont!
Missing character: There is no o in font nullfont!
Missing character: There is no g in font nullfont!
Missing character: There is no e in font nullfont!
Missing character: There is no n in font nullfont!
Missing character: There is no i in font nullfont!
Missing character: There is no d in font nullfont!
Missing character: There is no e in font nullfont!
Missing character: There is no s in font nullfont!
Missing character: There is no , in font nullfont!
Missing character: There is no T in font nullfont!
Missing character: There is no M in font nullfont!
Missing character: There is no D in font nullfont!
Missing character: There is no s in font nullfont!
Missing character: There is no ， in font nullfont!
Missing character: There is no 如 in font nullfont!
Missing character: There is no M in font nullfont!
Missing character: There is no o in font nullfont!
Missing character: There is no S in font nullfont!
Missing character: There is no 、 in font nullfont!
Missing character: There is no W in font nullfont!
Missing character: There is no S in font nullfont!
Missing character: There is no 等 in font nullfont!
Missing character: There is no ) in font nullfont!
Missing character: There is no 是 in font nullfont!
Missing character: There is no 一 in font nullfont!
Missing character: There is no 類 in font nullfont!
Missing character: There is no 具 in font nullfont!
Missing character: There is no 備 in font nullfont!
Missing character: There is no 直 in font nullfont!
Missing character: There is no 接 in font nullfont!
Missing character: There is no 能 in font nullfont!
Missing character: There is no 隙 in font nullfont!
Missing character: There is no 的 in font nullfont!
Missing character: There is no 二 in font nullfont!
Missing character: There is no 維 in font nullfont!
Missing character: There is no 半 in font nullfont!
Missing character: There is no 導 in font nullfont!
Missing character: There is no 體 in font nullfont!
Missing character: There is no 。 in font nullfont!
Missing character: There is no 由 in font nullfont!
Missing character: There is no 於 in font nullfont!
Missing character: There is no 其 in font nullfont!
Missing character: There is no 獨 in font nullfont!
Missing character: There is no 特 in font nullfont!
Missing character: There is no 的 in font nullfont!
Missing character: There is no 晶 in font nullfont!
Missing character: There is no 體 in font nullfont!
Missing character: There is no 結 in font nullfont!
Missing character: There is no 構 in font nullfont!
Missing character: There is no ， in font nullfont!
Missing character: There is no 這 in font nullfont!
Missing character: There is no 類 in font nullfont!
Missing character: There is no 材 in font nullfont!
Missing character: There is no 料 in font nullfont!
Missing character: There is no 展 in font nullfont!
Missing character: There is no 現 in font nullfont!
Missing character: There is no 出 in font nullfont!
Missing character: There is no 特 in font nullfont!
Missing character: There is no 殊 in font nullfont!
Missing character: There is no 的 in font nullfont!
Missing character: There is no 谷 in font nullfont!
Missing character: There is no 光 in font nullfont!
Missing character: There is no 學 in font nullfont!
Missing character: There is no 特 in font nullfont!
Missing character: There is no 性 in font nullfont!
Missing character: There is no ， in font nullfont!
Missing character: There is no 在 in font nullfont!
Missing character: There is no 內 in font nullfont!
Missing character: There is no 部 in font nullfont!
Missing character: There is no 電 in font nullfont!
Missing character: There is no 子 in font nullfont!
Missing character: There is no 狀 in font nullfont!
Missing character: There is no 態 in font nullfont!
Missing character: There is no 與 in font nullfont!
Missing character: There is no 發 in font nullfont!
Missing character: There is no 光 in font nullfont!
Missing character: There is no 偏 in font nullfont!
Missing character: There is no 振 in font nullfont!
Missing character: There is no 態 in font nullfont!
Missing character: There is no 之 in font nullfont!
Missing character: There is no 間 in font nullfont!
Missing character: There is no 建 in font nullfont!
Missing character: There is no 立 in font nullfont!
Missing character: There is no 了 in font nullfont!
Missing character: There is no 直 in font nullfont!
Missing character: There is no 接 in font nullfont!
Missing character: There is no 聯 in font nullfont!
Missing character: There is no 繫 in font nullfont!
Missing character: There is no 。 in font nullfont!
Missing character: There is no 這 in font nullfont!
Missing character: There is no 種 in font nullfont!
Missing character: There is no 特 in font nullfont!
Missing character: There is no 性 in font nullfont!
Missing character: There is no 使 in font nullfont!
Missing character: There is no 單 in font nullfont!
Missing character: There is no 層 in font nullfont!
Missing character: There is no T in font nullfont!
Missing character: There is no M in font nullfont!
Missing character: There is no D in font nullfont!
Missing character: There is no s in font nullfont!
Missing character: There is no 能 in font nullfont!
Missing character: There is no 在 in font nullfont!
Missing character: There is no 特 in font nullfont!
Missing character: There is no 定 in font nullfont!
Missing character: There is no 光 in font nullfont!
Missing character: There is no 激 in font nullfont!
Missing character: There is no 發 in font nullfont!
Missing character: There is no 或 in font nullfont!
Missing character: There is no 電 in font nullfont!
Missing character: There is no 注 in font nullfont!
Missing character: There is no 入 in font nullfont!
Missing character: There is no 下 in font nullfont!
Missing character: There is no ， in font nullfont!
Missing character: There is no 產 in font nullfont!
Missing character: There is no 生 in font nullfont!
Missing character: There is no 具 in font nullfont!
Missing character: There is no 備 in font nullfont!
Missing character: There is no 特 in font nullfont!
Missing character: There is no 定 in font nullfont!
Missing character: There is no 旋 in font nullfont!
Missing character: There is no 向 in font nullfont!
Missing character: There is no 的 in font nullfont!
Missing character: There is no 圓 in font nullfont!
Missing character: There is no 偏 in font nullfont!
Missing character: There is no 振 in font nullfont!
Missing character: There is no 光 in font nullfont!
Missing character: There is no ， in font nullfont!
Missing character: There is no 為 in font nullfont!
Missing character: There is no 新 in font nullfont!
Missing character: There is no 型 in font nullfont!
Missing character: There is no 光 in font nullfont!
Missing character: There is no 電 in font nullfont!
Missing character: There is no 元 in font nullfont!
Missing character: There is no 件 in font nullfont!
Missing character: There is no 的 in font nullfont!
Missing character: There is no 開 in font nullfont!
Missing character: There is no 發 in font nullfont!
Missing character: There is no 提 in font nullfont!
Missing character: There is no 供 in font nullfont!
Missing character: There is no 了 in font nullfont!
Missing character: There is no 天 in font nullfont!
Missing character: There is no 然 in font nullfont!
Missing character: There is no 平 in font nullfont!
Missing character: There is no 台 in font nullfont!
Missing character: There is no ， in font nullfont!
Missing character: There is no 因 in font nullfont!
Missing character: There is no 而 in font nullfont!
Missing character: There is no 成 in font nullfont!
Missing character: There is no 為 in font nullfont!
Missing character: There is no 近 in font nullfont!
Missing character: There is no 年 in font nullfont!
Missing character: There is no 發 in font nullfont!
Missing character: There is no 展 in font nullfont!
Missing character: There is no 固 in font nullfont!
Missing character: There is no 態 in font nullfont!
Missing character: There is no 手 in font nullfont!
Missing character: There is no 性 in font nullfont!
Missing character: There is no 光 in font nullfont!
Missing character: There is no 源 in font nullfont!
Missing character: There is no 的 in font nullfont!
Missing character: There is no 研 in font nullfont!
Missing character: There is no 究 in font nullfont!
Missing character: There is no 熱 in font nullfont!
Missing character: There is no 點 in font nullfont!
Missing character: There is no 。 in font nullfont!

Overfull \hbox (20.0pt too wide) in paragraph at lines 25--26
[]
 []


Overfull \hbox (8.97226pt too wide) in paragraph at lines 25--26
[]$$[]$
 []

! Undefined control sequence.
l.27 \subsection
                {Toward Active Valley-controlled OAM Sources}
The control sequence at the end of the top line
of your error message was never \def'ed. If you have
misspelled it (e.g., `\hobx'), type `I' and the correct
spelling (e.g., `I\hbox'). Otherwise just continue,
and I'll forget about whatever was undefined.


! LaTeX Error: Missing \begin{document}.

See the LaTeX manual or LaTeX Companion for explanation.
Type  H <return>  for immediate help.
 ...                                              
                                                  
l.27 \subsection{T
                  oward Active Valley-controlled OAM Sources}
You're in trouble here.  Try typing  <return>  to proceed.
If that doesn't work, type  X <return>  to quit.

Missing character: There is no T in font nullfont!
Missing character: There is no o in font nullfont!
Missing character: There is no w in font nullfont!
Missing character: There is no a in font nullfont!
Missing character: There is no r in font nullfont!
Missing character: There is no d in font nullfont!
Missing character: There is no A in font nullfont!
Missing character: There is no c in font nullfont!
Missing character: There is no t in font nullfont!
Missing character: There is no i in font nullfont!
Missing character: There is no v in font nullfont!
Missing character: There is no e in font nullfont!
Missing character: There is no V in font nullfont!
Missing character: There is no a in font nullfont!
Missing character: There is no l in font nullfont!
Missing character: There is no l in font nullfont!
Missing character: There is no e in font nullfont!
Missing character: There is no y in font nullfont!
Missing character: There is no - in font nullfont!
Missing character: There is no c in font nullfont!
Missing character: There is no o in font nullfont!
Missing character: There is no n in font nullfont!
Missing character: There is no t in font nullfont!
Missing character: There is no r in font nullfont!
Missing character: There is no o in font nullfont!
Missing character: There is no l in font nullfont!
Missing character: There is no l in font nullfont!
Missing character: There is no e in font nullfont!
Missing character: There is no d in font nullfont!
Missing character: There is no O in font nullfont!
Missing character: There is no A in font nullfont!
Missing character: There is no M in font nullfont!
Missing character: There is no S in font nullfont!
Missing character: There is no o in font nullfont!
Missing character: There is no u in font nullfont!
Missing character: There is no r in font nullfont!
Missing character: There is no c in font nullfont!
Missing character: There is no e in font nullfont!
Missing character: There is no s in font nullfont!

Overfull \hbox (20.0pt too wide) in paragraph at lines 27--28
[]
 []


! LaTeX Error: Missing \begin{document}.

See the LaTeX manual or LaTeX Companion for explanation.
Type  H <return>  for immediate help.
 ...                                              
                                                  
l.29 將
      單層 TMDs 的谷極化主動發光與緊湊型整合的超穎表面相結合，為晶片級自旋角動量 (Spin Angular Momentum, SAM) ...

You're in trouble here.  Try typing  <return>  to proceed.
If that doesn't work, type  X <return>  to quit.

Missing character: There is no 將 in font nullfont!
Missing character: There is no 單 in font nullfont!
Missing character: There is no 層 in font nullfont!
Missing character: There is no T in font nullfont!
Missing character: There is no M in font nullfont!
Missing character: There is no D in font nullfont!
Missing character: There is no s in font nullfont!
Missing character: There is no 的 in font nullfont!
Missing character: There is no 谷 in font nullfont!
Missing character: There is no 極 in font nullfont!
Missing character: There is no 化 in font nullfont!
Missing character: There is no 主 in font nullfont!
Missing character: There is no 動 in font nullfont!
Missing character: There is no 發 in font nullfont!
Missing character: There is no 光 in font nullfont!
Missing character: There is no 與 in font nullfont!
Missing character: There is no 緊 in font nullfont!
Missing character: There is no 湊 in font nullfont!
Missing character: There is no 型 in font nullfont!
Missing character: There is no 整 in font nullfont!
Missing character: There is no 合 in font nullfont!
Missing character: There is no 的 in font nullfont!
Missing character: There is no 超 in font nullfont!
Missing character: There is no 穎 in font nullfont!
Missing character: There is no 表 in font nullfont!
Missing character: There is no 面 in font nullfont!
Missing character: There is no 相 in font nullfont!
Missing character: There is no 結 in font nullfont!
Missing character: There is no 合 in font nullfont!
Missing character: There is no ， in font nullfont!
Missing character: There is no 為 in font nullfont!
Missing character: There is no 晶 in font nullfont!
Missing character: There is no 片 in font nullfont!
Missing character: There is no 級 in font nullfont!
Missing character: There is no 自 in font nullfont!
Missing character: There is no 旋 in font nullfont!
Missing character: There is no 角 in font nullfont!
Missing character: There is no 動 in font nullfont!
Missing character: There is no 量 in font nullfont!
Missing character: There is no ( in font nullfont!
Missing character: There is no S in font nullfont!
Missing character: There is no p in font nullfont!
Missing character: There is no i in font nullfont!
Missing character: There is no n in font nullfont!
Missing character: There is no A in font nullfont!
Missing character: There is no n in font nullfont!
Missing character: There is no g in font nullfont!
Missing character: There is no u in font nullfont!
Missing character: There is no l in font nullfont!
Missing character: There is no a in font nullfont!
Missing character: There is no r in font nullfont!
Missing character: There is no M in font nullfont!
Missing character: There is no o in font nullfont!
Missing character: There is no m in font nullfont!
Missing character: There is no e in font nullfont!
Missing character: There is no n in font nullfont!
Missing character: There is no t in font nullfont!
Missing character: There is no u in font nullfont!
Missing character: There is no m in font nullfont!
Missing character: There is no , in font nullfont!
Missing character: There is no S in font nullfont!
Missing character: There is no A in font nullfont!
Missing character: There is no M in font nullfont!
Missing character: There is no ) in font nullfont!
Missing character: There is no 至 in font nullfont!
Missing character: There is no O in font nullfont!
Missing character: There is no A in font nullfont!
Missing character: There is no M in font nullfont!
Missing character: There is no 的 in font nullfont!
Missing character: There is no 轉 in font nullfont!
Missing character: There is no 換 in font nullfont!
Missing character: There is no 提 in font nullfont!
Missing character: There is no 供 in font nullfont!
Missing character: There is no 了 in font nullfont!
Missing character: There is no 完 in font nullfont!
Missing character: There is no 整 in font nullfont!
Missing character: There is no 的 in font nullfont!
Missing character: There is no 物 in font nullfont!
Missing character: There is no 理 in font nullfont!
Missing character: There is no 連 in font nullfont!
Missing character: There is no 接 in font nullfont!
Missing character: There is no 。 in font nullfont!
Missing character: There is no 理 in font nullfont!
Missing character: There is no 想 in font nullfont!
Missing character: There is no 情 in font nullfont!
Missing character: There is no 況 in font nullfont!
Missing character: There is no 下 in font nullfont!
Missing character: There is no ， in font nullfont!
Missing character: There is no 單 in font nullfont!
Missing character: There is no 層 in font nullfont!
Missing character: There is no T in font nullfont!
Missing character: There is no M in font nullfont!
Missing character: There is no D in font nullfont!
Missing character: There is no s in font nullfont!
Missing character: There is no 的 in font nullfont!
Missing character: There is no 谷 in font nullfont!
Missing character: There is no 極 in font nullfont!
Missing character: There is no 化 in font nullfont!
Missing character: There is no 發 in font nullfont!
Missing character: There is no 光 in font nullfont!
Missing character: There is no 攜 in font nullfont!
Missing character: There is no 帶 in font nullfont!
Missing character: There is no 特 in font nullfont!
Missing character: There is no 定 in font nullfont!
Missing character: There is no 的 in font nullfont!
Missing character: There is no S in font nullfont!
Missing character: There is no A in font nullfont!
Missing character: There is no M in font nullfont!
Missing character: There is no ， in font nullfont!
Missing character: There is no 隨 in font nullfont!
Missing character: There is no 後 in font nullfont!
Missing character: There is no 透 in font nullfont!
Missing character: There is no 過 in font nullfont!
Missing character: There is no 緊 in font nullfont!
Missing character: There is no 湊 in font nullfont!
Missing character: There is no 型 in font nullfont!
Missing character: There is no 整 in font nullfont!
Missing character: There is no 合 in font nullfont!
Missing character: There is no 的 in font nullfont!
Missing character: There is no 超 in font nullfont!
Missing character: There is no 穎 in font nullfont!
Missing character: There is no 表 in font nullfont!
Missing character: There is no 面 in font nullfont!
Missing character: There is no 進 in font nullfont!
Missing character: There is no 行 in font nullfont!
Missing character: There is no 幾 in font nullfont!
Missing character: There is no 何 in font nullfont!
Missing character: There is no 相 in font nullfont!
Missing character: There is no 位 in font nullfont!
Missing character: There is no 調 in font nullfont!
Missing character: There is no 控 in font nullfont!
Missing character: There is no ， in font nullfont!
Missing character: There is no 即 in font nullfont!
Missing character: There is no 可 in font nullfont!
Missing character: There is no 將 in font nullfont!
Missing character: There is no 其 in font nullfont!
Missing character: There is no 轉 in font nullfont!
Missing character: There is no 化 in font nullfont!
Missing character: There is no 為 in font nullfont!
Missing character: There is no 特 in font nullfont!
Missing character: There is no 定 in font nullfont!
Missing character: There is no 的 in font nullfont!
Missing character: There is no O in font nullfont!
Missing character: There is no A in font nullfont!
Missing character: There is no M in font nullfont!
Missing character: There is no 模 in font nullfont!
Missing character: There is no 態 in font nullfont!
Missing character: There is no 。 in font nullfont!

Overfull \hbox (20.0pt too wide) in paragraph at lines 29--30
[]
 []


! LaTeX Error: Missing \begin{document}.

See the LaTeX manual or LaTeX Companion for explanation.
Type  H <return>  for immediate help.
 ...                                              
                                                  
l.31 這
      種主動材料與被動奈米結構的混合式整合架構，不僅繼承了二維材料獨特的谷電子學自由度，亦發揮了超穎表面在亞波長尺度下極致的波前操縱能力，是實現高...

You're in trouble here.  Try typing  <return>  to proceed.
If that doesn't work, type  X <return>  to quit.

Missing character: There is no 這 in font nullfont!
Missing character: There is no 種 in font nullfont!
Missing character: There is no 主 in font nullfont!
Missing character: There is no 動 in font nullfont!
Missing character: There is no 材 in font nullfont!
Missing character: There is no 料 in font nullfont!
Missing character: There is no 與 in font nullfont!
Missing character: There is no 被 in font nullfont!
Missing character: There is no 動 in font nullfont!
Missing character: There is no 奈 in font nullfont!
Missing character: There is no 米 in font nullfont!
Missing character: There is no 結 in font nullfont!
Missing character: There is no 構 in font nullfont!
Missing character: There is no 的 in font nullfont!
Missing character: There is no 混 in font nullfont!
Missing character: There is no 合 in font nullfont!
Missing character: There is no 式 in font nullfont!
Missing character: There is no 整 in font nullfont!
Missing character: There is no 合 in font nullfont!
Missing character: There is no 架 in font nullfont!
Missing character: There is no 構 in font nullfont!
Missing character: There is no ， in font nullfont!
Missing character: There is no 不 in font nullfont!
Missing character: There is no 僅 in font nullfont!
Missing character: There is no 繼 in font nullfont!
Missing character: There is no 承 in font nullfont!
Missing character: There is no 了 in font nullfont!
Missing character: There is no 二 in font nullfont!
Missing character: There is no 維 in font nullfont!
Missing character: There is no 材 in font nullfont!
Missing character: There is no 料 in font nullfont!
Missing character: There is no 獨 in font nullfont!
Missing character: There is no 特 in font nullfont!
Missing character: There is no 的 in font nullfont!
Missing character: There is no 谷 in font nullfont!
Missing character: There is no 電 in font nullfont!
Missing character: There is no 子 in font nullfont!
Missing character: There is no 學 in font nullfont!
Missing character: There is no 自 in font nullfont!
Missing character: There is no 由 in font nullfont!
Missing character: There is no 度 in font nullfont!
Missing character: There is no ， in font nullfont!
Missing character: There is no 亦 in font nullfont!
Missing character: There is no 發 in font nullfont!
Missing character: There is no 揮 in font nullfont!
Missing character: There is no 了 in font nullfont!
Missing character: There is no 超 in font nullfont!
Missing character: There is no 穎 in font nullfont!
Missing character: There is no 表 in font nullfont!
Missing character: There is no 面 in font nullfont!
Missing character: There is no 在 in font nullfont!
Missing character: There is no 亞 in font nullfont!
Missing character: There is no 波 in font nullfont!
Missing character: There is no 長 in font nullfont!
Missing character: There is no 尺 in font nullfont!
Missing character: There is no 度 in font nullfont!
Missing character: There is no 下 in font nullfont!
Missing character: There is no 極 in font nullfont!
Missing character: There is no 致 in font nullfont!
Missing character: There is no 的 in font nullfont!
Missing character: There is no 波 in font nullfont!
Missing character: There is no 前 in font nullfont!
Missing character: There is no 操 in font nullfont!
Missing character: There is no 縱 in font nullfont!
Missing character: There is no 能 in font nullfont!
Missing character: There is no 力 in font nullfont!
Missing character: There is no ， in font nullfont!
Missing character: There is no 是 in font nullfont!
Missing character: There is no 實 in font nullfont!
Missing character: There is no 現 in font nullfont!
Missing character: There is no 高 in font nullfont!
Missing character: There is no 整 in font nullfont!
Missing character: There is no 合 in font nullfont!
Missing character: There is no 度 in font nullfont!
Missing character: There is no 、 in font nullfont!
Missing character: There is no 主 in font nullfont!
Missing character: There is no 動 in font nullfont!
Missing character: There is no 可 in font nullfont!
Missing character: There is no 調 in font nullfont!
Missing character: There is no 控 in font nullfont!
Missing character: There is no 晶 in font nullfont!
Missing character: There is no 片 in font nullfont!
Missing character: There is no 級 in font nullfont!
Missing character: There is no O in font nullfont!
Missing character: There is no A in font nullfont!
Missing character: There is no M in font nullfont!
Missing character: There is no 發 in font nullfont!
Missing character: There is no 射 in font nullfont!
Missing character: There is no 器 in font nullfont!
Missing character: There is no 的 in font nullfont!
Missing character: There is no 理 in font nullfont!
Missing character: There is no 想 in font nullfont!
Missing character: There is no 演 in font nullfont!
Missing character: There is no 進 in font nullfont!
Missing character: There is no 方 in font nullfont!
Missing character: There is no 向 in font nullfont!
Missing character: There is no 。 in font nullfont!

Overfull \hbox (20.0pt too wide) in paragraph at lines 31--32
[]
 []

! Undefined control sequence.
l.33 \section
             {Motivation}
The control sequence at the end of the top line
of your error message was never \def'ed. If you have
misspelled it (e.g., `\hobx'), type `I' and the correct
spelling (e.g., `I\hbox'). Otherwise just continue,
and I'll forget about whatever was undefined.


! LaTeX Error: Missing \begin{document}.

See the LaTeX manual or LaTeX Companion for explanation.
Type  H <return>  for immediate help.
 ...                                              
                                                  
l.33 \section{M
               otivation}
You're in trouble here.  Try typing  <return>  to proceed.
If that doesn't work, type  X <return>  to quit.

Missing character: There is no M in font nullfont!
Missing character: There is no o in font nullfont!
Missing character: There is no t in font nullfont!
Missing character: There is no i in font nullfont!
Missing character: There is no v in font nullfont!
Missing character: There is no a in font nullfont!
Missing character: There is no t in font nullfont!
Missing character: There is no i in font nullfont!
Missing character: There is no o in font nullfont!
Missing character: There is no n in font nullfont!

Overfull \hbox (20.0pt too wide) in paragraph at lines 33--34
[] 
 []


! LaTeX Error: Missing \begin{document}.

See the LaTeX manual or LaTeX Companion for explanation.
Type  H <return>  for immediate help.
 ...                                              
                                                  
l.35 儘
      管前述各小節已揭示 OAM 光束的應用潛力與單層 TMDs 的具備的自旋–谷鎖定特性與手性發光機制，在晶片級實現上，至今仍面臨發光效率、訊號...

You're in trouble here.  Try typing  <return>  to proceed.
If that doesn't work, type  X <return>  to quit.

Missing character: There is no 儘 in font nullfont!
Missing character: There is no 管 in font nullfont!
Missing character: There is no 前 in font nullfont!
Missing character: There is no 述 in font nullfont!
Missing character: There is no 各 in font nullfont!
Missing character: There is no 小 in font nullfont!
Missing character: There is no 節 in font nullfont!
Missing character: There is no 已 in font nullfont!
Missing character: There is no 揭 in font nullfont!
Missing character: There is no 示 in font nullfont!
Missing character: There is no O in font nullfont!
Missing character: There is no A in font nullfont!
Missing character: There is no M in font nullfont!
Missing character: There is no 光 in font nullfont!
Missing character: There is no 束 in font nullfont!
Missing character: There is no 的 in font nullfont!
Missing character: There is no 應 in font nullfont!
Missing character: There is no 用 in font nullfont!
Missing character: There is no 潛 in font nullfont!
Missing character: There is no 力 in font nullfont!
Missing character: There is no 與 in font nullfont!
Missing character: There is no 單 in font nullfont!
Missing character: There is no 層 in font nullfont!
Missing character: There is no T in font nullfont!
Missing character: There is no M in font nullfont!
Missing character: There is no D in font nullfont!
Missing character: There is no s in font nullfont!
Missing character: There is no 的 in font nullfont!
Missing character: There is no 具 in font nullfont!
Missing character: There is no 備 in font nullfont!
Missing character: There is no 的 in font nullfont!
Missing character: There is no 自 in font nullfont!
Missing character: There is no 旋 in font nullfont!
Missing character: There is no – in font nullfont!
Missing character: There is no 谷 in font nullfont!
Missing character: There is no 鎖 in font nullfont!
Missing character: There is no 定 in font nullfont!
Missing character: There is no 特 in font nullfont!
Missing character: There is no 性 in font nullfont!
Missing character: There is no 與 in font nullfont!
Missing character: There is no 手 in font nullfont!
Missing character: There is no 性 in font nullfont!
Missing character: There is no 發 in font nullfont!
Missing character: There is no 光 in font nullfont!
Missing character: There is no 機 in font nullfont!
Missing character: There is no 制 in font nullfont!
Missing character: There is no ， in font nullfont!
Missing character: There is no 在 in font nullfont!
Missing character: There is no 晶 in font nullfont!
Missing character: There is no 片 in font nullfont!
Missing character: There is no 級 in font nullfont!
Missing character: There is no 實 in font nullfont!
Missing character: There is no 現 in font nullfont!
Missing character: There is no 上 in font nullfont!
Missing character: There is no ， in font nullfont!
Missing character: There is no 至 in font nullfont!
Missing character: There is no 今 in font nullfont!
Missing character: There is no 仍 in font nullfont!
Missing character: There is no 面 in font nullfont!
Missing character: There is no 臨 in font nullfont!
Missing character: There is no 發 in font nullfont!
Missing character: There is no 光 in font nullfont!
Missing character: There is no 效 in font nullfont!
Missing character: There is no 率 in font nullfont!
Missing character: There is no 、 in font nullfont!
Missing character: There is no 訊 in font nullfont!
Missing character: There is no 號 in font nullfont!
Missing character: There is no 串 in font nullfont!
Missing character: There is no 擾 in font nullfont!
Missing character: There is no 、 in font nullfont!
Missing character: There is no 元 in font nullfont!
Missing character: There is no 件 in font nullfont!
Missing character: There is no 整 in font nullfont!
Missing character: There is no 合 in font nullfont!
Missing character: There is no 以 in font nullfont!
Missing character: There is no 及 in font nullfont!
Missing character: There is no 波 in font nullfont!
Missing character: There is no 前 in font nullfont!
Missing character: There is no 控 in font nullfont!
Missing character: There is no 制 in font nullfont!
Missing character: There is no 能 in font nullfont!
Missing character: There is no 力 in font nullfont!
Missing character: There is no 等 in font nullfont!
Missing character: There is no 多 in font nullfont!
Missing character: There is no 重 in font nullfont!
Missing character: There is no 挑 in font nullfont!
Missing character: There is no 戰 in font nullfont!
Missing character: There is no 。 in font nullfont!

Overfull \hbox (20.0pt too wide) in paragraph at lines 35--36
[]
 []

! Undefined control sequence.
l.37 \subsection
                {Limitation of Existing TMD-OAM Platforms}
The control sequence at the end of the top line
of your error message was never \def'ed. If you have
misspelled it (e.g., `\hobx'), type `I' and the correct
spelling (e.g., `I\hbox'). Otherwise just continue,
and I'll forget about whatever was undefined.


! LaTeX Error: Missing \begin{document}.

See the LaTeX manual or LaTeX Companion for explanation.
Type  H <return>  for immediate help.
 ...                                              
                                                  
l.37 \subsection{L
                  imitation of Existing TMD-OAM Platforms}
You're in trouble here.  Try typing  <return>  to proceed.
If that doesn't work, type  X <return>  to quit.

Missing character: There is no L in font nullfont!
Missing character: There is no i in font nullfont!
Missing character: There is no m in font nullfont!
Missing character: There is no i in font nullfont!
Missing character: There is no t in font nullfont!
Missing character: There is no a in font nullfont!
Missing character: There is no t in font nullfont!
Missing character: There is no i in font nullfont!
Missing character: There is no o in font nullfont!
Missing character: There is no n in font nullfont!
Missing character: There is no o in font nullfont!
Missing character: There is no f in font nullfont!
Missing character: There is no E in font nullfont!
Missing character: There is no x in font nullfont!
Missing character: There is no i in font nullfont!
Missing character: There is no s in font nullfont!
Missing character: There is no t in font nullfont!
Missing character: There is no i in font nullfont!
Missing character: There is no n in font nullfont!
Missing character: There is no g in font nullfont!
Missing character: There is no T in font nullfont!
Missing character: There is no M in font nullfont!
Missing character: There is no D in font nullfont!
Missing character: There is no - in font nullfont!
Missing character: There is no O in font nullfont!
Missing character: There is no A in font nullfont!
Missing character: There is no M in font nullfont!
Missing character: There is no P in font nullfont!
Missing character: There is no l in font nullfont!
Missing character: There is no a in font nullfont!
Missing character: There is no t in font nullfont!
Missing character: There is no f in font nullfont!
Missing character: There is no o in font nullfont!
Missing character: There is no r in font nullfont!
Missing character: There is no m in font nullfont!
Missing character: There is no s in font nullfont!

Overfull \hbox (20.0pt too wide) in paragraph at lines 37--38
[]
 []


! LaTeX Error: Missing \begin{document}.

See the LaTeX manual or LaTeX Companion for explanation.
Type  H <return>  for immediate help.
 ...                                              
                                                  
l.39 就
      元件整合而言，傳統上產生或調變 OAM 光束多依賴空間光調變器 (SLMs) 或叉形全息光柵等毫米級元件。這些巨觀元件體積龐大且需要複雜的實...

You're in trouble here.  Try typing  <return>  to proceed.
If that doesn't work, type  X <return>  to quit.

Missing character: There is no 就 in font nullfont!
Missing character: There is no 元 in font nullfont!
Missing character: There is no 件 in font nullfont!
Missing character: There is no 整 in font nullfont!
Missing character: There is no 合 in font nullfont!
Missing character: There is no 而 in font nullfont!
Missing character: There is no 言 in font nullfont!
Missing character: There is no ， in font nullfont!
Missing character: There is no 傳 in font nullfont!
Missing character: There is no 統 in font nullfont!
Missing character: There is no 上 in font nullfont!
Missing character: There is no 產 in font nullfont!
Missing character: There is no 生 in font nullfont!
Missing character: There is no 或 in font nullfont!
Missing character: There is no 調 in font nullfont!
Missing character: There is no 變 in font nullfont!
Missing character: There is no O in font nullfont!
Missing character: There is no A in font nullfont!
Missing character: There is no M in font nullfont!
Missing character: There is no 光 in font nullfont!
Missing character: There is no 束 in font nullfont!
Missing character: There is no 多 in font nullfont!
Missing character: There is no 依 in font nullfont!
Missing character: There is no 賴 in font nullfont!
Missing character: There is no 空 in font nullfont!
Missing character: There is no 間 in font nullfont!
Missing character: There is no 光 in font nullfont!
Missing character: There is no 調 in font nullfont!
Missing character: There is no 變 in font nullfont!
Missing character: There is no 器 in font nullfont!
Missing character: There is no ( in font nullfont!
Missing character: There is no S in font nullfont!
Missing character: There is no L in font nullfont!
Missing character: There is no M in font nullfont!
Missing character: There is no s in font nullfont!
Missing character: There is no ) in font nullfont!
Missing character: There is no 或 in font nullfont!
Missing character: There is no 叉 in font nullfont!
Missing character: There is no 形 in font nullfont!
Missing character: There is no 全 in font nullfont!
Missing character: There is no 息 in font nullfont!
Missing character: There is no 光 in font nullfont!
Missing character: There is no 柵 in font nullfont!
Missing character: There is no 等 in font nullfont!
Missing character: There is no 毫 in font nullfont!
Missing character: There is no 米 in font nullfont!
Missing character: There is no 級 in font nullfont!
Missing character: There is no 元 in font nullfont!
Missing character: There is no 件 in font nullfont!
Missing character: There is no 。 in font nullfont!
Missing character: There is no 這 in font nullfont!
Missing character: There is no 些 in font nullfont!
Missing character: There is no 巨 in font nullfont!
Missing character: There is no 觀 in font nullfont!
Missing character: There is no 元 in font nullfont!
Missing character: There is no 件 in font nullfont!
Missing character: There is no 體 in font nullfont!
Missing character: There is no 積 in font nullfont!
Missing character: There is no 龐 in font nullfont!
Missing character: There is no 大 in font nullfont!
Missing character: There is no 且 in font nullfont!
Missing character: There is no 需 in font nullfont!
Missing character: There is no 要 in font nullfont!
Missing character: There is no 複 in font nullfont!
Missing character: There is no 雜 in font nullfont!
Missing character: There is no 的 in font nullfont!
Missing character: There is no 實 in font nullfont!
Missing character: There is no 驗 in font nullfont!
Missing character: There is no 光 in font nullfont!
Missing character: There is no 路 in font nullfont!
Missing character: There is no 對 in font nullfont!
Missing character: There is no 準 in font nullfont!
Missing character: There is no ， in font nullfont!
Missing character: There is no 難 in font nullfont!
Missing character: There is no 以 in font nullfont!
Missing character: There is no 滿 in font nullfont!
Missing character: There is no 足 in font nullfont!
Missing character: There is no 下 in font nullfont!
Missing character: There is no 一 in font nullfont!
Missing character: There is no 代 in font nullfont!
Missing character: There is no 光 in font nullfont!
Missing character: There is no 電 in font nullfont!
Missing character: There is no 晶 in font nullfont!
Missing character: There is no 片 in font nullfont!
Missing character: There is no 對 in font nullfont!
Missing character: There is no 於 in font nullfont!
Missing character: There is no 積 in font nullfont!
Missing character: There is no 體 in font nullfont!
Missing character: There is no 化 in font nullfont!
Missing character: There is no 的 in font nullfont!
Missing character: There is no 迫 in font nullfont!
Missing character: There is no 切 in font nullfont!
Missing character: There is no 需 in font nullfont!
Missing character: There is no 求 in font nullfont!
Missing character: There is no 。 in font nullfont!
Missing character: There is no 若 in font nullfont!
Missing character: There is no 將 in font nullfont!
Missing character: There is no T in font nullfont!
Missing character: There is no M in font nullfont!
Missing character: There is no D in font nullfont!
Missing character: There is no s in font nullfont!
Missing character: There is no 與 in font nullfont!
Missing character: There is no 超 in font nullfont!
Missing character: There is no 薄 in font nullfont!
Missing character: There is no 金 in font nullfont!
Missing character: There is no 屬 in font nullfont!
Missing character: There is no 電 in font nullfont!
Missing character: There is no 漿 in font nullfont!
Missing character: There is no 子 in font nullfont!
Missing character: There is no 超 in font nullfont!
Missing character: There is no 穎 in font nullfont!
Missing character: There is no 表 in font nullfont!
Missing character: There is no 面 in font nullfont!
Missing character: There is no 結 in font nullfont!
Missing character: There is no 合 in font nullfont!
Missing character: There is no 以 in font nullfont!
Missing character: There is no 縮 in font nullfont!
Missing character: There is no 減 in font nullfont!
Missing character: There is no 體 in font nullfont!
Missing character: There is no 積 in font nullfont!
Missing character: There is no ， in font nullfont!
Missing character: There is no 雖 in font nullfont!
Missing character: There is no 然 in font nullfont!
Missing character: There is no 能 in font nullfont!
Missing character: There is no 將 in font nullfont!
Missing character: There is no 厚 in font nullfont!
Missing character: There is no 度 in font nullfont!
Missing character: There is no 壓 in font nullfont!
Missing character: There is no 縮 in font nullfont!
Missing character: There is no 至 in font nullfont!
Missing character: There is no 次 in font nullfont!
Missing character: There is no 波 in font nullfont!
Missing character: There is no 長 in font nullfont!
Missing character: There is no 尺 in font nullfont!
Missing character: There is no 度 in font nullfont!
Missing character: There is no ， in font nullfont!
Missing character: There is no 但 in font nullfont!
Missing character: There is no 金 in font nullfont!
Missing character: There is no 屬 in font nullfont!
Missing character: There is no 的 in font nullfont!
Missing character: There is no 高 in font nullfont!
Missing character: There is no 歐 in font nullfont!
Missing character: There is no 姆 in font nullfont!
Missing character: There is no 損 in font nullfont!
Missing character: There is no 耗 in font nullfont!
Missing character: There is no 嚴 in font nullfont!
Missing character: There is no 重 in font nullfont!
Missing character: There is no 限 in font nullfont!
Missing character: There is no 制 in font nullfont!
Missing character: There is no 能 in font nullfont!
Missing character: There is no 量 in font nullfont!
Missing character: There is no 轉 in font nullfont!
Missing character: There is no 換 in font nullfont!
Missing character: There is no 效 in font nullfont!
Missing character: There is no 率 in font nullfont!
Missing character: There is no ， in font nullfont!
Missing character: There is no 使 in font nullfont!
Missing character: There is no 得 in font nullfont!
Missing character: There is no 僅 in font nullfont!
Missing character: There is no 靠 in font nullfont!
Missing character: There is no 元 in font nullfont!
Missing character: There is no 件 in font nullfont!
Missing character: There is no 結 in font nullfont!
Missing character: There is no 構 in font nullfont!
Missing character: There is no 的 in font nullfont!
Missing character: There is no 縮 in font nullfont!
Missing character: There is no 減 in font nullfont!
Missing character: There is no 仍 in font nullfont!
Missing character: There is no 難 in font nullfont!
Missing character: There is no 以 in font nullfont!
Missing character: There is no 突 in font nullfont!
Missing character: There is no 破 in font nullfont!
Missing character: There is no 效 in font nullfont!
Missing character: There is no 能 in font nullfont!
Missing character: There is no 瓶 in font nullfont!
Missing character: There is no 頸 in font nullfont!
Missing character: There is no 。 in font nullfont!
Missing character: There is no 究 in font nullfont!
Missing character: There is no 其 in font nullfont!
Missing character: There is no 原 in font nullfont!
Missing character: There is no 因 in font nullfont!
Missing character: There is no ， in font nullfont!
Missing character: There is no 除 in font nullfont!
Missing character: There is no 了 in font nullfont!
Missing character: There is no 結 in font nullfont!
Missing character: There is no 構 in font nullfont!
Missing character: There is no 損 in font nullfont!
Missing character: There is no 耗 in font nullfont!
Missing character: There is no ， in font nullfont!
Missing character: There is no 更 in font nullfont!
Missing character: There is no 深 in font nullfont!
Missing character: There is no 層 in font nullfont!
Missing character: There is no 的 in font nullfont!
Missing character: There is no 內 in font nullfont!
Missing character: There is no 在 in font nullfont!
Missing character: There is no 物 in font nullfont!
Missing character: There is no 理 in font nullfont!
Missing character: There is no 限 in font nullfont!
Missing character: There is no 制 in font nullfont!
Missing character: There is no 在 in font nullfont!
Missing character: There is no 於 in font nullfont!
Missing character: There is no 單 in font nullfont!
Missing character: There is no 層 in font nullfont!
Missing character: There is no T in font nullfont!
Missing character: There is no M in font nullfont!
Missing character: There is no D in font nullfont!
Missing character: There is no s in font nullfont!
Missing character: There is no 的 in font nullfont!
Missing character: There is no 激 in font nullfont!
Missing character: There is no 子 in font nullfont!
Missing character: There is no 發 in font nullfont!
Missing character: There is no 光 in font nullfont!
Missing character: There is no 極 in font nullfont!
Missing character: There is no 易 in font nullfont!
Missing character: There is no 受 in font nullfont!
Missing character: There is no 到 in font nullfont!
Missing character: There is no 內 in font nullfont!
Missing character: There is no 部 in font nullfont!
Missing character: There is no 谷 in font nullfont!
Missing character: There is no 間 in font nullfont!
Missing character: There is no 散 in font nullfont!
Missing character: There is no 射 in font nullfont!
Missing character: There is no 與 in font nullfont!
Missing character: There is no 去 in font nullfont!
Missing character: There is no 極 in font nullfont!
Missing character: There is no 化 in font nullfont!
Missing character: There is no 機 in font nullfont!
Missing character: There is no 制 in font nullfont!
Missing character: There is no 的 in font nullfont!
Missing character: There is no 影 in font nullfont!
Missing character: There is no 響 in font nullfont!
Missing character: There is no ， in font nullfont!
Missing character: There is no 導 in font nullfont!
Missing character: There is no 致 in font nullfont!
Missing character: There is no 有 in font nullfont!
Missing character: There is no 限 in font nullfont!
Missing character: There is no 的 in font nullfont!
Missing character: There is no 谷 in font nullfont!
Missing character: There is no 極 in font nullfont!
Missing character: There is no 化 in font nullfont!
Missing character: There is no 純 in font nullfont!
Missing character: There is no 度 in font nullfont!
Missing character: There is no 。 in font nullfont!
Missing character: There is no 這 in font nullfont!
Missing character: There is no 種 in font nullfont!
Missing character: There is no 本 in font nullfont!
Missing character: There is no 質 in font nullfont!
Missing character: There is no 上 in font nullfont!
Missing character: There is no 的 in font nullfont!
Missing character: There is no 去 in font nullfont!
Missing character: There is no 極 in font nullfont!
Missing character: There is no 化 in font nullfont!
Missing character: There is no 發 in font nullfont!
Missing character: There is no 光 in font nullfont!
Missing character: There is no 特 in font nullfont!
Missing character: There is no 性 in font nullfont!
Missing character: There is no ， in font nullfont!
Missing character: There is no 使 in font nullfont!
Missing character: There is no 得 in font nullfont!
Missing character: There is no 後 in font nullfont!
Missing character: There is no 續 in font nullfont!
Missing character: There is no 在 in font nullfont!
Missing character: There is no 晶 in font nullfont!
Missing character: There is no 片 in font nullfont!
Missing character: There is no 尺 in font nullfont!
Missing character: There is no 度 in font nullfont!
Missing character: There is no 上 in font nullfont!
Missing character: There is no 進 in font nullfont!
Missing character: There is no 行 in font nullfont!
Missing character: There is no O in font nullfont!
Missing character: There is no A in font nullfont!
Missing character: There is no M in font nullfont!
Missing character: There is no 編 in font nullfont!
Missing character: There is no 碼 in font nullfont!
Missing character: There is no 的 in font nullfont!
Missing character: There is no 保 in font nullfont!
Missing character: There is no 真 in font nullfont!
Missing character: There is no 度 in font nullfont!
Missing character: There is no 受 in font nullfont!
Missing character: There is no 到 in font nullfont!
Missing character: There is no 嚴 in font nullfont!
Missing character: There is no 重 in font nullfont!
Missing character: There is no 限 in font nullfont!
Missing character: There is no 制 in font nullfont!
Missing character: There is no ， in font nullfont!
Missing character: There is no 難 in font nullfont!
Missing character: There is no 以 in font nullfont!
Missing character: There is no 實 in font nullfont!
Missing character: There is no 現 in font nullfont!
Missing character: There is no 高 in font nullfont!
Missing character: There is no 對 in font nullfont!
Missing character: There is no 比 in font nullfont!
Missing character: There is no 度 in font nullfont!
Missing character: There is no 的 in font nullfont!
Missing character: There is no 通 in font nullfont!
Missing character: There is no 道 in font nullfont!
Missing character: There is no 分 in font nullfont!
Missing character: There is no 離 in font nullfont!
Missing character: There is no 。 in font nullfont!

Overfull \hbox (20.0pt too wide) in paragraph at lines 39--40
[]
 []

! Undefined control sequence.
l.41 \subsection
                {Limitations of Conventional Metasurface Design}
The control sequence at the end of the top line
of your error message was never \def'ed. If you have
misspelled it (e.g., `\hobx'), type `I' and the correct
spelling (e.g., `I\hbox'). Otherwise just continue,
and I'll forget about whatever was undefined.


! LaTeX Error: Missing \begin{document}.

See the LaTeX manual or LaTeX Companion for explanation.
Type  H <return>  for immediate help.
 ...                                              
                                                  
l.41 \subsection{L
                  imitations of Conventional Metasurface Design}
You're in trouble here.  Try typing  <return>  to proceed.
If that doesn't work, type  X <return>  to quit.

Missing character: There is no L in font nullfont!
Missing character: There is no i in font nullfont!
Missing character: There is no m in font nullfont!
Missing character: There is no i in font nullfont!
Missing character: There is no t in font nullfont!
Missing character: There is no a in font nullfont!
Missing character: There is no t in font nullfont!
Missing character: There is no i in font nullfont!
Missing character: There is no o in font nullfont!
Missing character: There is no n in font nullfont!
Missing character: There is no s in font nullfont!
Missing character: There is no o in font nullfont!
Missing character: There is no f in font nullfont!
Missing character: There is no C in font nullfont!
Missing character: There is no o in font nullfont!
Missing character: There is no n in font nullfont!
Missing character: There is no v in font nullfont!
Missing character: There is no e in font nullfont!
Missing character: There is no n in font nullfont!
Missing character: There is no t in font nullfont!
Missing character: There is no i in font nullfont!
Missing character: There is no o in font nullfont!
Missing character: There is no n in font nullfont!
Missing character: There is no a in font nullfont!
Missing character: There is no l in font nullfont!
Missing character: There is no M in font nullfont!
Missing character: There is no e in font nullfont!
Missing character: There is no t in font nullfont!
Missing character: There is no a in font nullfont!
Missing character: There is no s in font nullfont!
Missing character: There is no u in font nullfont!
Missing character: There is no r in font nullfont!
Missing character: There is no f in font nullfont!
Missing character: There is no a in font nullfont!
Missing character: There is no c in font nullfont!
Missing character: There is no e in font nullfont!
Missing character: There is no D in font nullfont!
Missing character: There is no e in font nullfont!
Missing character: There is no s in font nullfont!
Missing character: There is no i in font nullfont!
Missing character: There is no g in font nullfont!
Missing character: There is no n in font nullfont!

Overfull \hbox (20.0pt too wide) in paragraph at lines 41--42
[]
 []


! LaTeX Error: Missing \begin{document}.

See the LaTeX manual or LaTeX Companion for explanation.
Type  H <return>  for immediate help.
 ...                                              
                                                  
l.43 為
      了克服上述電漿子元件的損耗問題，利用全介電質超穎表面進行波前調控已成為主流，然而傳統的超穎表面設計方法學面臨本質上的物理限制。就設計方法論而...

You're in trouble here.  Try typing  <return>  to proceed.
If that doesn't work, type  X <return>  to quit.

Missing character: There is no 為 in font nullfont!
Missing character: There is no 了 in font nullfont!
Missing character: There is no 克 in font nullfont!
Missing character: There is no 服 in font nullfont!
Missing character: There is no 上 in font nullfont!
Missing character: There is no 述 in font nullfont!
Missing character: There is no 電 in font nullfont!
Missing character: There is no 漿 in font nullfont!
Missing character: There is no 子 in font nullfont!
Missing character: There is no 元 in font nullfont!
Missing character: There is no 件 in font nullfont!
Missing character: There is no 的 in font nullfont!
Missing character: There is no 損 in font nullfont!
Missing character: There is no 耗 in font nullfont!
Missing character: There is no 問 in font nullfont!
Missing character: There is no 題 in font nullfont!
Missing character: There is no ， in font nullfont!
Missing character: There is no 利 in font nullfont!
Missing character: There is no 用 in font nullfont!
Missing character: There is no 全 in font nullfont!
Missing character: There is no 介 in font nullfont!
Missing character: There is no 電 in font nullfont!
Missing character: There is no 質 in font nullfont!
Missing character: There is no 超 in font nullfont!
Missing character: There is no 穎 in font nullfont!
Missing character: There is no 表 in font nullfont!
Missing character: There is no 面 in font nullfont!
Missing character: There is no 進 in font nullfont!
Missing character: There is no 行 in font nullfont!
Missing character: There is no 波 in font nullfont!
Missing character: There is no 前 in font nullfont!
Missing character: There is no 調 in font nullfont!
Missing character: There is no 控 in font nullfont!
Missing character: There is no 已 in font nullfont!
Missing character: There is no 成 in font nullfont!
Missing character: There is no 為 in font nullfont!
Missing character: There is no 主 in font nullfont!
Missing character: There is no 流 in font nullfont!
Missing character: There is no ， in font nullfont!
Missing character: There is no 然 in font nullfont!
Missing character: There is no 而 in font nullfont!
Missing character: There is no 傳 in font nullfont!
Missing character: There is no 統 in font nullfont!
Missing character: There is no 的 in font nullfont!
Missing character: There is no 超 in font nullfont!
Missing character: There is no 穎 in font nullfont!
Missing character: There is no 表 in font nullfont!
Missing character: There is no 面 in font nullfont!
Missing character: There is no 設 in font nullfont!
Missing character: There is no 計 in font nullfont!
Missing character: There is no 方 in font nullfont!
Missing character: There is no 法 in font nullfont!
Missing character: There is no 學 in font nullfont!
Missing character: There is no 面 in font nullfont!
Missing character: There is no 臨 in font nullfont!
Missing character: There is no 本 in font nullfont!
Missing character: There is no 質 in font nullfont!
Missing character: There is no 上 in font nullfont!
Missing character: There is no 的 in font nullfont!
Missing character: There is no 物 in font nullfont!
Missing character: There is no 理 in font nullfont!
Missing character: There is no 限 in font nullfont!
Missing character: There is no 制 in font nullfont!
Missing character: There is no 。 in font nullfont!
Missing character: There is no 就 in font nullfont!
Missing character: There is no 設 in font nullfont!
Missing character: There is no 計 in font nullfont!
Missing character: There is no 方 in font nullfont!
Missing character: There is no 法 in font nullfont!
Missing character: There is no 論 in font nullfont!
Missing character: There is no 而 in font nullfont!
Missing character: There is no 言 in font nullfont!
Missing character: There is no ， in font nullfont!
Missing character: There is no 傳 in font nullfont!
Missing character: There is no 統 in font nullfont!
Missing character: There is no 正 in font nullfont!
Missing character: There is no 向 in font nullfont!
Missing character: There is no 設 in font nullfont!
Missing character: There is no 計 in font nullfont!
Missing character: There is no 依 in font nullfont!
Missing character: There is no 賴 in font nullfont!
Missing character: There is no 物 in font nullfont!
Missing character: There is no 理 in font nullfont!
Missing character: There is no 直 in font nullfont!
Missing character: There is no 覺 in font nullfont!
Missing character: There is no 建 in font nullfont!
Missing character: There is no 構 in font nullfont!
Missing character: There is no 幾 in font nullfont!
Missing character: There is no 何 in font nullfont!
Missing character: There is no 單 in font nullfont!
Missing character: There is no 元 in font nullfont!
Missing character: There is no ， in font nullfont!
Missing character: There is no 其 in font nullfont!
Missing character: There is no 設 in font nullfont!
Missing character: There is no 計 in font nullfont!
Missing character: There is no 自 in font nullfont!
Missing character: There is no 由 in font nullfont!
Missing character: There is no 度 in font nullfont!
Missing character: There is no 局 in font nullfont!
Missing character: There is no 限 in font nullfont!
Missing character: There is no 於 in font nullfont!
Missing character: There is no 少 in font nullfont!
Missing character: There is no 數 in font nullfont!
Missing character: There is no 幾 in font nullfont!
Missing character: There is no 何 in font nullfont!
Missing character: There is no 參 in font nullfont!
Missing character: There is no 數 in font nullfont!
Missing character: There is no 。 in font nullfont!
Missing character: There is no 面 in font nullfont!
Missing character: There is no 對 in font nullfont!
Missing character: There is no 需 in font nullfont!
Missing character: There is no 同 in font nullfont!
Missing character: There is no 時 in font nullfont!
Missing character: There is no 調 in font nullfont!
Missing character: There is no 控 in font nullfont!
Missing character: There is no 振 in font nullfont!
Missing character: There is no 幅 in font nullfont!
Missing character: There is no 、 in font nullfont!
Missing character: There is no 相 in font nullfont!
Missing character: There is no 位 in font nullfont!
Missing character: There is no 、 in font nullfont!
Missing character: There is no 偏 in font nullfont!
Missing character: There is no 振 in font nullfont!
Missing character: There is no 與 in font nullfont!
Missing character: There is no O in font nullfont!
Missing character: There is no A in font nullfont!
Missing character: There is no M in font nullfont!
Missing character: There is no 模 in font nullfont!
Missing character: There is no 態 in font nullfont!
Missing character: There is no 純 in font nullfont!
Missing character: There is no 度 in font nullfont!
Missing character: There is no 的 in font nullfont!
Missing character: There is no 多 in font nullfont!
Missing character: There is no 目 in font nullfont!
Missing character: There is no 標 in font nullfont!
Missing character: There is no 要 in font nullfont!
Missing character: There is no 求 in font nullfont!
Missing character: There is no 時 in font nullfont!
Missing character: There is no ， in font nullfont!
Missing character: There is no 正 in font nullfont!
Missing character: There is no 向 in font nullfont!
Missing character: There is no 設 in font nullfont!
Missing character: There is no 計 in font nullfont!
Missing character: There is no 難 in font nullfont!
Missing character: There is no 以 in font nullfont!
Missing character: There is no 在 in font nullfont!
Missing character: There is no 龐 in font nullfont!
Missing character: There is no 大 in font nullfont!
Missing character: There is no 參 in font nullfont!
Missing character: There is no 數 in font nullfont!
Missing character: There is no 空 in font nullfont!
Missing character: There is no 間 in font nullfont!
Missing character: There is no 中 in font nullfont!
Missing character: There is no 尋 in font nullfont!
Missing character: There is no 得 in font nullfont!
Missing character: There is no 全 in font nullfont!
Missing character: There is no 域 in font nullfont!
Missing character: There is no 最 in font nullfont!
Missing character: There is no 佳 in font nullfont!
Missing character: There is no 解 in font nullfont!
Missing character: There is no 。 in font nullfont!
Missing character: There is no 此 in font nullfont!
Missing character: There is no 種 in font nullfont!
Missing character: There is no 設 in font nullfont!
Missing character: There is no 計 in font nullfont!
Missing character: There is no 方 in font nullfont!
Missing character: There is no 式 in font nullfont!
Missing character: There is no 亦 in font nullfont!
Missing character: There is no 面 in font nullfont!
Missing character: There is no 臨 in font nullfont!
Missing character: There is no 空 in font nullfont!
Missing character: There is no 間 in font nullfont!
Missing character: There is no 解 in font nullfont!
Missing character: There is no 析 in font nullfont!
Missing character: There is no 度 in font nullfont!
Missing character: There is no 與 in font nullfont!
Missing character: There is no 近 in font nullfont!
Missing character: There is no 場 in font nullfont!
Missing character: There is no 耦 in font nullfont!
Missing character: There is no 合 in font nullfont!
Missing character: There is no 之 in font nullfont!
Missing character: There is no 間 in font nullfont!
Missing character: There is no 的 in font nullfont!
Missing character: There is no 權 in font nullfont!
Missing character: There is no 衡 in font nullfont!
Missing character: There is no 。 in font nullfont!
Missing character: There is no 當 in font nullfont!
Missing character: There is no 正 in font nullfont!
Missing character: There is no 向 in font nullfont!
Missing character: There is no 設 in font nullfont!
Missing character: There is no 計 in font nullfont!
Missing character: There is no 縮 in font nullfont!
Missing character: There is no 小 in font nullfont!
Missing character: There is no 結 in font nullfont!
Missing character: There is no 構 in font nullfont!
Missing character: There is no 間 in font nullfont!
Missing character: There is no 距 in font nullfont!
Missing character: There is no 以 in font nullfont!
Missing character: There is no 獲 in font nullfont!
Missing character: There is no 取 in font nullfont!
Missing character: There is no 精 in font nullfont!
Missing character: There is no 細 in font nullfont!
Missing character: There is no 相 in font nullfont!
Missing character: There is no 位 in font nullfont!
Missing character: There is no 梯 in font nullfont!
Missing character: There is no 度 in font nullfont!
Missing character: There is no 時 in font nullfont!
Missing character: There is no ， in font nullfont!
Missing character: There is no 更 in font nullfont!
Missing character: There is no 會 in font nullfont!
Missing character: There is no 因 in font nullfont!
Missing character: There is no 相 in font nullfont!
Missing character: There is no 鄰 in font nullfont!
Missing character: There is no 結 in font nullfont!
Missing character: There is no 構 in font nullfont!
Missing character: There is no 的 in font nullfont!
Missing character: There is no 近 in font nullfont!
Missing character: There is no 場 in font nullfont!
Missing character: There is no 耦 in font nullfont!
Missing character: There is no 合 in font nullfont!
Missing character: There is no 而 in font nullfont!
Missing character: There is no 引 in font nullfont!
Missing character: There is no 入 in font nullfont!
Missing character: There is no 相 in font nullfont!
Missing character: There is no 位 in font nullfont!
Missing character: There is no 雜 in font nullfont!
Missing character: There is no 訊 in font nullfont!
Missing character: There is no 並 in font nullfont!
Missing character: There is no 限 in font nullfont!
Missing character: There is no 制 in font nullfont!
Missing character: There is no 繞 in font nullfont!
Missing character: There is no 射 in font nullfont!
Missing character: There is no 效 in font nullfont!
Missing character: There is no 率 in font nullfont!
Missing character: There is no 。 in font nullfont!
Missing character: There is no 因 in font nullfont!
Missing character: There is no 此 in font nullfont!
Missing character: There is no ， in font nullfont!
Missing character: There is no 解 in font nullfont!
Missing character: There is no 決 in font nullfont!
Missing character: There is no 上 in font nullfont!
Missing character: There is no 述 in font nullfont!
Missing character: There is no 問 in font nullfont!
Missing character: There is no 題 in font nullfont!
Missing character: There is no 的 in font nullfont!
Missing character: There is no 關 in font nullfont!
Missing character: There is no 鍵 in font nullfont!
Missing character: There is no 在 in font nullfont!
Missing character: There is no 於 in font nullfont!
Missing character: There is no 採 in font nullfont!
Missing character: There is no 用 in font nullfont!
Missing character: There is no 能 in font nullfont!
Missing character: There is no 釋 in font nullfont!
Missing character: There is no 放 in font nullfont!
Missing character: There is no 全 in font nullfont!
Missing character: There is no 空 in font nullfont!
Missing character: There is no 間 in font nullfont!
Missing character: There is no 幾 in font nullfont!
Missing character: There is no 何 in font nullfont!
Missing character: There is no 自 in font nullfont!
Missing character: There is no 由 in font nullfont!
Missing character: There is no 度 in font nullfont!
Missing character: There is no 的 in font nullfont!
Missing character: There is no 反 in font nullfont!
Missing character: There is no 向 in font nullfont!
Missing character: There is no 設 in font nullfont!
Missing character: There is no 計 in font nullfont!
Missing character: There is no 架 in font nullfont!
Missing character: There is no 構 in font nullfont!
Missing character: There is no 。 in font nullfont!

Overfull \hbox (20.0pt too wide) in paragraph at lines 43--44
[]
 []

! Undefined control sequence.
l.45 \section
             {Research Objectives and Contributions}
The control sequence at the end of the top line
of your error message was never \def'ed. If you have
misspelled it (e.g., `\hobx'), type `I' and the correct
spelling (e.g., `I\hbox'). Otherwise just continue,
and I'll forget about whatever was undefined.


! LaTeX Error: Missing \begin{document}.

See the LaTeX manual or LaTeX Companion for explanation.
Type  H <return>  for immediate help.
 ...                                              
                                                  
l.45 \section{R
               esearch Objectives and Contributions}
You're in trouble here.  Try typing  <return>  to proceed.
If that doesn't work, type  X <return>  to quit.

Missing character: There is no R in font nullfont!
Missing character: There is no e in font nullfont!
Missing character: There is no s in font nullfont!
Missing character: There is no e in font nullfont!
Missing character: There is no a in font nullfont!
Missing character: There is no r in font nullfont!
Missing character: There is no c in font nullfont!
Missing character: There is no h in font nullfont!
Missing character: There is no O in font nullfont!
Missing character: There is no b in font nullfont!
Missing character: There is no j in font nullfont!
Missing character: There is no e in font nullfont!
Missing character: There is no c in font nullfont!
Missing character: There is no t in font nullfont!
Missing character: There is no i in font nullfont!
Missing character: There is no v in font nullfont!
Missing character: There is no e in font nullfont!
Missing character: There is no s in font nullfont!
Missing character: There is no a in font nullfont!
Missing character: There is no n in font nullfont!
Missing character: There is no d in font nullfont!
Missing character: There is no C in font nullfont!
Missing character: There is no o in font nullfont!
Missing character: There is no n in font nullfont!
Missing character: There is no t in font nullfont!
Missing character: There is no r in font nullfont!
Missing character: There is no i in font nullfont!
Missing character: There is no b in font nullfont!
Missing character: There is no u in font nullfont!
Missing character: There is no t in font nullfont!
Missing character: There is no i in font nullfont!
Missing character: There is no o in font nullfont!
Missing character: There is no n in font nullfont!
Missing character: There is no s in font nullfont!

Overfull \hbox (20.0pt too wide) in paragraph at lines 45--46
[]
 []


! LaTeX Error: Missing \begin{document}.

See the LaTeX manual or LaTeX Companion for explanation.
Type  H <return>  for immediate help.
 ...                                              
                                                  
l.47 本
      研究的核心目標在於建立一個基於反向設計的全介電質超穎表面平台，探索單層過渡金屬硫屬化物谷極化發光至高純度軌道角動量光束之轉換機制。
You're in trouble here.  Try typing  <return>  to proceed.
If that doesn't work, type  X <return>  to quit.

Missing character: There is no 本 in font nullfont!
Missing character: There is no 研 in font nullfont!
Missing character: There is no 究 in font nullfont!
Missing character: There is no 的 in font nullfont!
Missing character: There is no 核 in font nullfont!
Missing character: There is no 心 in font nullfont!
Missing character: There is no 目 in font nullfont!
Missing character: There is no 標 in font nullfont!
Missing character: There is no 在 in font nullfont!
Missing character: There is no 於 in font nullfont!
Missing character: There is no 建 in font nullfont!
Missing character: There is no 立 in font nullfont!
Missing character: There is no 一 in font nullfont!
Missing character: There is no 個 in font nullfont!
Missing character: There is no 基 in font nullfont!
Missing character: There is no 於 in font nullfont!
Missing character: There is no 反 in font nullfont!
Missing character: There is no 向 in font nullfont!
Missing character: There is no 設 in font nullfont!
Missing character: There is no 計 in font nullfont!
Missing character: There is no 的 in font nullfont!
Missing character: There is no 全 in font nullfont!
Missing character: There is no 介 in font nullfont!
Missing character: There is no 電 in font nullfont!
Missing character: There is no 質 in font nullfont!
Missing character: There is no 超 in font nullfont!
Missing character: There is no 穎 in font nullfont!
Missing character: There is no 表 in font nullfont!
Missing character: There is no 面 in font nullfont!
Missing character: There is no 平 in font nullfont!
Missing character: There is no 台 in font nullfont!
Missing character: There is no ， in font nullfont!
Missing character: There is no 探 in font nullfont!
Missing character: There is no 索 in font nullfont!
Missing character: There is no 單 in font nullfont!
Missing character: There is no 層 in font nullfont!
Missing character: There is no 過 in font nullfont!
Missing character: There is no 渡 in font nullfont!
Missing character: There is no 金 in font nullfont!
Missing character: There is no 屬 in font nullfont!
Missing character: There is no 硫 in font nullfont!
Missing character: There is no 屬 in font nullfont!
Missing character: There is no 化 in font nullfont!
Missing character: There is no 物 in font nullfont!
Missing character: There is no 谷 in font nullfont!
Missing character: There is no 極 in font nullfont!
Missing character: There is no 化 in font nullfont!
Missing character: There is no 發 in font nullfont!
Missing character: There is no 光 in font nullfont!
Missing character: There is no 至 in font nullfont!
Missing character: There is no 高 in font nullfont!
Missing character: There is no 純 in font nullfont!
Missing character: There is no 度 in font nullfont!
Missing character: There is no 軌 in font nullfont!
Missing character: There is no 道 in font nullfont!
Missing character: There is no 角 in font nullfont!
Missing character: There is no 動 in font nullfont!
Missing character: There is no 量 in font nullfont!
Missing character: There is no 光 in font nullfont!
Missing character: There is no 束 in font nullfont!
Missing character: There is no 之 in font nullfont!
Missing character: There is no 轉 in font nullfont!
Missing character: There is no 換 in font nullfont!
Missing character: There is no 機 in font nullfont!
Missing character: There is no 制 in font nullfont!
Missing character: There is no 。 in font nullfont!

Overfull \hbox (20.0pt too wide) in paragraph at lines 47--48
[] 
 []


! LaTeX Error: Missing \begin{document}.

See the LaTeX manual or LaTeX Companion for explanation.
Type  H <return>  for immediate help.
 ...                                              
                                                  
l.49 為
      達成此目標，本工作首先建構整合單層過渡金屬硫屬化物發光體、全介電質超穎表面以及近遠場分析之三維數值模擬架構。在此平台基礎上，進一步發展基於伴...

You're in trouble here.  Try typing  <return>  to proceed.
If that doesn't work, type  X <return>  to quit.

Missing character: There is no 為 in font nullfont!
Missing character: There is no 達 in font nullfont!
Missing character: There is no 成 in font nullfont!
Missing character: There is no 此 in font nullfont!
Missing character: There is no 目 in font nullfont!
Missing character: There is no 標 in font nullfont!
Missing character: There is no ， in font nullfont!
Missing character: There is no 本 in font nullfont!
Missing character: There is no 工 in font nullfont!
Missing character: There is no 作 in font nullfont!
Missing character: There is no 首 in font nullfont!
Missing character: There is no 先 in font nullfont!
Missing character: There is no 建 in font nullfont!
Missing character: There is no 構 in font nullfont!
Missing character: There is no 整 in font nullfont!
Missing character: There is no 合 in font nullfont!
Missing character: There is no 單 in font nullfont!
Missing character: There is no 層 in font nullfont!
Missing character: There is no 過 in font nullfont!
Missing character: There is no 渡 in font nullfont!
Missing character: There is no 金 in font nullfont!
Missing character: There is no 屬 in font nullfont!
Missing character: There is no 硫 in font nullfont!
Missing character: There is no 屬 in font nullfont!
Missing character: There is no 化 in font nullfont!
Missing character: There is no 物 in font nullfont!
Missing character: There is no 發 in font nullfont!
Missing character: There is no 光 in font nullfont!
Missing character: There is no 體 in font nullfont!
Missing character: There is no 、 in font nullfont!
Missing character: There is no 全 in font nullfont!
Missing character: There is no 介 in font nullfont!
Missing character: There is no 電 in font nullfont!
Missing character: There is no 質 in font nullfont!
Missing character: There is no 超 in font nullfont!
Missing character: There is no 穎 in font nullfont!
Missing character: There is no 表 in font nullfont!
Missing character: There is no 面 in font nullfont!
Missing character: There is no 以 in font nullfont!
Missing character: There is no 及 in font nullfont!
Missing character: There is no 近 in font nullfont!
Missing character: There is no 遠 in font nullfont!
Missing character: There is no 場 in font nullfont!
Missing character: There is no 分 in font nullfont!
Missing character: There is no 析 in font nullfont!
Missing character: There is no 之 in font nullfont!
Missing character: There is no 三 in font nullfont!
Missing character: There is no 維 in font nullfont!
Missing character: There is no 數 in font nullfont!
Missing character: There is no 值 in font nullfont!
Missing character: There is no 模 in font nullfont!
Missing character: There is no 擬 in font nullfont!
Missing character: There is no 架 in font nullfont!
Missing character: There is no 構 in font nullfont!
Missing character: There is no 。 in font nullfont!
Missing character: There is no 在 in font nullfont!
Missing character: There is no 此 in font nullfont!
Missing character: There is no 平 in font nullfont!
Missing character: There is no 台 in font nullfont!
Missing character: There is no 基 in font nullfont!
Missing character: There is no 礎 in font nullfont!
Missing character: There is no 上 in font nullfont!
Missing character: There is no ， in font nullfont!
Missing character: There is no 進 in font nullfont!
Missing character: There is no 一 in font nullfont!
Missing character: There is no 步 in font nullfont!
Missing character: There is no 發 in font nullfont!
Missing character: There is no 展 in font nullfont!
Missing character: There is no 基 in font nullfont!
Missing character: There is no 於 in font nullfont!
Missing character: There is no 伴 in font nullfont!
Missing character: There is no 隨 in font nullfont!
Missing character: There is no 變 in font nullfont!
Missing character: There is no 量 in font nullfont!
Missing character: There is no 法 in font nullfont!
Missing character: There is no 的 in font nullfont!
Missing character: There is no 拓 in font nullfont!
Missing character: There is no 撲 in font nullfont!
Missing character: There is no 優 in font nullfont!
Missing character: There is no 化 in font nullfont!
Missing character: There is no 方 in font nullfont!
Missing character: There is no 法 in font nullfont!
Missing character: There is no ， in font nullfont!
Missing character: There is no 以 in font nullfont!
Missing character: There is no 有 in font nullfont!
Missing character: There is no 效 in font nullfont!
Missing character: There is no 拓 in font nullfont!
Missing character: There is no 展 in font nullfont!
Missing character: There is no 空 in font nullfont!
Missing character: There is no 間 in font nullfont!
Missing character: There is no 幾 in font nullfont!
Missing character: There is no 何 in font nullfont!
Missing character: There is no 自 in font nullfont!
Missing character: There is no 由 in font nullfont!
Missing character: There is no 度 in font nullfont!
Missing character: There is no ， in font nullfont!
Missing character: There is no 進 in font nullfont!
Missing character: There is no 行 in font nullfont!
Missing character: There is no 谷 in font nullfont!
Missing character: There is no 控 in font nullfont!
Missing character: There is no 制 in font nullfont!
Missing character: There is no 軌 in font nullfont!
Missing character: There is no 道 in font nullfont!
Missing character: There is no 角 in font nullfont!
Missing character: There is no 動 in font nullfont!
Missing character: There is no 量 in font nullfont!
Missing character: There is no 發 in font nullfont!
Missing character: There is no 射 in font nullfont!
Missing character: There is no 器 in font nullfont!
Missing character: There is no 之 in font nullfont!
Missing character: There is no 反 in font nullfont!
Missing character: There is no 向 in font nullfont!
Missing character: There is no 設 in font nullfont!
Missing character: There is no 計 in font nullfont!
Missing character: There is no 。 in font nullfont!

Overfull \hbox (20.0pt too wide) in paragraph at lines 49--50
[] 
 []


! LaTeX Error: Missing \begin{document}.

See the LaTeX manual or LaTeX Companion for explanation.
Type  H <return>  for immediate help.
 ...                                              
                                                  
l.51 於
      優化過程中，將遠場拉格耳–高斯模態純度與數值模擬與理想目標的強度重疊積分納入核心效能指標，以評估並提升所生成 OAM 模態之品質。最後，透過...

You're in trouble here.  Try typing  <return>  to proceed.
If that doesn't work, type  X <return>  to quit.

Missing character: There is no 於 in font nullfont!
Missing character: There is no 優 in font nullfont!
Missing character: There is no 化 in font nullfont!
Missing character: There is no 過 in font nullfont!
Missing character: There is no 程 in font nullfont!
Missing character: There is no 中 in font nullfont!
Missing character: There is no ， in font nullfont!
Missing character: There is no 將 in font nullfont!
Missing character: There is no 遠 in font nullfont!
Missing character: There is no 場 in font nullfont!
Missing character: There is no 拉 in font nullfont!
Missing character: There is no 格 in font nullfont!
Missing character: There is no 耳 in font nullfont!
Missing character: There is no – in font nullfont!
Missing character: There is no 高 in font nullfont!
Missing character: There is no 斯 in font nullfont!
Missing character: There is no 模 in font nullfont!
Missing character: There is no 態 in font nullfont!
Missing character: There is no 純 in font nullfont!
Missing character: There is no 度 in font nullfont!
Missing character: There is no 與 in font nullfont!
Missing character: There is no 數 in font nullfont!
Missing character: There is no 值 in font nullfont!
Missing character: There is no 模 in font nullfont!
Missing character: There is no 擬 in font nullfont!
Missing character: There is no 與 in font nullfont!
Missing character: There is no 理 in font nullfont!
Missing character: There is no 想 in font nullfont!
Missing character: There is no 目 in font nullfont!
Missing character: There is no 標 in font nullfont!
Missing character: There is no 的 in font nullfont!
Missing character: There is no 強 in font nullfont!
Missing character: There is no 度 in font nullfont!
Missing character: There is no 重 in font nullfont!
Missing character: There is no 疊 in font nullfont!
Missing character: There is no 積 in font nullfont!
Missing character: There is no 分 in font nullfont!
Missing character: There is no 納 in font nullfont!
Missing character: There is no 入 in font nullfont!
Missing character: There is no 核 in font nullfont!
Missing character: There is no 心 in font nullfont!
Missing character: There is no 效 in font nullfont!
Missing character: There is no 能 in font nullfont!
Missing character: There is no 指 in font nullfont!
Missing character: There is no 標 in font nullfont!
Missing character: There is no ， in font nullfont!
Missing character: There is no 以 in font nullfont!
Missing character: There is no 評 in font nullfont!
Missing character: There is no 估 in font nullfont!
Missing character: There is no 並 in font nullfont!
Missing character: There is no 提 in font nullfont!
Missing character: There is no 升 in font nullfont!
Missing character: There is no 所 in font nullfont!
Missing character: There is no 生 in font nullfont!
Missing character: There is no 成 in font nullfont!
Missing character: There is no O in font nullfont!
Missing character: There is no A in font nullfont!
Missing character: There is no M in font nullfont!
Missing character: There is no 模 in font nullfont!
Missing character: There is no 態 in font nullfont!
Missing character: There is no 之 in font nullfont!
Missing character: There is no 品 in font nullfont!
Missing character: There is no 質 in font nullfont!
Missing character: There is no 。 in font nullfont!
Missing character: There is no 最 in font nullfont!
Missing character: There is no 後 in font nullfont!
Missing character: There is no ， in font nullfont!
Missing character: There is no 透 in font nullfont!
Missing character: There is no 過 in font nullfont!
Missing character: There is no 最 in font nullfont!
Missing character: There is no 佳 in font nullfont!
Missing character: There is no 化 in font nullfont!
Missing character: There is no 結 in font nullfont!
Missing character: There is no 構 in font nullfont!
Missing character: There is no 分 in font nullfont!
Missing character: There is no 析 in font nullfont!
Missing character: There is no 其 in font nullfont!
Missing character: There is no 自 in font nullfont!
Missing character: There is no 旋 in font nullfont!
Missing character: There is no – in font nullfont!
Missing character: There is no 軌 in font nullfont!
Missing character: There is no 道 in font nullfont!
Missing character: There is no 轉 in font nullfont!
Missing character: There is no 換 in font nullfont!
Missing character: There is no 與 in font nullfont!
Missing character: There is no 模 in font nullfont!
Missing character: There is no 態 in font nullfont!
Missing character: There is no 形 in font nullfont!
Missing character: There is no 成 in font nullfont!
Missing character: There is no 機 in font nullfont!
Missing character: There is no 制 in font nullfont!
Missing character: There is no ， in font nullfont!
Missing character: There is no 建 in font nullfont!
Missing character: There is no 立 in font nullfont!
Missing character: There is no 由 in font nullfont!
Missing character: There is no 數 in font nullfont!
Missing character: There is no 值 in font nullfont!
Missing character: There is no 設 in font nullfont!
Missing character: There is no 計 in font nullfont!
Missing character: There is no 、 in font nullfont!
Missing character: There is no 性 in font nullfont!
Missing character: There is no 能 in font nullfont!
Missing character: There is no 評 in font nullfont!
Missing character: There is no 估 in font nullfont!
Missing character: There is no 至 in font nullfont!
Missing character: There is no 物 in font nullfont!
Missing character: There is no 理 in font nullfont!
Missing character: There is no 機 in font nullfont!
Missing character: There is no 制 in font nullfont!
Missing character: There is no 分 in font nullfont!
Missing character: There is no 析 in font nullfont!
Missing character: There is no 之 in font nullfont!
Missing character: There is no 完 in font nullfont!
Missing character: There is no 整 in font nullfont!
Missing character: There is no 研 in font nullfont!
Missing character: There is no 究 in font nullfont!
Missing character: There is no 流 in font nullfont!
Missing character: There is no 程 in font nullfont!
Missing character: There is no 。 in font nullfont!

Overfull \hbox (20.0pt too wide) in paragraph at lines 51--52
[]
 []

! Undefined control sequence.
l.53 \section
             {Thesis Organization}
The control sequence at the end of the top line
of your error message was never \def'ed. If you have
misspelled it (e.g., `\hobx'), type `I' and the correct
spelling (e.g., `I\hbox'). Otherwise just continue,
and I'll forget about whatever was undefined.


! LaTeX Error: Missing \begin{document}.

See the LaTeX manual or LaTeX Companion for explanation.
Type  H <return>  for immediate help.
 ...                                              
                                                  
l.53 \section{T
               hesis Organization}
You're in trouble here.  Try typing  <return>  to proceed.
If that doesn't work, type  X <return>  to quit.

Missing character: There is no T in font nullfont!
Missing character: There is no h in font nullfont!
Missing character: There is no e in font nullfont!
Missing character: There is no s in font nullfont!
Missing character: There is no i in font nullfont!
Missing character: There is no s in font nullfont!
Missing character: There is no O in font nullfont!
Missing character: There is no r in font nullfont!
Missing character: There is no g in font nullfont!
Missing character: There is no a in font nullfont!
Missing character: There is no n in font nullfont!
Missing character: There is no i in font nullfont!
Missing character: There is no z in font nullfont!
Missing character: There is no a in font nullfont!
Missing character: There is no t in font nullfont!
Missing character: There is no i in font nullfont!
Missing character: There is no o in font nullfont!
Missing character: There is no n in font nullfont!

Overfull \hbox (20.0pt too wide) in paragraph at lines 53--54
[]
 []


! LaTeX Error: Missing \begin{document}.

See the LaTeX manual or LaTeX Companion for explanation.
Type  H <return>  for immediate help.
 ...                                              
                                                  
l.55 本
      論文架構如下：
You're in trouble here.  Try typing  <return>  to proceed.
If that doesn't work, type  X <return>  to quit.

Missing character: There is no 本 in font nullfont!
Missing character: There is no 論 in font nullfont!
Missing character: There is no 文 in font nullfont!
Missing character: There is no 架 in font nullfont!
Missing character: There is no 構 in font nullfont!
Missing character: There is no 如 in font nullfont!
Missing character: There is no 下 in font nullfont!
Missing character: There is no ： in font nullfont!

Overfull \hbox (20.0pt too wide) in paragraph at lines 55--56
[] 
 []


! LaTeX Error: Missing \begin{document}.

See the LaTeX manual or LaTeX Companion for explanation.
Type  H <return>  for immediate help.
 ...                                              
                                                  
l.57 第
      一章引介研究背景、研究動機、研究目標、研究貢獻以及全文的組織架構。
You're in trouble here.  Try typing  <return>  to proceed.
If that doesn't work, type  X <return>  to quit.

Missing character: There is no 第 in font nullfont!
Missing character: There is no 一 in font nullfont!
Missing character: There is no 章 in font nullfont!
Missing character: There is no 引 in font nullfont!
Missing character: There is no 介 in font nullfont!
Missing character: There is no 研 in font nullfont!
Missing character: There is no 究 in font nullfont!
Missing character: There is no 背 in font nullfont!
Missing character: There is no 景 in font nullfont!
Missing character: There is no 、 in font nullfont!
Missing character: There is no 研 in font nullfont!
Missing character: There is no 究 in font nullfont!
Missing character: There is no 動 in font nullfont!
Missing character: There is no 機 in font nullfont!
Missing character: There is no 、 in font nullfont!
Missing character: There is no 研 in font nullfont!
Missing character: There is no 究 in font nullfont!
Missing character: There is no 目 in font nullfont!
Missing character: There is no 標 in font nullfont!
Missing character: There is no 、 in font nullfont!
Missing character: There is no 研 in font nullfont!
Missing character: There is no 究 in font nullfont!
Missing character: There is no 貢 in font nullfont!
Missing character: There is no 獻 in font nullfont!
Missing character: There is no 以 in font nullfont!
Missing character: There is no 及 in font nullfont!
Missing character: There is no 全 in font nullfont!
Missing character: There is no 文 in font nullfont!
Missing character: There is no 的 in font nullfont!
Missing character: There is no 組 in font nullfont!
Missing character: There is no 織 in font nullfont!
Missing character: There is no 架 in font nullfont!
Missing character: There is no 構 in font nullfont!
Missing character: There is no 。 in font nullfont!
Missing character: There is no 第 in font nullfont!
Missing character: There is no 二 in font nullfont!
Missing character: There is no 章 in font nullfont!
Missing character: There is no 系 in font nullfont!
Missing character: There is no 統 in font nullfont!
Missing character: There is no 性 in font nullfont!
Missing character: There is no 地 in font nullfont!
Missing character: There is no 回 in font nullfont!
Missing character: There is no 顧 in font nullfont!
Missing character: There is no 軌 in font nullfont!
Missing character: There is no 道 in font nullfont!
Missing character: There is no 角 in font nullfont!
Missing character: There is no 動 in font nullfont!
Missing character: There is no 量 in font nullfont!
Missing character: There is no 理 in font nullfont!
Missing character: There is no 論 in font nullfont!
Missing character: There is no 、 in font nullfont!
Missing character: There is no 單 in font nullfont!
Missing character: There is no 層 in font nullfont!
Missing character: There is no 過 in font nullfont!
Missing character: There is no 渡 in font nullfont!
Missing character: There is no 金 in font nullfont!
Missing character: There is no 屬 in font nullfont!
Missing character: There is no 硫 in font nullfont!
Missing character: There is no 屬 in font nullfont!
Missing character: There is no 化 in font nullfont!
Missing character: There is no 物 in font nullfont!
Missing character: There is no 的 in font nullfont!
Missing character: There is no 谷 in font nullfont!
Missing character: There is no 選 in font nullfont!
Missing character: There is no 擇 in font nullfont!
Missing character: There is no 性 in font nullfont!
Missing character: There is no 發 in font nullfont!
Missing character: There is no 光 in font nullfont!
Missing character: There is no 、 in font nullfont!
Missing character: There is no 基 in font nullfont!
Missing character: There is no 於 in font nullfont!
Missing character: There is no 超 in font nullfont!
Missing character: There is no 穎 in font nullfont!
Missing character: There is no 表 in font nullfont!
Missing character: There is no 面 in font nullfont!
Missing character: There is no 的 in font nullfont!
Missing character: There is no 軌 in font nullfont!
Missing character: There is no 道 in font nullfont!
Missing character: There is no 角 in font nullfont!
Missing character: There is no 動 in font nullfont!
Missing character: There is no 量 in font nullfont!
Missing character: There is no 產 in font nullfont!
Missing character: There is no 生 in font nullfont!
Missing character: There is no 技 in font nullfont!
Missing character: There is no 術 in font nullfont!
Missing character: There is no ， in font nullfont!
Missing character: There is no 以 in font nullfont!
Missing character: There is no 及 in font nullfont!
Missing character: There is no 相 in font nullfont!
Missing character: There is no 關 in font nullfont!
Missing character: There is no 的 in font nullfont!
Missing character: There is no 反 in font nullfont!
Missing character: There is no 向 in font nullfont!
Missing character: There is no 設 in font nullfont!
Missing character: There is no 計 in font nullfont!
Missing character: There is no 方 in font nullfont!
Missing character: There is no 法 in font nullfont!
Missing character: There is no 。 in font nullfont!
Missing character: There is no 第 in font nullfont!
Missing character: There is no 三 in font nullfont!
Missing character: There is no 章 in font nullfont!
Missing character: There is no 詳 in font nullfont!
Missing character: There is no 細 in font nullfont!
Missing character: There is no 闡 in font nullfont!
Missing character: There is no 述 in font nullfont!
Missing character: There is no 本 in font nullfont!
Missing character: There is no 研 in font nullfont!
Missing character: There is no 究 in font nullfont!
Missing character: There is no 所 in font nullfont!
Missing character: There is no 採 in font nullfont!
Missing character: There is no 用 in font nullfont!
Missing character: There is no 的 in font nullfont!
Missing character: There is no 數 in font nullfont!
Missing character: There is no 值 in font nullfont!
Missing character: There is no 模 in font nullfont!
Missing character: There is no 擬 in font nullfont!
Missing character: There is no 架 in font nullfont!
Missing character: There is no 構 in font nullfont!
Missing character: There is no 、 in font nullfont!
Missing character: There is no 物 in font nullfont!
Missing character: There is no 理 in font nullfont!
Missing character: There is no 模 in font nullfont!
Missing character: There is no 型 in font nullfont!
Missing character: There is no 、 in font nullfont!
Missing character: There is no 拓 in font nullfont!
Missing character: There is no 樸 in font nullfont!
Missing character: There is no 最 in font nullfont!
Missing character: There is no 佳 in font nullfont!
Missing character: There is no 化 in font nullfont!
Missing character: There is no 方 in font nullfont!
Missing character: There is no 法 in font nullfont!
Missing character: There is no 以 in font nullfont!
Missing character: There is no 及 in font nullfont!
Missing character: There is no 效 in font nullfont!
Missing character: There is no 能 in font nullfont!
Missing character: There is no 指 in font nullfont!
Missing character: There is no 標 in font nullfont!
Missing character: There is no 的 in font nullfont!
Missing character: There is no 具 in font nullfont!
Missing character: There is no 體 in font nullfont!
Missing character: There is no 定 in font nullfont!
Missing character: There is no 義 in font nullfont!
Missing character: There is no 。 in font nullfont!
Missing character: There is no 第 in font nullfont!
Missing character: There is no 四 in font nullfont!
Missing character: There is no 章 in font nullfont!
Missing character: There is no 展 in font nullfont!
Missing character: There is no 示 in font nullfont!
Missing character: There is no 最 in font nullfont!
Missing character: There is no 佳 in font nullfont!
Missing character: There is no 化 in font nullfont!
Missing character: There is no 元 in font nullfont!
Missing character: There is no 件 in font nullfont!
Missing character: There is no 結 in font nullfont!
Missing character: There is no 構 in font nullfont!
Missing character: There is no ， in font nullfont!
Missing character: There is no 並 in font nullfont!
Missing character: There is no 透 in font nullfont!
Missing character: There is no 過 in font nullfont!
Missing character: There is no 近 in font nullfont!
Missing character: There is no 場 in font nullfont!
Missing character: There is no 與 in font nullfont!
Missing character: There is no 遠 in font nullfont!
Missing character: There is no 場 in font nullfont!
Missing character: There is no 特 in font nullfont!
Missing character: There is no 徵 in font nullfont!
Missing character: There is no 分 in font nullfont!
Missing character: There is no 析 in font nullfont!
Missing character: There is no 評 in font nullfont!
Missing character: There is no 估 in font nullfont!
Missing character: There is no 其 in font nullfont!
Missing character: There is no 光 in font nullfont!
Missing character: There is no 學 in font nullfont!
Missing character: There is no 效 in font nullfont!
Missing character: There is no 能 in font nullfont!
Missing character: There is no 。 in font nullfont!
Missing character: There is no 第 in font nullfont!
Missing character: There is no 五 in font nullfont!
Missing character: There is no 章 in font nullfont!
Missing character: There is no 探 in font nullfont!
Missing character: There is no 討 in font nullfont!
Missing character: There is no 軌 in font nullfont!
Missing character: There is no 道 in font nullfont!
Missing character: There is no 角 in font nullfont!
Missing character: There is no 動 in font nullfont!
Missing character: There is no 量 in font nullfont!
Missing character: There is no 模 in font nullfont!
Missing character: There is no 態 in font nullfont!
Missing character: There is no 生 in font nullfont!
Missing character: There is no 成 in font nullfont!
Missing character: There is no 的 in font nullfont!
Missing character: There is no 物 in font nullfont!
Missing character: There is no 理 in font nullfont!
Missing character: There is no 機 in font nullfont!
Missing character: There is no 制 in font nullfont!
Missing character: There is no ， in font nullfont!
Missing character: There is no 將 in font nullfont!
Missing character: There is no 所 in font nullfont!
Missing character: There is no 得 in font nullfont!
Missing character: There is no 結 in font nullfont!
Missing character: There is no 果 in font nullfont!
Missing character: There is no 與 in font nullfont!
Missing character: There is no 前 in font nullfont!
Missing character: There is no 人 in font nullfont!
Missing character: There is no 研 in font nullfont!
Missing character: There is no 究 in font nullfont!
Missing character: There is no 進 in font nullfont!
Missing character: There is no 行 in font nullfont!
Missing character: There is no 對 in font nullfont!
Missing character: There is no 比 in font nullfont!
Missing character: There is no ， in font nullfont!
Missing character: There is no 並 in font nullfont!
Missing character: There is no 剖 in font nullfont!
Missing character: There is no 析 in font nullfont!
Missing character: There is no 該 in font nullfont!
Missing character: There is no 方 in font nullfont!
Missing character: There is no 法 in font nullfont!
Missing character: There is no 的 in font nullfont!
Missing character: There is no 物 in font nullfont!
Missing character: There is no 理 in font nullfont!
Missing character: There is no 限 in font nullfont!
Missing character: There is no 制 in font nullfont!
Missing character: There is no 與 in font nullfont!
Missing character: There is no 未 in font nullfont!
Missing character: There is no 來 in font nullfont!
Missing character: There is no 研 in font nullfont!
Missing character: There is no 究 in font nullfont!
Missing character: There is no 方 in font nullfont!
Missing character: There is no 向 in font nullfont!
Missing character: There is no 。 in font nullfont!
Missing character: There is no 第 in font nullfont!
Missing character: There is no 六 in font nullfont!
Missing character: There is no 章 in font nullfont!
Missing character: There is no 總 in font nullfont!
Missing character: There is no 結 in font nullfont!
Missing character: There is no 本 in font nullfont!
Missing character: There is no 論 in font nullfont!
Missing character: There is no 文 in font nullfont!
Missing character: There is no 的 in font nullfont!
Missing character: There is no 主 in font nullfont!
Missing character: There is no 要 in font nullfont!
Missing character: There is no 研 in font nullfont!
Missing character: There is no 究 in font nullfont!
Missing character: There is no 結 in font nullfont!
Missing character: There is no 論 in font nullfont!
Missing character: There is no ， in font nullfont!
Missing character: There is no 並 in font nullfont!
Missing character: There is no 概 in font nullfont!
Missing character: There is no 述 in font nullfont!
Missing character: There is no 未 in font nullfont!
Missing character: There is no 來 in font nullfont!
Missing character: There is no 潛 in font nullfont!
Missing character: There is no 在 in font nullfont!
Missing character: There is no 的 in font nullfont!
Missing character: There is no 研 in font nullfont!
Missing character: There is no 究 in font nullfont!
Missing character: There is no 方 in font nullfont!
Missing character: There is no 向 in font nullfont!
Missing character: There is no 。 in font nullfont!
)
! Emergency stop.
<*> ./1.Introduction.tex
                        
*** (job aborted, no legal \end found)

 
Here is how much of TeX's memory you used:
 23 strings out of 402628
 501 string characters out of 5439113
 429017 words of memory out of 5000000
 29174 multiletter control sequences out of 15000+600000
 627737 words of font info for 42 fonts, out of 8000000 for 9000
 1348 hyphenation exceptions out of 8191
 19i,2n,31p,365b,102s stack positions out of 10000i,1000n,20000p,200000b,200000s
No pages of output.
