This is XeTeX, Version 3.141592653-2.6-0.999998 (MiKTeX 26.5) (preloaded format=xelatex 2026.6.23)  6 JUL 2026 15:45
entering extended mode
 restricted \write18 enabled.
 %&-line parsing enabled.
**./2.Literature_Review.tex
(2.Literature_Review.tex
LaTeX2e <2026-06-01>
L3 programming layer <2026-05-26>
! Undefined control sequence.
l.1 \chapter
            {Literature Review}
The control sequence at the end of the top line
of your error message was never \def'ed. If you have
misspelled it (e.g., `\hobx'), type `I' and the correct
spelling (e.g., `I\hbox'). Otherwise just continue,
and I'll forget about whatever was undefined.


! LaTeX Error: Missing \begin{document}.

See the LaTeX manual or LaTeX Companion for explanation.
Type  H <return>  for immediate help.
 ...                                              
                                                  
l.1 \chapter{L
              iterature Review}
You're in trouble here.  Try typing  <return>  to proceed.
If that doesn't work, type  X <return>  to quit.

Missing character: There is no L in font nullfont!
Missing character: There is no i in font nullfont!
Missing character: There is no t in font nullfont!
Missing character: There is no e in font nullfont!
Missing character: There is no r in font nullfont!
Missing character: There is no a in font nullfont!
Missing character: There is no t in font nullfont!
Missing character: There is no u in font nullfont!
Missing character: There is no r in font nullfont!
Missing character: There is no e in font nullfont!
Missing character: There is no R in font nullfont!
Missing character: There is no e in font nullfont!
Missing character: There is no v in font nullfont!
Missing character: There is no i in font nullfont!
Missing character: There is no e in font nullfont!
Missing character: There is no w in font nullfont!

Overfull \hbox (20.0pt too wide) in paragraph at lines 1--3
[]
 []

! Undefined control sequence.
l.4 \section
            {Theoretical Foundation}
The control sequence at the end of the top line
of your error message was never \def'ed. If you have
misspelled it (e.g., `\hobx'), type `I' and the correct
spelling (e.g., `I\hbox'). Otherwise just continue,
and I'll forget about whatever was undefined.


! LaTeX Error: Missing \begin{document}.

See the LaTeX manual or LaTeX Companion for explanation.
Type  H <return>  for immediate help.
 ...                                              
                                                  
l.4 \section{T
              heoretical Foundation}
You're in trouble here.  Try typing  <return>  to proceed.
If that doesn't work, type  X <return>  to quit.

Missing character: There is no T in font nullfont!
Missing character: There is no h in font nullfont!
Missing character: There is no e in font nullfont!
Missing character: There is no o in font nullfont!
Missing character: There is no r in font nullfont!
Missing character: There is no e in font nullfont!
Missing character: There is no t in font nullfont!
Missing character: There is no i in font nullfont!
Missing character: There is no c in font nullfont!
Missing character: There is no a in font nullfont!
Missing character: There is no l in font nullfont!
Missing character: There is no F in font nullfont!
Missing character: There is no o in font nullfont!
Missing character: There is no u in font nullfont!
Missing character: There is no n in font nullfont!
Missing character: There is no d in font nullfont!
Missing character: There is no a in font nullfont!
Missing character: There is no t in font nullfont!
Missing character: There is no i in font nullfont!
Missing character: There is no o in font nullfont!
Missing character: There is no n in font nullfont!

Overfull \hbox (20.0pt too wide) in paragraph at lines 4--5
[]
 []

! Undefined control sequence.
l.6 \subsection
               {Orbital Angular Momentum of Light}
The control sequence at the end of the top line
of your error message was never \def'ed. If you have
misspelled it (e.g., `\hobx'), type `I' and the correct
spelling (e.g., `I\hbox'). Otherwise just continue,
and I'll forget about whatever was undefined.


! LaTeX Error: Missing \begin{document}.

See the LaTeX manual or LaTeX Companion for explanation.
Type  H <return>  for immediate help.
 ...                                              
                                                  
l.6 \subsection{O
                 rbital Angular Momentum of Light}
You're in trouble here.  Try typing  <return>  to proceed.
If that doesn't work, type  X <return>  to quit.

Missing character: There is no O in font nullfont!
Missing character: There is no r in font nullfont!
Missing character: There is no b in font nullfont!
Missing character: There is no i in font nullfont!
Missing character: There is no t in font nullfont!
Missing character: There is no a in font nullfont!
Missing character: There is no l in font nullfont!
Missing character: There is no A in font nullfont!
Missing character: There is no n in font nullfont!
Missing character: There is no g in font nullfont!
Missing character: There is no u in font nullfont!
Missing character: There is no l in font nullfont!
Missing character: There is no a in font nullfont!
Missing character: There is no r in font nullfont!
Missing character: There is no M in font nullfont!
Missing character: There is no o in font nullfont!
Missing character: There is no m in font nullfont!
Missing character: There is no e in font nullfont!
Missing character: There is no n in font nullfont!
Missing character: There is no t in font nullfont!
Missing character: There is no u in font nullfont!
Missing character: There is no m in font nullfont!
Missing character: There is no o in font nullfont!
Missing character: There is no f in font nullfont!
Missing character: There is no L in font nullfont!
Missing character: There is no i in font nullfont!
Missing character: There is no g in font nullfont!
Missing character: There is no h in font nullfont!
Missing character: There is no t in font nullfont!

Overfull \hbox (20.0pt too wide) in paragraph at lines 6--7
[]
 []


! LaTeX Error: Missing \begin{document}.

See the LaTeX manual or LaTeX Companion for explanation.
Type  H <return>  for immediate help.
 ...                                              
                                                  
l.8 在
     古典電磁學與現代量子光學中，光子不僅攜帶線性動量，亦具備角動量。光學角動量通常可明確區分為自旋角動量（Spin Angular Momentu...

You're in trouble here.  Try typing  <return>  to proceed.
If that doesn't work, type  X <return>  to quit.

Missing character: There is no 在 in font nullfont!
Missing character: There is no 古 in font nullfont!
Missing character: There is no 典 in font nullfont!
Missing character: There is no 電 in font nullfont!
Missing character: There is no 磁 in font nullfont!
Missing character: There is no 學 in font nullfont!
Missing character: There is no 與 in font nullfont!
Missing character: There is no 現 in font nullfont!
Missing character: There is no 代 in font nullfont!
Missing character: There is no 量 in font nullfont!
Missing character: There is no 子 in font nullfont!
Missing character: There is no 光 in font nullfont!
Missing character: There is no 學 in font nullfont!
Missing character: There is no 中 in font nullfont!
Missing character: There is no ， in font nullfont!
Missing character: There is no 光 in font nullfont!
Missing character: There is no 子 in font nullfont!
Missing character: There is no 不 in font nullfont!
Missing character: There is no 僅 in font nullfont!
Missing character: There is no 攜 in font nullfont!
Missing character: There is no 帶 in font nullfont!
Missing character: There is no 線 in font nullfont!
Missing character: There is no 性 in font nullfont!
Missing character: There is no 動 in font nullfont!
Missing character: There is no 量 in font nullfont!
Missing character: There is no ， in font nullfont!
Missing character: There is no 亦 in font nullfont!
Missing character: There is no 具 in font nullfont!
Missing character: There is no 備 in font nullfont!
Missing character: There is no 角 in font nullfont!
Missing character: There is no 動 in font nullfont!
Missing character: There is no 量 in font nullfont!
Missing character: There is no 。 in font nullfont!
Missing character: There is no 光 in font nullfont!
Missing character: There is no 學 in font nullfont!
Missing character: There is no 角 in font nullfont!
Missing character: There is no 動 in font nullfont!
Missing character: There is no 量 in font nullfont!
Missing character: There is no 通 in font nullfont!
Missing character: There is no 常 in font nullfont!
Missing character: There is no 可 in font nullfont!
Missing character: There is no 明 in font nullfont!
Missing character: There is no 確 in font nullfont!
Missing character: There is no 區 in font nullfont!
Missing character: There is no 分 in font nullfont!
Missing character: There is no 為 in font nullfont!
Missing character: There is no 自 in font nullfont!
Missing character: There is no 旋 in font nullfont!
Missing character: There is no 角 in font nullfont!
Missing character: There is no 動 in font nullfont!
Missing character: There is no 量 in font nullfont!
Missing character: There is no （ in font nullfont!
Missing character: There is no S in font nullfont!
Missing character: There is no p in font nullfont!
Missing character: There is no i in font nullfont!
Missing character: There is no n in font nullfont!
Missing character: There is no A in font nullfont!
Missing character: There is no n in font nullfont!
Missing character: There is no g in font nullfont!
Missing character: There is no u in font nullfont!
Missing character: There is no l in font nullfont!
Missing character: There is no a in font nullfont!
Missing character: There is no r in font nullfont!
Missing character: There is no M in font nullfont!
Missing character: There is no o in font nullfont!
Missing character: There is no m in font nullfont!
Missing character: There is no e in font nullfont!
Missing character: There is no n in font nullfont!
Missing character: There is no t in font nullfont!
Missing character: There is no u in font nullfont!
Missing character: There is no m in font nullfont!
Missing character: There is no , in font nullfont!
Missing character: There is no S in font nullfont!
Missing character: There is no A in font nullfont!
Missing character: There is no M in font nullfont!
Missing character: There is no ） in font nullfont!
Missing character: There is no 與 in font nullfont!
Missing character: There is no 軌 in font nullfont!
Missing character: There is no 道 in font nullfont!
Missing character: There is no 角 in font nullfont!
Missing character: There is no 動 in font nullfont!
Missing character: There is no 量 in font nullfont!
Missing character: There is no （ in font nullfont!
Missing character: There is no O in font nullfont!
Missing character: There is no r in font nullfont!
Missing character: There is no b in font nullfont!
Missing character: There is no i in font nullfont!
Missing character: There is no t in font nullfont!
Missing character: There is no a in font nullfont!
Missing character: There is no l in font nullfont!
Missing character: There is no A in font nullfont!
Missing character: There is no n in font nullfont!
Missing character: There is no g in font nullfont!
Missing character: There is no u in font nullfont!
Missing character: There is no l in font nullfont!
Missing character: There is no a in font nullfont!
Missing character: There is no r in font nullfont!
Missing character: There is no M in font nullfont!
Missing character: There is no o in font nullfont!
Missing character: There is no m in font nullfont!
Missing character: There is no e in font nullfont!
Missing character: There is no n in font nullfont!
Missing character: There is no t in font nullfont!
Missing character: There is no u in font nullfont!
Missing character: There is no m in font nullfont!
Missing character: There is no , in font nullfont!
Missing character: There is no O in font nullfont!
Missing character: There is no A in font nullfont!
Missing character: There is no M in font nullfont!
Missing character: There is no ） in font nullfont!
Missing character: There is no 兩 in font nullfont!
Missing character: There is no 個 in font nullfont!
Missing character: There is no 部 in font nullfont!
Missing character: There is no 分 in font nullfont!
Missing character: There is no 。 in font nullfont!
Missing character: There is no 自 in font nullfont!
Missing character: There is no 旋 in font nullfont!
Missing character: There is no 角 in font nullfont!
Missing character: There is no 動 in font nullfont!
Missing character: There is no 量 in font nullfont!
Missing character: There is no 與 in font nullfont!
Missing character: There is no 光 in font nullfont!
Missing character: There is no 波 in font nullfont!
Missing character: There is no 的 in font nullfont!
Missing character: There is no 圓 in font nullfont!
Missing character: There is no 偏 in font nullfont!
Missing character: There is no 振 in font nullfont!
Missing character: There is no 狀 in font nullfont!
Missing character: There is no 態 in font nullfont!
Missing character: There is no 密 in font nullfont!
Missing character: There is no 切 in font nullfont!
Missing character: There is no 相 in font nullfont!
Missing character: There is no 關 in font nullfont!
Missing character: There is no ， in font nullfont!
Missing character: There is no 主 in font nullfont!
Missing character: There is no 要 in font nullfont!
Missing character: There is no 表 in font nullfont!
Missing character: There is no 現 in font nullfont!
Missing character: There is no 為 in font nullfont!
Missing character: There is no 光 in font nullfont!
Missing character: There is no 場 in font nullfont!
Missing character: There is no 向 in font nullfont!
Missing character: There is no 量 in font nullfont!
Missing character: There is no 的 in font nullfont!
Missing character: There is no 旋 in font nullfont!
Missing character: There is no 轉 in font nullfont!
Missing character: There is no 性 in font nullfont!
Missing character: There is no 質 in font nullfont!
Missing character: There is no ； in font nullfont!
Missing character: There is no 而 in font nullfont!
Missing character: There is no 軌 in font nullfont!
Missing character: There is no 道 in font nullfont!
Missing character: There is no 角 in font nullfont!
Missing character: There is no 動 in font nullfont!
Missing character: There is no 量 in font nullfont!
Missing character: There is no 則 in font nullfont!
Missing character: There is no 取 in font nullfont!
Missing character: There is no 決 in font nullfont!
Missing character: There is no 於 in font nullfont!
Missing character: There is no 光 in font nullfont!
Missing character: There is no 場 in font nullfont!
Missing character: There is no 的 in font nullfont!
Missing character: There is no 空 in font nullfont!
Missing character: There is no 間 in font nullfont!
Missing character: There is no 幾 in font nullfont!
Missing character: There is no 何 in font nullfont!
Missing character: There is no 分 in font nullfont!
Missing character: There is no 佈 in font nullfont!
Missing character: There is no ， in font nullfont!
Missing character: There is no 特 in font nullfont!
Missing character: There is no 別 in font nullfont!
Missing character: There is no 是 in font nullfont!
Missing character: There is no 與 in font nullfont!
Missing character: There is no 波 in font nullfont!
Missing character: There is no 前 in font nullfont!
Missing character: There is no 的 in font nullfont!
Missing character: There is no 空 in font nullfont!
Missing character: There is no 間 in font nullfont!
Missing character: There is no 相 in font nullfont!
Missing character: There is no 位 in font nullfont!
Missing character: There is no 結 in font nullfont!
Missing character: There is no 構 in font nullfont!
Missing character: There is no 息 in font nullfont!
Missing character: There is no 息 in font nullfont!
Missing character: There is no 相 in font nullfont!
Missing character: There is no 關 in font nullfont!
Missing character: There is no 。 in font nullfont!

Overfull \hbox (20.0pt too wide) in paragraph at lines 8--9
[]
 []


! LaTeX Error: Missing \begin{document}.

See the LaTeX manual or LaTeX Companion for explanation.
Type  H <return>  for immediate help.
 ...                                              
                                                  
l.10 在
      物理機制上，電磁場的總角動量密度 $\mathbf{J}$ 可以透過坡印廷向量（Poynting vector）來定義，其數學表達式如公式所示：
You're in trouble here.  Try typing  <return>  to proceed.
If that doesn't work, type  X <return>  to quit.

Missing character: There is no 在 in font nullfont!
Missing character: There is no 物 in font nullfont!
Missing character: There is no 理 in font nullfont!
Missing character: There is no 機 in font nullfont!
Missing character: There is no 制 in font nullfont!
Missing character: There is no 上 in font nullfont!
Missing character: There is no ， in font nullfont!
Missing character: There is no 電 in font nullfont!
Missing character: There is no 磁 in font nullfont!
Missing character: There is no 場 in font nullfont!
Missing character: There is no 的 in font nullfont!
Missing character: There is no 總 in font nullfont!
Missing character: There is no 角 in font nullfont!
Missing character: There is no 動 in font nullfont!
Missing character: There is no 量 in font nullfont!
Missing character: There is no 密 in font nullfont!
Missing character: There is no 度 in font nullfont!
LaTeX Font Info:    External font `cmex10' loaded for size
(Font)              <7> on input line 10.
LaTeX Font Info:    External font `cmex10' loaded for size
(Font)              <5> on input line 10.
Missing character: There is no 可 in font nullfont!
Missing character: There is no 以 in font nullfont!
Missing character: There is no 透 in font nullfont!
Missing character: There is no 過 in font nullfont!
Missing character: There is no 坡 in font nullfont!
Missing character: There is no 印 in font nullfont!
Missing character: There is no 廷 in font nullfont!
Missing character: There is no 向 in font nullfont!
Missing character: There is no 量 in font nullfont!
Missing character: There is no （ in font nullfont!
Missing character: There is no P in font nullfont!
Missing character: There is no o in font nullfont!
Missing character: There is no y in font nullfont!
Missing character: There is no n in font nullfont!
Missing character: There is no t in font nullfont!
Missing character: There is no i in font nullfont!
Missing character: There is no n in font nullfont!
Missing character: There is no g in font nullfont!
Missing character: There is no v in font nullfont!
Missing character: There is no e in font nullfont!
Missing character: There is no c in font nullfont!
Missing character: There is no t in font nullfont!
Missing character: There is no o in font nullfont!
Missing character: There is no r in font nullfont!
Missing character: There is no ） in font nullfont!
Missing character: There is no 來 in font nullfont!
Missing character: There is no 定 in font nullfont!
Missing character: There is no 義 in font nullfont!
Missing character: There is no ， in font nullfont!
Missing character: There is no 其 in font nullfont!
Missing character: There is no 數 in font nullfont!
Missing character: There is no 學 in font nullfont!
Missing character: There is no 表 in font nullfont!
Missing character: There is no 達 in font nullfont!
Missing character: There is no 式 in font nullfont!
Missing character: There is no 如 in font nullfont!
Missing character: There is no 公 in font nullfont!
Missing character: There is no 式 in font nullfont!
Missing character: There is no 所 in font nullfont!
Missing character: There is no 示 in font nullfont!
Missing character: There is no ： in font nullfont!

Overfull \hbox (20.0pt too wide) in paragraph at lines 10--11
[]
 []


Overfull \hbox (5.94441pt too wide) in paragraph at lines 10--11
\OT1/cmr/bx/n/10 J$
 []


Overfull \hbox (43.6109pt too wide) detected at line 11
\OT1/cmr/bx/n/10 J \OT1/cmr/m/n/10 = \OT1/cmr/bx/n/10 E \OMS/cmsy/m/n/10 ^^B \O
T1/cmr/bx/n/10 H
 []

Missing character: There is no 其 in font nullfont!
Missing character: There is no 中 in font nullfont!
Missing character: There is no ， in font nullfont!
Missing character: There is no 為 in font nullfont!
Missing character: There is no 電 in font nullfont!
Missing character: There is no 場 in font nullfont!
Missing character: There is no 強 in font nullfont!
Missing character: There is no 度 in font nullfont!
Missing character: There is no 向 in font nullfont!
Missing character: There is no 量 in font nullfont!
Missing character: There is no ， in font nullfont!
Missing character: There is no 為 in font nullfont!
Missing character: There is no 磁 in font nullfont!
Missing character: There is no 場 in font nullfont!
Missing character: There is no 強 in font nullfont!
Missing character: There is no 度 in font nullfont!
Missing character: There is no 。 in font nullfont!
Missing character: There is no 在 in font nullfont!
Missing character: There is no 標 in font nullfont!
Missing character: There is no 準 in font nullfont!
Missing character: There is no 的 in font nullfont!
Missing character: There is no 近 in font nullfont!
Missing character: There is no 軸 in font nullfont!
Missing character: There is no 近 in font nullfont!
Missing character: There is no 似 in font nullfont!
Missing character: There is no （ in font nullfont!
Missing character: There is no p in font nullfont!
Missing character: There is no a in font nullfont!
Missing character: There is no r in font nullfont!
Missing character: There is no a in font nullfont!
Missing character: There is no x in font nullfont!
Missing character: There is no i in font nullfont!
Missing character: There is no a in font nullfont!
Missing character: There is no l in font nullfont!
Missing character: There is no a in font nullfont!
Missing character: There is no p in font nullfont!
Missing character: There is no p in font nullfont!
Missing character: There is no r in font nullfont!
Missing character: There is no o in font nullfont!
Missing character: There is no x in font nullfont!
Missing character: There is no i in font nullfont!
Missing character: There is no m in font nullfont!
Missing character: There is no a in font nullfont!
Missing character: There is no t in font nullfont!
Missing character: There is no i in font nullfont!
Missing character: There is no o in font nullfont!
Missing character: There is no n in font nullfont!
Missing character: There is no ） in font nullfont!
Missing character: There is no 條 in font nullfont!
Missing character: There is no 件 in font nullfont!
Missing character: There is no 下 in font nullfont!
Missing character: There is no ， in font nullfont!
Missing character: There is no 假 in font nullfont!
Missing character: There is no 設 in font nullfont!
Missing character: There is no 光 in font nullfont!
Missing character: There is no 束 in font nullfont!
Missing character: There is no 沿 in font nullfont!
Missing character: There is no 著 in font nullfont!
Missing character: There is no 軸 in font nullfont!
Missing character: There is no 傳 in font nullfont!
Missing character: There is no 播 in font nullfont!
Missing character: There is no ， in font nullfont!
Missing character: There is no 此 in font nullfont!
Missing character: There is no 時 in font nullfont!
Missing character: There is no 電 in font nullfont!
Missing character: There is no 磁 in font nullfont!
Missing character: There is no 場 in font nullfont!
Missing character: There is no 的 in font nullfont!
Missing character: There is no 縱 in font nullfont!
Missing character: There is no 向 in font nullfont!
Missing character: There is no 分 in font nullfont!
Missing character: There is no 量 in font nullfont!
Missing character: There is no 遠 in font nullfont!
Missing character: There is no 小 in font nullfont!
Missing character: There is no 於 in font nullfont!
Missing character: There is no 橫 in font nullfont!
Missing character: There is no 向 in font nullfont!
Missing character: There is no 分 in font nullfont!
Missing character: There is no 量 in font nullfont!
Missing character: There is no 。 in font nullfont!
Missing character: There is no 在 in font nullfont!
Missing character: There is no 此 in font nullfont!
Missing character: There is no 近 in font nullfont!
Missing character: There is no 似 in font nullfont!
Missing character: There is no 架 in font nullfont!
Missing character: There is no 構 in font nullfont!
Missing character: There is no 下 in font nullfont!
Missing character: There is no ， in font nullfont!
Missing character: There is no 透 in font nullfont!
Missing character: There is no 過 in font nullfont!
Missing character: There is no 空 in font nullfont!
Missing character: There is no 間 in font nullfont!
Missing character: There is no 積 in font nullfont!
Missing character: There is no 分 in font nullfont!
Missing character: There is no ， in font nullfont!
Missing character: There is no 總 in font nullfont!
Missing character: There is no 角 in font nullfont!
Missing character: There is no 動 in font nullfont!
Missing character: There is no 量 in font nullfont!
Missing character: There is no 可 in font nullfont!
Missing character: There is no 以 in font nullfont!
Missing character: There is no 嚴 in font nullfont!
Missing character: There is no 格 in font nullfont!
Missing character: There is no 且 in font nullfont!
Missing character: There is no 完 in font nullfont!
Missing character: There is no 備 in font nullfont!
Missing character: There is no 地 in font nullfont!
Missing character: There is no 拆 in font nullfont!
Missing character: There is no 解 in font nullfont!
Missing character: There is no 為 in font nullfont!
Missing character: There is no 自 in font nullfont!
Missing character: There is no 旋 in font nullfont!
Missing character: There is no 角 in font nullfont!
Missing character: There is no 動 in font nullfont!
Missing character: There is no 量 in font nullfont!
Missing character: There is no 與 in font nullfont!
Missing character: There is no 軌 in font nullfont!
Missing character: There is no 道 in font nullfont!
Missing character: There is no 角 in font nullfont!
Missing character: There is no 動 in font nullfont!
Missing character: There is no 量 in font nullfont!
Missing character: There is no 的 in font nullfont!
Missing character: There is no 獨 in font nullfont!
Missing character: There is no 立 in font nullfont!
Missing character: There is no 線 in font nullfont!
Missing character: There is no 性 in font nullfont!
Missing character: There is no 疊 in font nullfont!
Missing character: There is no 加 in font nullfont!
Missing character: There is no ： in font nullfont!

Overfull \hbox (7.55551pt too wide) in paragraph at lines 11--13
 $\OT1/cmr/bx/n/10 E$
 []


Overfull \hbox (8.99995pt too wide) in paragraph at lines 11--13
\OT1/cmr/bx/n/10 H$
 []


Overfull \hbox (5.0903pt too wide) in paragraph at lines 11--13
\OML/cmm/m/it/10 z$
 []


Overfull \hbox (5.94441pt too wide) in paragraph at lines 11--13
\OT1/cmr/bx/n/10 J$
 []


Overfull \hbox (6.38885pt too wide) in paragraph at lines 11--13
\OT1/cmr/bx/n/10 S$
 []


Overfull \hbox (6.91663pt too wide) in paragraph at lines 11--13
\OT1/cmr/bx/n/10 L$
 []


Overfull \hbox (40.36092pt too wide) detected at line 13
\OT1/cmr/bx/n/10 J \OT1/cmr/m/n/10 = \OT1/cmr/bx/n/10 S \OT1/cmr/m/n/10 + \OT1/
cmr/bx/n/10 L
 []

Missing character: There is no 此 in font nullfont!
Missing character: There is no 公 in font nullfont!
Missing character: There is no 式 in font nullfont!
Missing character: There is no 即 in font nullfont!
Missing character: There is no 代 in font nullfont!
Missing character: There is no 表 in font nullfont!
Missing character: There is no 自 in font nullfont!
Missing character: There is no 旋 in font nullfont!
Missing character: There is no 角 in font nullfont!
Missing character: There is no 動 in font nullfont!
Missing character: There is no 量 in font nullfont!
Missing character: There is no 與 in font nullfont!
Missing character: There is no 軌 in font nullfont!
Missing character: There is no 道 in font nullfont!
Missing character: There is no 角 in font nullfont!
Missing character: There is no 動 in font nullfont!
Missing character: There is no 量 in font nullfont!
Missing character: There is no 完 in font nullfont!
Missing character: There is no 全 in font nullfont!
Missing character: There is no 分 in font nullfont!
Missing character: There is no 離 in font nullfont!
Missing character: There is no ， in font nullfont!
Missing character: There is no 在 in font nullfont!
Missing character: There is no 傳 in font nullfont!
Missing character: There is no 播 in font nullfont!
Missing character: There is no 過 in font nullfont!
Missing character: There is no 程 in font nullfont!
Missing character: There is no 中 in font nullfont!
Missing character: There is no 不 in font nullfont!
Missing character: There is no 會 in font nullfont!
Missing character: There is no 發 in font nullfont!
Missing character: There is no 生 in font nullfont!
Missing character: There is no 內 in font nullfont!
Missing character: There is no 部 in font nullfont!
Missing character: There is no 的 in font nullfont!
Missing character: There is no 能 in font nullfont!
Missing character: There is no 量 in font nullfont!
Missing character: There is no 交 in font nullfont!
Missing character: There is no 換 in font nullfont!
Missing character: There is no 或 in font nullfont!
Missing character: There is no 動 in font nullfont!
Missing character: There is no 量 in font nullfont!
Missing character: There is no 耦 in font nullfont!
Missing character: There is no 合 in font nullfont!
Missing character: There is no 。 in font nullfont!

! LaTeX Error: Missing \begin{document}.

See the LaTeX manual or LaTeX Companion for explanation.
Type  H <return>  for immediate help.
 ...                                              
                                                  
l.16 對
      於具有螺旋波前（helical wavefront）的光束而言，其電場複數振幅在圓柱坐標系 $(r, \phi, z)$ 下包含一個特定的方...

You're in trouble here.  Try typing  <return>  to proceed.
If that doesn't work, type  X <return>  to quit.

Missing character: There is no 對 in font nullfont!
Missing character: There is no 於 in font nullfont!
Missing character: There is no 具 in font nullfont!
Missing character: There is no 有 in font nullfont!
Missing character: There is no 螺 in font nullfont!
Missing character: There is no 旋 in font nullfont!
Missing character: There is no 波 in font nullfont!
Missing character: There is no 前 in font nullfont!
Missing character: There is no （ in font nullfont!
Missing character: There is no h in font nullfont!
Missing character: There is no e in font nullfont!
Missing character: There is no l in font nullfont!
Missing character: There is no i in font nullfont!
Missing character: There is no c in font nullfont!
Missing character: There is no a in font nullfont!
Missing character: There is no l in font nullfont!
Missing character: There is no w in font nullfont!
Missing character: There is no a in font nullfont!
Missing character: There is no v in font nullfont!
Missing character: There is no e in font nullfont!
Missing character: There is no f in font nullfont!
Missing character: There is no r in font nullfont!
Missing character: There is no o in font nullfont!
Missing character: There is no n in font nullfont!
Missing character: There is no t in font nullfont!
Missing character: There is no ） in font nullfont!
Missing character: There is no 的 in font nullfont!
Missing character: There is no 光 in font nullfont!
Missing character: There is no 束 in font nullfont!
Missing character: There is no 而 in font nullfont!
Missing character: There is no 言 in font nullfont!
Missing character: There is no ， in font nullfont!
Missing character: There is no 其 in font nullfont!
Missing character: There is no 電 in font nullfont!
Missing character: There is no 場 in font nullfont!
Missing character: There is no 複 in font nullfont!
Missing character: There is no 數 in font nullfont!
Missing character: There is no 振 in font nullfont!
Missing character: There is no 幅 in font nullfont!
Missing character: There is no 在 in font nullfont!
Missing character: There is no 圓 in font nullfont!
Missing character: There is no 柱 in font nullfont!
Missing character: There is no 坐 in font nullfont!
Missing character: There is no 標 in font nullfont!
Missing character: There is no 系 in font nullfont!
Missing character: There is no 下 in font nullfont!
Missing character: There is no 包 in font nullfont!
Missing character: There is no 含 in font nullfont!
Missing character: There is no 一 in font nullfont!
Missing character: There is no 個 in font nullfont!
Missing character: There is no 特 in font nullfont!
Missing character: There is no 定 in font nullfont!
Missing character: There is no 的 in font nullfont!
Missing character: There is no 方 in font nullfont!
Missing character: There is no 位 in font nullfont!
Missing character: There is no 角 in font nullfont!
Missing character: There is no 結 in font nullfont!
Missing character: There is no 構 in font nullfont!
Missing character: There is no 因 in font nullfont!
Missing character: There is no 子 in font nullfont!
Missing character: There is no 。 in font nullfont!
Missing character: There is no 根 in font nullfont!
Missing character: There is no 據 in font nullfont!
Missing character: There is no 量 in font nullfont!
Missing character: There is no 子 in font nullfont!
Missing character: There is no 力 in font nullfont!
Missing character: There is no 學 in font nullfont!
Missing character: There is no 詮 in font nullfont!
Missing character: There is no 釋 in font nullfont!
Missing character: There is no ， in font nullfont!
Missing character: There is no 光 in font nullfont!
Missing character: There is no 束 in font nullfont!
Missing character: There is no 中 in font nullfont!
Missing character: There is no 的 in font nullfont!
Missing character: There is no 每 in font nullfont!
Missing character: There is no 一 in font nullfont!
Missing character: There is no 個 in font nullfont!
Missing character: There is no 光 in font nullfont!
Missing character: There is no 子 in font nullfont!
Missing character: There is no 皆 in font nullfont!
Missing character: There is no 攜 in font nullfont!
Missing character: There is no 帶 in font nullfont!
Missing character: There is no 確 in font nullfont!
Missing character: There is no 定 in font nullfont!
Missing character: There is no 的 in font nullfont!
Missing character: There is no 軌 in font nullfont!
Missing character: There is no 道 in font nullfont!
Missing character: There is no 角 in font nullfont!
Missing character: There is no 動 in font nullfont!
Missing character: There is no 量 in font nullfont!
Missing character: There is no 值 in font nullfont!
Missing character: There is no ， in font nullfont!
Missing character: There is no 其 in font nullfont!
Missing character: There is no 特 in font nullfont!
Missing character: There is no 徵 in font nullfont!
Missing character: There is no 關 in font nullfont!
Missing character: There is no 係 in font nullfont!
Missing character: There is no 式 in font nullfont!
Missing character: There is no 如 in font nullfont!
Missing character: There is no 公 in font nullfont!
Missing character: There is no 式 in font nullfont!
Missing character: There is no 所 in font nullfont!
Missing character: There is no 示 in font nullfont!
Missing character: There is no ： in font nullfont!

Overfull \hbox (20.0pt too wide) in paragraph at lines 16--17
[]
 []


Overfull \hbox (31.94908pt too wide) in paragraph at lines 16--17
\OT1/cmr/m/n/10 (\OML/cmm/m/it/10 r; ^^^; z\OT1/cmr/m/n/10 )$
 []


Overfull \hbox (16.14114pt too wide) in paragraph at lines 16--17
\OML/cmm/m/it/10 e[]$ 
 []


Overfull \hbox (34.67488pt too wide) detected at line 17
\OML/cmm/m/it/10 L[] \OT1/cmr/m/n/10 = \OML/cmm/m/it/10 `[]
 []

Missing character: There is no 在 in font nullfont!
Missing character: There is no 此 in font nullfont!
Missing character: There is no 公 in font nullfont!
Missing character: There is no 式 in font nullfont!
Missing character: There is no 中 in font nullfont!
Missing character: There is no ， in font nullfont!
Missing character: There is no 代 in font nullfont!
Missing character: There is no 表 in font nullfont!
Missing character: There is no 沿 in font nullfont!
Missing character: There is no 傳 in font nullfont!
Missing character: There is no 播 in font nullfont!
Missing character: There is no 方 in font nullfont!
Missing character: There is no 向 in font nullfont!
Missing character: There is no 的 in font nullfont!
Missing character: There is no 軌 in font nullfont!
Missing character: There is no 道 in font nullfont!
Missing character: There is no 角 in font nullfont!
Missing character: There is no 動 in font nullfont!
Missing character: There is no 量 in font nullfont!
Missing character: There is no 分 in font nullfont!
Missing character: There is no 量 in font nullfont!
Missing character: There is no ， in font nullfont!
Missing character: There is no 為 in font nullfont!
Missing character: There is no 拓 in font nullfont!
Missing character: There is no 撲 in font nullfont!
Missing character: There is no 電 in font nullfont!
Missing character: There is no 荷 in font nullfont!
Missing character: There is no （ in font nullfont!
Missing character: There is no t in font nullfont!
Missing character: There is no o in font nullfont!
Missing character: There is no p in font nullfont!
Missing character: There is no o in font nullfont!
Missing character: There is no l in font nullfont!
Missing character: There is no o in font nullfont!
Missing character: There is no g in font nullfont!
Missing character: There is no i in font nullfont!
Missing character: There is no c in font nullfont!
Missing character: There is no a in font nullfont!
Missing character: There is no l in font nullfont!
Missing character: There is no c in font nullfont!
Missing character: There is no h in font nullfont!
Missing character: There is no a in font nullfont!
Missing character: There is no r in font nullfont!
Missing character: There is no g in font nullfont!
Missing character: There is no e in font nullfont!
Missing character: There is no ） in font nullfont!
Missing character: There is no ， in font nullfont!
Missing character: There is no 其 in font nullfont!
Missing character: There is no 值 in font nullfont!
Missing character: There is no 必 in font nullfont!
Missing character: There is no 須 in font nullfont!
Missing character: There is no 為 in font nullfont!
Missing character: There is no 整 in font nullfont!
Missing character: There is no 數 in font nullfont!
Missing character: There is no 以 in font nullfont!
Missing character: There is no 滿 in font nullfont!
Missing character: There is no 足 in font nullfont!
Missing character: There is no 空 in font nullfont!
Missing character: There is no 間 in font nullfont!
Missing character: There is no 波 in font nullfont!
Missing character: There is no 動 in font nullfont!
Missing character: There is no 方 in font nullfont!
Missing character: There is no 程 in font nullfont!
Missing character: There is no 式 in font nullfont!
Missing character: There is no 的 in font nullfont!
Missing character: There is no 邊 in font nullfont!
Missing character: There is no 界 in font nullfont!
Missing character: There is no 條 in font nullfont!
Missing character: There is no 件 in font nullfont!
Missing character: There is no ， in font nullfont!
Missing character: There is no 而 in font nullfont!
Missing character: There is no 則 in font nullfont!
Missing character: There is no 為 in font nullfont!
Missing character: There is no 約 in font nullfont!
Missing character: There is no 化 in font nullfont!
Missing character: There is no 普 in font nullfont!
Missing character: There is no 朗 in font nullfont!
Missing character: There is no 克 in font nullfont!
Missing character: There is no 常 in font nullfont!
Missing character: There is no 數 in font nullfont!
Missing character: There is no 。 in font nullfont!
Missing character: There is no 這 in font nullfont!
Missing character: There is no 種 in font nullfont!
Missing character: There is no 由 in font nullfont!
Missing character: There is no 空 in font nullfont!
Missing character: There is no 間 in font nullfont!
Missing character: There is no 相 in font nullfont!
Missing character: There is no 位 in font nullfont!
Missing character: There is no 梯 in font nullfont!
Missing character: There is no 度 in font nullfont!
Missing character: There is no 所 in font nullfont!
Missing character: There is no 引 in font nullfont!
Missing character: There is no 導 in font nullfont!
Missing character: There is no 的 in font nullfont!
Missing character: There is no 物 in font nullfont!
Missing character: There is no 理 in font nullfont!
Missing character: There is no 機 in font nullfont!
Missing character: There is no 制 in font nullfont!
Missing character: There is no ， in font nullfont!
Missing character: There is no 會 in font nullfont!
Missing character: There is no 在 in font nullfont!
Missing character: There is no 光 in font nullfont!
Missing character: There is no 場 in font nullfont!
Missing character: There is no 中 in font nullfont!
Missing character: There is no 產 in font nullfont!
Missing character: There is no 生 in font nullfont!
Missing character: There is no 圍 in font nullfont!
Missing character: There is no 繞 in font nullfont!
Missing character: There is no 傳 in font nullfont!
Missing character: There is no 播 in font nullfont!
Missing character: There is no 軸 in font nullfont!
Missing character: There is no 線 in font nullfont!
Missing character: There is no 的 in font nullfont!
Missing character: There is no 坡 in font nullfont!
Missing character: There is no 印 in font nullfont!
Missing character: There is no 廷 in font nullfont!
Missing character: There is no 向 in font nullfont!
Missing character: There is no 量 in font nullfont!
Missing character: There is no 螺 in font nullfont!
Missing character: There is no 旋 in font nullfont!
Missing character: There is no 環 in font nullfont!
Missing character: There is no 流 in font nullfont!
Missing character: There is no ， in font nullfont!
Missing character: There is no 進 in font nullfont!
Missing character: There is no 而 in font nullfont!
Missing character: There is no 形 in font nullfont!
Missing character: There is no 成 in font nullfont!
Missing character: There is no 宏 in font nullfont!
Missing character: There is no 觀 in font nullfont!
Missing character: There is no 上 in font nullfont!
Missing character: There is no 的 in font nullfont!
Missing character: There is no 軌 in font nullfont!
Missing character: There is no 道 in font nullfont!
Missing character: There is no 角 in font nullfont!
Missing character: There is no 動 in font nullfont!
Missing character: There is no 量 in font nullfont!
Missing character: There is no 。 in font nullfont!

Overfull \hbox (11.41325pt too wide) in paragraph at lines 17--19
$\OML/cmm/m/it/10 L[]$
 []


Overfull \hbox (4.16669pt too wide) in paragraph at lines 17--19
\OML/cmm/m/it/10 `$
 []


Overfull \hbox (5.76172pt too wide) in paragraph at lines 17--19
[]$
 []

! Undefined control sequence.
l.21 \subsection
                {Spin-Orbit Interaction}
The control sequence at the end of the top line
of your error message was never \def'ed. If you have
misspelled it (e.g., `\hobx'), type `I' and the correct
spelling (e.g., `I\hbox'). Otherwise just continue,
and I'll forget about whatever was undefined.


! LaTeX Error: Missing \begin{document}.

See the LaTeX manual or LaTeX Companion for explanation.
Type  H <return>  for immediate help.
 ...                                              
                                                  
l.21 \subsection{S
                  pin-Orbit Interaction}
You're in trouble here.  Try typing  <return>  to proceed.
If that doesn't work, type  X <return>  to quit.

Missing character: There is no S in font nullfont!
Missing character: There is no p in font nullfont!
Missing character: There is no i in font nullfont!
Missing character: There is no n in font nullfont!
Missing character: There is no - in font nullfont!
Missing character: There is no O in font nullfont!
Missing character: There is no r in font nullfont!
Missing character: There is no b in font nullfont!
Missing character: There is no i in font nullfont!
Missing character: There is no t in font nullfont!
Missing character: There is no I in font nullfont!
Missing character: There is no n in font nullfont!
Missing character: There is no t in font nullfont!
Missing character: There is no e in font nullfont!
Missing character: There is no r in font nullfont!
Missing character: There is no a in font nullfont!
Missing character: There is no c in font nullfont!
Missing character: There is no t in font nullfont!
Missing character: There is no i in font nullfont!
Missing character: There is no o in font nullfont!
Missing character: There is no n in font nullfont!

Overfull \hbox (20.0pt too wide) in paragraph at lines 21--22
[]
 []


! LaTeX Error: Missing \begin{document}.

See the LaTeX manual or LaTeX Companion for explanation.
Type  H <return>  for immediate help.
 ...                                              
                                                  
l.23 然
      而，當光學系統進入非近軸（non-paraxial）範疇，上述SAM與OAM將不再獨立。在強聚焦系統中，光線會以極大的角度向中心匯聚，使得波...

You're in trouble here.  Try typing  <return>  to proceed.
If that doesn't work, type  X <return>  to quit.

Missing character: There is no 然 in font nullfont!
Missing character: There is no 而 in font nullfont!
Missing character: There is no ， in font nullfont!
Missing character: There is no 當 in font nullfont!
Missing character: There is no 光 in font nullfont!
Missing character: There is no 學 in font nullfont!
Missing character: There is no 系 in font nullfont!
Missing character: There is no 統 in font nullfont!
Missing character: There is no 進 in font nullfont!
Missing character: There is no 入 in font nullfont!
Missing character: There is no 非 in font nullfont!
Missing character: There is no 近 in font nullfont!
Missing character: There is no 軸 in font nullfont!
Missing character: There is no （ in font nullfont!
Missing character: There is no n in font nullfont!
Missing character: There is no o in font nullfont!
Missing character: There is no n in font nullfont!
Missing character: There is no - in font nullfont!
Missing character: There is no p in font nullfont!
Missing character: There is no a in font nullfont!
Missing character: There is no r in font nullfont!
Missing character: There is no a in font nullfont!
Missing character: There is no x in font nullfont!
Missing character: There is no i in font nullfont!
Missing character: There is no a in font nullfont!
Missing character: There is no l in font nullfont!
Missing character: There is no ） in font nullfont!
Missing character: There is no 範 in font nullfont!
Missing character: There is no 疇 in font nullfont!
Missing character: There is no ， in font nullfont!
Missing character: There is no 上 in font nullfont!
Missing character: There is no 述 in font nullfont!
Missing character: There is no S in font nullfont!
Missing character: There is no A in font nullfont!
Missing character: There is no M in font nullfont!
Missing character: There is no 與 in font nullfont!
Missing character: There is no O in font nullfont!
Missing character: There is no A in font nullfont!
Missing character: There is no M in font nullfont!
Missing character: There is no 將 in font nullfont!
Missing character: There is no 不 in font nullfont!
Missing character: There is no 再 in font nullfont!
Missing character: There is no 獨 in font nullfont!
Missing character: There is no 立 in font nullfont!
Missing character: There is no 。 in font nullfont!
Missing character: There is no 在 in font nullfont!
Missing character: There is no 強 in font nullfont!
Missing character: There is no 聚 in font nullfont!
Missing character: There is no 焦 in font nullfont!
Missing character: There is no 系 in font nullfont!
Missing character: There is no 統 in font nullfont!
Missing character: There is no 中 in font nullfont!
Missing character: There is no ， in font nullfont!
Missing character: There is no 光 in font nullfont!
Missing character: There is no 線 in font nullfont!
Missing character: There is no 會 in font nullfont!
Missing character: There is no 以 in font nullfont!
Missing character: There is no 極 in font nullfont!
Missing character: There is no 大 in font nullfont!
Missing character: There is no 的 in font nullfont!
Missing character: There is no 角 in font nullfont!
Missing character: There is no 度 in font nullfont!
Missing character: There is no 向 in font nullfont!
Missing character: There is no 中 in font nullfont!
Missing character: There is no 心 in font nullfont!
Missing character: There is no 匯 in font nullfont!
Missing character: There is no 聚 in font nullfont!
Missing character: There is no ， in font nullfont!
Missing character: There is no 使 in font nullfont!
Missing character: There is no 得 in font nullfont!
Missing character: There is no 波 in font nullfont!
Missing character: There is no 前 in font nullfont!
Missing character: There is no 發 in font nullfont!
Missing character: There is no 生 in font nullfont!
Missing character: There is no 劇 in font nullfont!
Missing character: There is no 烈 in font nullfont!
Missing character: There is no 彎 in font nullfont!
Missing character: There is no 曲 in font nullfont!
Missing character: There is no ， in font nullfont!
Missing character: There is no 並 in font nullfont!
Missing character: There is no 在 in font nullfont!
Missing character: There is no 焦 in font nullfont!
Missing character: There is no 點 in font nullfont!
Missing character: There is no 附 in font nullfont!
Missing character: There is no 近 in font nullfont!
Missing character: There is no 形 in font nullfont!
Missing character: There is no 成 in font nullfont!
Missing character: There is no 極 in font nullfont!
Missing character: There is no 具 in font nullfont!
Missing character: There is no 空 in font nullfont!
Missing character: There is no 間 in font nullfont!
Missing character: There is no 不 in font nullfont!
Missing character: There is no 均 in font nullfont!
Missing character: There is no 勻 in font nullfont!
Missing character: There is no 性 in font nullfont!
Missing character: There is no 的 in font nullfont!
Missing character: There is no 橫 in font nullfont!
Missing character: There is no 向 in font nullfont!
Missing character: There is no 電 in font nullfont!
Missing character: There is no 場 in font nullfont!
Missing character: There is no 分 in font nullfont!
Missing character: There is no 佈 in font nullfont!
Missing character: There is no 。 in font nullfont!
Missing character: There is no 此 in font nullfont!
Missing character: There is no 時 in font nullfont!
Missing character: There is no ， in font nullfont!
Missing character: There is no 其 in font nullfont!
Missing character: There is no 橫 in font nullfont!
Missing character: There is no 向 in font nullfont!
Missing character: There is no 空 in font nullfont!
Missing character: There is no 間 in font nullfont!
Missing character: There is no 梯 in font nullfont!
Missing character: There is no 度 in font nullfont!
Missing character: There is no （ in font nullfont!
Missing character: There is no 與 in font nullfont!
Missing character: There is no ） in font nullfont!
Missing character: There is no 將 in font nullfont!
Missing character: There is no 會 in font nullfont!
Missing character: There is no 大 in font nullfont!
Missing character: There is no 幅 in font nullfont!
Missing character: There is no 增 in font nullfont!
Missing character: There is no 加 in font nullfont!
Missing character: There is no ， in font nullfont!
Missing character: There is no 為 in font nullfont!
Missing character: There is no 了 in font nullfont!
Missing character: There is no 滿 in font nullfont!
Missing character: There is no 足 in font nullfont!
Missing character: There is no 馬 in font nullfont!
Missing character: There is no 克 in font nullfont!
Missing character: There is no 士 in font nullfont!
Missing character: There is no 威 in font nullfont!
Missing character: There is no 方 in font nullfont!
Missing character: There is no 程 in font nullfont!
Missing character: There is no 式 in font nullfont!
Missing character: There is no 中 in font nullfont!
Missing character: There is no 的 in font nullfont!
Missing character: There is no 高 in font nullfont!
Missing character: There is no 斯 in font nullfont!
Missing character: There is no 定 in font nullfont!
Missing character: There is no 律 in font nullfont!
Missing character: There is no ： in font nullfont!

Overfull \hbox (54.86111pt too wide) in paragraph at lines 23--24
[]$\OML/cmm/m/it/10 @E[]=@x$
 []


Overfull \hbox (34.17946pt too wide) in paragraph at lines 23--24
\OML/cmm/m/it/10 @E[]=@y$ 
 []


Overfull \hbox (127.27742pt too wide) detected at line 26
\OMS/cmsy/m/n/10 r ^^A \OT1/cmr/bx/n/10 E \OT1/cmr/m/n/10 = [] + [] + [] = 0
 []

Missing character: There is no 系 in font nullfont!
Missing character: There is no 統 in font nullfont!
Missing character: There is no 必 in font nullfont!
Missing character: There is no 然 in font nullfont!
Missing character: There is no 會 in font nullfont!
Missing character: There is no 產 in font nullfont!
Missing character: There is no 生 in font nullfont!
Missing character: There is no 顯 in font nullfont!
Missing character: There is no 著 in font nullfont!
Missing character: There is no 的 in font nullfont!
Missing character: There is no 縱 in font nullfont!
Missing character: There is no 向 in font nullfont!
Missing character: There is no 電 in font nullfont!
Missing character: There is no 場 in font nullfont!
Missing character: There is no 分 in font nullfont!
Missing character: There is no 量 in font nullfont!
Missing character: There is no ， in font nullfont!
Missing character: There is no 其 in font nullfont!
Missing character: There is no 振 in font nullfont!
Missing character: There is no 幅 in font nullfont!
Missing character: There is no 大 in font nullfont!
Missing character: There is no 小 in font nullfont!
Missing character: There is no 與 in font nullfont!
Missing character: There is no 橫 in font nullfont!
Missing character: There is no 向 in font nullfont!
Missing character: There is no 分 in font nullfont!
Missing character: There is no 量 in font nullfont!
Missing character: There is no 相 in font nullfont!
Missing character: There is no 當 in font nullfont!
Missing character: There is no ， in font nullfont!
Missing character: There is no 在 in font nullfont!
Missing character: There is no 數 in font nullfont!
Missing character: There is no 學 in font nullfont!
Missing character: There is no 計 in font nullfont!
Missing character: There is no 算 in font nullfont!
Missing character: There is no 與 in font nullfont!
Missing character: There is no 物 in font nullfont!
Missing character: There is no 理 in font nullfont!
Missing character: There is no 效 in font nullfont!
Missing character: There is no 應 in font nullfont!
Missing character: There is no 上 in font nullfont!
Missing character: There is no 皆 in font nullfont!
Missing character: There is no 不 in font nullfont!
Missing character: There is no 可 in font nullfont!
Missing character: There is no 忽 in font nullfont!
Missing character: There is no 略 in font nullfont!
Missing character: There is no 。 in font nullfont!
Missing character: There is no 這 in font nullfont!
Missing character: There is no 種 in font nullfont!
Missing character: There is no 由 in font nullfont!
Missing character: There is no 幾 in font nullfont!
Missing character: There is no 何 in font nullfont!
Missing character: There is no 邊 in font nullfont!
Missing character: There is no 界 in font nullfont!
Missing character: There is no 與 in font nullfont!
Missing character: There is no 波 in font nullfont!
Missing character: There is no 前 in font nullfont!
Missing character: There is no 結 in font nullfont!
Missing character: There is no 構 in font nullfont!
Missing character: There is no 驅 in font nullfont!
Missing character: There is no 動 in font nullfont!
Missing character: There is no 的 in font nullfont!
Missing character: There is no 場 in font nullfont!
Missing character: There is no 分 in font nullfont!
Missing character: There is no 量 in font nullfont!
Missing character: There is no 耦 in font nullfont!
Missing character: There is no 合 in font nullfont!
Missing character: There is no 轉 in font nullfont!
Missing character: There is no 換 in font nullfont!
Missing character: There is no ， in font nullfont!
Missing character: There is no 便 in font nullfont!
Missing character: There is no 是 in font nullfont!
Missing character: There is no 引 in font nullfont!
Missing character: There is no 發 in font nullfont!
Missing character: There is no 光 in font nullfont!
Missing character: There is no 學 in font nullfont!
Missing character: There is no 自 in font nullfont!
Missing character: There is no 旋 in font nullfont!
Missing character: There is no 軌 in font nullfont!
Missing character: There is no 道 in font nullfont!
Missing character: There is no 交 in font nullfont!
Missing character: There is no 互 in font nullfont!
Missing character: There is no 作 in font nullfont!
Missing character: There is no 用 in font nullfont!
Missing character: There is no （ in font nullfont!
Missing character: There is no S in font nullfont!
Missing character: There is no p in font nullfont!
Missing character: There is no i in font nullfont!
Missing character: There is no n in font nullfont!
Missing character: There is no - in font nullfont!
Missing character: There is no O in font nullfont!
Missing character: There is no r in font nullfont!
Missing character: There is no b in font nullfont!
Missing character: There is no i in font nullfont!
Missing character: There is no t in font nullfont!
Missing character: There is no I in font nullfont!
Missing character: There is no n in font nullfont!
Missing character: There is no t in font nullfont!
Missing character: There is no e in font nullfont!
Missing character: There is no r in font nullfont!
Missing character: There is no a in font nullfont!
Missing character: There is no c in font nullfont!
Missing character: There is no t in font nullfont!
Missing character: There is no i in font nullfont!
Missing character: There is no o in font nullfont!
Missing character: There is no n in font nullfont!
Missing character: There is no , in font nullfont!
Missing character: There is no S in font nullfont!
Missing character: There is no O in font nullfont!
Missing character: There is no I in font nullfont!
Missing character: There is no ） in font nullfont!
Missing character: There is no 的 in font nullfont!
Missing character: There is no 核 in font nullfont!
Missing character: There is no 心 in font nullfont!
Missing character: There is no 機 in font nullfont!
Missing character: There is no 制 in font nullfont!
Missing character: There is no 。 in font nullfont!

Overfull \hbox (11.98962pt too wide) in paragraph at lines 26--28
  $\OML/cmm/m/it/10 E[]$
 []


Overfull \hbox (29.04977pt too wide) in paragraph at lines 26--28
\OML/cmm/m/it/10 E[]; E[]$
 []


! LaTeX Error: Missing \begin{document}.

See the LaTeX manual or LaTeX Companion for explanation.
Type  H <return>  for immediate help.
 ...                                              
                                                  
l.29 為
      了具體量化此物理現象，以攜帶自旋角動量（$s = \pm 1$）的圓偏振高斯光束經過高數值孔徑透鏡強聚焦為例。當入射光為左旋圓偏振（LCP,...

You're in trouble here.  Try typing  <return>  to proceed.
If that doesn't work, type  X <return>  to quit.

Missing character: There is no 為 in font nullfont!
Missing character: There is no 了 in font nullfont!
Missing character: There is no 具 in font nullfont!
Missing character: There is no 體 in font nullfont!
Missing character: There is no 量 in font nullfont!
Missing character: There is no 化 in font nullfont!
Missing character: There is no 此 in font nullfont!
Missing character: There is no 物 in font nullfont!
Missing character: There is no 理 in font nullfont!
Missing character: There is no 現 in font nullfont!
Missing character: There is no 象 in font nullfont!
Missing character: There is no ， in font nullfont!
Missing character: There is no 以 in font nullfont!
Missing character: There is no 攜 in font nullfont!
Missing character: There is no 帶 in font nullfont!
Missing character: There is no 自 in font nullfont!
Missing character: There is no 旋 in font nullfont!
Missing character: There is no 角 in font nullfont!
Missing character: There is no 動 in font nullfont!
Missing character: There is no 量 in font nullfont!
Missing character: There is no （ in font nullfont!
Missing character: There is no ） in font nullfont!
Missing character: There is no 的 in font nullfont!
Missing character: There is no 圓 in font nullfont!
Missing character: There is no 偏 in font nullfont!
Missing character: There is no 振 in font nullfont!
Missing character: There is no 高 in font nullfont!
Missing character: There is no 斯 in font nullfont!
Missing character: There is no 光 in font nullfont!
Missing character: There is no 束 in font nullfont!
Missing character: There is no 經 in font nullfont!
Missing character: There is no 過 in font nullfont!
Missing character: There is no 高 in font nullfont!
Missing character: There is no 數 in font nullfont!
Missing character: There is no 值 in font nullfont!
Missing character: There is no 孔 in font nullfont!
Missing character: There is no 徑 in font nullfont!
Missing character: There is no 透 in font nullfont!
Missing character: There is no 鏡 in font nullfont!
Missing character: There is no 強 in font nullfont!
Missing character: There is no 聚 in font nullfont!
Missing character: There is no 焦 in font nullfont!
Missing character: There is no 為 in font nullfont!
Missing character: There is no 例 in font nullfont!
Missing character: There is no 。 in font nullfont!
Missing character: There is no 當 in font nullfont!
Missing character: There is no 入 in font nullfont!
Missing character: There is no 射 in font nullfont!
Missing character: There is no 光 in font nullfont!
Missing character: There is no 為 in font nullfont!
Missing character: There is no 左 in font nullfont!
Missing character: There is no 旋 in font nullfont!
Missing character: There is no 圓 in font nullfont!
Missing character: There is no 偏 in font nullfont!
Missing character: There is no 振 in font nullfont!
Missing character: There is no （ in font nullfont!
Missing character: There is no L in font nullfont!
Missing character: There is no C in font nullfont!
Missing character: There is no P in font nullfont!
Missing character: There is no , in font nullfont!
Missing character: There is no ） in font nullfont!
Missing character: There is no 時 in font nullfont!
Missing character: There is no ， in font nullfont!
Missing character: There is no 其 in font nullfont!
Missing character: There is no 入 in font nullfont!
Missing character: There is no 射 in font nullfont!
Missing character: There is no 電 in font nullfont!
Missing character: There is no 場 in font nullfont!
Missing character: There is no 可 in font nullfont!
Missing character: There is no 表 in font nullfont!
Missing character: There is no 示 in font nullfont!
Missing character: There is no 為 in font nullfont!
Missing character: There is no ： in font nullfont!

Overfull \hbox (35.24301pt too wide) in paragraph at lines 29--30
[]$\OML/cmm/m/it/10 s \OT1/cmr/m/n/10 =
 []


Overfull \hbox (12.77782pt too wide) in paragraph at lines 29--30
\OMS/cmsy/m/n/10 ^^F\OT1/cmr/m/n/10 1$
 []


Overfull \hbox (15.24301pt too wide) in paragraph at lines 29--30
\OML/cmm/m/it/10 s \OT1/cmr/m/n/10 =
 []


Overfull \hbox (12.77782pt too wide) in paragraph at lines 29--30
\OT1/cmr/m/n/10 +1$ 
 []


Overfull \hbox (113.92781pt too wide) detected at line 30
\OT1/cmr/bx/n/10 E[] \OT1/cmr/m/n/10 = \OT1/cmr/bx/n/10 E[]\OT1/cmr/m/n/10 (\OM
L/cmm/m/it/10 r; z\OT1/cmr/m/n/10 )([] + \OML/cmm/m/it/10 is[]\OT1/cmr/m/n/10 )
\OML/cmm/m/it/10 e[]
 []

Missing character: There is no 若 in font nullfont!
Missing character: There is no 將 in font nullfont!
Missing character: There is no 公 in font nullfont!
Missing character: There is no 式 in font nullfont!
Missing character: There is no 轉 in font nullfont!
Missing character: There is no 換 in font nullfont!
Missing character: There is no 至 in font nullfont!
Missing character: There is no 柱 in font nullfont!
Missing character: There is no 座 in font nullfont!
Missing character: There is no 標 in font nullfont!
Missing character: There is no 系 in font nullfont!
Missing character: There is no ， in font nullfont!
Missing character: There is no 則 in font nullfont!
Missing character: There is no 可 in font nullfont!
Missing character: There is no 展 in font nullfont!
Missing character: There is no 開 in font nullfont!
Missing character: There is no 為 in font nullfont!
Missing character: There is no ： in font nullfont!
! Undefined control sequence.
l.31 若將公式轉換至柱座標系，則可展開為：$$\mathbf{E}_{\text
                                          {in}} \propto (\hat{x} + is\hat{y}...
The control sequence at the end of the top line
of your error message was never \def'ed. If you have
misspelled it (e.g., `\hobx'), type `I' and the correct
spelling (e.g., `I\hbox'). Otherwise just continue,
and I'll forget about whatever was undefined.


Overfull \hbox (228.27158pt too wide) detected at line 31
\OT1/cmr/bx/n/10 E[] \OMS/cmsy/m/n/10 / \OT1/cmr/m/n/10 ([] + \OML/cmm/m/it/10 
is[]\OT1/cmr/m/n/10 ) = ([] \OML/cmm/m/it/10 ^^^[] \OMS/cmsy/m/n/10 ^^@ [] \OML
/cmm/m/it/10 ^^^[]\OT1/cmr/m/n/10 ) + \OML/cmm/m/it/10 is\OT1/cmr/m/n/10 ([] \O
ML/cmm/m/it/10 ^^^[] \OT1/cmr/m/n/10 + [] \OML/cmm/m/it/10 ^^^[]\OT1/cmr/m/n/10
 )
 []

Missing character: There is no 當 in font nullfont!
Missing character: There is no 光 in font nullfont!
Missing character: There is no 線 in font nullfont!
Missing character: There is no 經 in font nullfont!
Missing character: There is no 透 in font nullfont!
Missing character: There is no 鏡 in font nullfont!
Missing character: There is no 聚 in font nullfont!
Missing character: There is no 焦 in font nullfont!
Missing character: There is no 傾 in font nullfont!
Missing character: There is no 斜 in font nullfont!
Missing character: There is no 時 in font nullfont!
Missing character: There is no ， in font nullfont!
Missing character: There is no 由 in font nullfont!
Missing character: There is no 於 in font nullfont!
Missing character: There is no 方 in font nullfont!
Missing character: There is no 位 in font nullfont!
Missing character: There is no 角 in font nullfont!
Missing character: There is no 分 in font nullfont!
Missing character: There is no 量 in font nullfont!
Missing character: There is no （ in font nullfont!
Missing character: There is no 項 in font nullfont!
Missing character: There is no ） in font nullfont!
Missing character: There is no 始 in font nullfont!
Missing character: There is no 終 in font nullfont!
Missing character: There is no 與 in font nullfont!
Missing character: There is no 軸 in font nullfont!
Missing character: There is no 垂 in font nullfont!
Missing character: There is no 直 in font nullfont!
Missing character: There is no ， in font nullfont!
Missing character: There is no 只 in font nullfont!
Missing character: There is no 有 in font nullfont!
Missing character: There is no 徑 in font nullfont!
Missing character: There is no 向 in font nullfont!
Missing character: There is no 分 in font nullfont!
Missing character: There is no 量 in font nullfont!
Missing character: There is no （ in font nullfont!
Missing character: There is no 項 in font nullfont!
Missing character: There is no ） in font nullfont!
Missing character: There is no 會 in font nullfont!
Missing character: There is no 投 in font nullfont!
Missing character: There is no 影 in font nullfont!
Missing character: There is no 到 in font nullfont!
Missing character: There is no 軸 in font nullfont!
Missing character: There is no 。 in font nullfont!
Missing character: There is no 單 in font nullfont!
Missing character: There is no 獨 in font nullfont!
Missing character: There is no 提 in font nullfont!
Missing character: There is no 取 in font nullfont!
Missing character: There is no 前 in font nullfont!
Missing character: There is no 面 in font nullfont!
Missing character: There is no 的 in font nullfont!
Missing character: There is no 係 in font nullfont!
Missing character: There is no 數 in font nullfont!
Missing character: There is no ， in font nullfont!
Missing character: There is no 其 in font nullfont!
Missing character: There is no 幾 in font nullfont!
Missing character: There is no 何 in font nullfont!
Missing character: There is no 投 in font nullfont!
Missing character: There is no 影 in font nullfont!
Missing character: There is no 關 in font nullfont!
Missing character: There is no 係 in font nullfont!
Missing character: There is no 為 in font nullfont!
Missing character: There is no ： in font nullfont!

Overfull \hbox (10.93057pt too wide) in paragraph at lines 31--33
  $\OML/cmm/m/it/10 ^^R$$[]$
 []


Overfull \hbox (5.0903pt too wide) in paragraph at lines 31--33
\OML/cmm/m/it/10 z$
 []


Overfull \hbox (5.17015pt too wide) in paragraph at lines 31--33
[]$
 []


Overfull \hbox (5.0903pt too wide) in paragraph at lines 31--33
\OML/cmm/m/it/10 z$
 []


Overfull \hbox (5.17015pt too wide) in paragraph at lines 31--33
[]$
 []

! Undefined control sequence.
l.33 $$\text
            {Projection to } z \propto \cos\phi + is\sin\phi$$
The control sequence at the end of the top line
of your error message was never \def'ed. If you have
misspelled it (e.g., `\hobx'), type `I' and the correct
spelling (e.g., `I\hbox'). Otherwise just continue,
and I'll forget about whatever was undefined.


Overfull \hbox (134.40134pt too wide) detected at line 33
[]\OML/cmm/m/it/10 z \OMS/cmsy/m/n/10 / [] \OML/cmm/m/it/10 ^^^ \OT1/cmr/m/n/10
 + \OML/cmm/m/it/10 is [] ^^^
 []

Missing character: There is no 根 in font nullfont!
Missing character: There is no 據 in font nullfont!
Missing character: There is no 歐 in font nullfont!
Missing character: There is no 拉 in font nullfont!
Missing character: There is no 公 in font nullfont!
Missing character: There is no 式 in font nullfont!
Missing character: There is no ( in font nullfont!
Missing character: There is no E in font nullfont!
Missing character: There is no u in font nullfont!
Missing character: There is no l in font nullfont!
Missing character: There is no e in font nullfont!
Missing character: There is no r in font nullfont!
Missing character: There is no ) in font nullfont!
Missing character: There is no ， in font nullfont!
Missing character: There is no 可 in font nullfont!
Missing character: There is no 以 in font nullfont!
Missing character: There is no 進 in font nullfont!
Missing character: There is no 一 in font nullfont!
Missing character: There is no 步 in font nullfont!
Missing character: There is no 簡 in font nullfont!
Missing character: There is no 化 in font nullfont!
Missing character: There is no ： in font nullfont!

Overfull \hbox (88.39513pt too wide) detected at line 35
[] \OML/cmm/m/it/10 ^^^ \OT1/cmr/m/n/10 + \OML/cmm/m/it/10 is [] ^^^ \OT1/cmr/m
/n/10 = \OML/cmm/m/it/10 e[]
 []

Missing character: There is no 在 in font nullfont!
Missing character: There is no R in font nullfont!
Missing character: There is no i in font nullfont!
Missing character: There is no c in font nullfont!
Missing character: There is no h in font nullfont!
Missing character: There is no a in font nullfont!
Missing character: There is no r in font nullfont!
Missing character: There is no d in font nullfont!
Missing character: There is no s in font nullfont!
Missing character: There is no - in font nullfont!
Missing character: There is no W in font nullfont!
Missing character: There is no o in font nullfont!
Missing character: There is no l in font nullfont!
Missing character: There is no f in font nullfont!
Missing character: There is no 高 in font nullfont!
Missing character: There is no N in font nullfont!
Missing character: There is no A in font nullfont!
Missing character: There is no 聚 in font nullfont!
Missing character: There is no 焦 in font nullfont!
Missing character: There is no 理 in font nullfont!
Missing character: There is no 論 in font nullfont!
Missing character: There is no 中 in font nullfont!
Missing character: There is no ， in font nullfont!
Missing character: There is no 焦 in font nullfont!
Missing character: There is no 點 in font nullfont!
Missing character: There is no 總 in font nullfont!
Missing character: There is no 電 in font nullfont!
Missing character: There is no 場 in font nullfont!
Missing character: There is no 是 in font nullfont!
Missing character: There is no 透 in font nullfont!
Missing character: There is no 過 in font nullfont!
Missing character: There is no 對 in font nullfont!
Missing character: There is no 透 in font nullfont!
Missing character: There is no 鏡 in font nullfont!
Missing character: There is no 孔 in font nullfont!
Missing character: There is no 徑 in font nullfont!
Missing character: There is no 面 in font nullfont!
Missing character: There is no 上 in font nullfont!
Missing character: There is no 的 in font nullfont!
Missing character: There is no 平 in font nullfont!
Missing character: There is no 面 in font nullfont!
Missing character: There is no 波 in font nullfont!
Missing character: There is no 進 in font nullfont!
Missing character: There is no 行 in font nullfont!
Missing character: There is no 二 in font nullfont!
Missing character: There is no 維 in font nullfont!
Missing character: There is no 角 in font nullfont!
Missing character: There is no 譜 in font nullfont!
Missing character: There is no 積 in font nullfont!
Missing character: There is no 分 in font nullfont!
Missing character: There is no （ in font nullfont!
Missing character: There is no 對 in font nullfont!
Missing character: There is no 傾 in font nullfont!
Missing character: There is no 角 in font nullfont!
Missing character: There is no 與 in font nullfont!
Missing character: There is no 方 in font nullfont!
Missing character: There is no 位 in font nullfont!
Missing character: There is no 角 in font nullfont!
Missing character: There is no 積 in font nullfont!
Missing character: There is no 分 in font nullfont!
Missing character: There is no ） in font nullfont!
Missing character: There is no 得 in font nullfont!
Missing character: There is no 到 in font nullfont!
Missing character: There is no 。 in font nullfont!
Missing character: There is no 在 in font nullfont!
Missing character: There is no 計 in font nullfont!
Missing character: There is no 算 in font nullfont!
Missing character: There is no 縱 in font nullfont!
Missing character: There is no 向 in font nullfont!
Missing character: There is no 電 in font nullfont!
Missing character: There is no 場 in font nullfont!
Missing character: There is no 分 in font nullfont!
Missing character: There is no 量 in font nullfont!
Missing character: There is no 的 in font nullfont!
Missing character: There is no 過 in font nullfont!
Missing character: There is no 程 in font nullfont!
Missing character: There is no 中 in font nullfont!
Missing character: There is no ， in font nullfont!
Missing character: There is no 對 in font nullfont!
Missing character: There is no 孔 in font nullfont!
Missing character: There is no 徑 in font nullfont!
Missing character: There is no 面 in font nullfont!
Missing character: There is no 方 in font nullfont!
Missing character: There is no 位 in font nullfont!
Missing character: There is no 角 in font nullfont!
Missing character: There is no 的 in font nullfont!
Missing character: There is no 環 in font nullfont!
Missing character: There is no 向 in font nullfont!
Missing character: There is no 積 in font nullfont!
Missing character: There is no 分 in font nullfont!
Missing character: There is no 步 in font nullfont!
Missing character: There is no 驟 in font nullfont!
Missing character: There is no 如 in font nullfont!
Missing character: There is no 下 in font nullfont!
Missing character: There is no ： in font nullfont!

Overfull \hbox (4.97223pt too wide) in paragraph at lines 35--37
   $\OML/cmm/m/it/10 ^^R$
 []


Overfull \hbox (10.58069pt too wide) in paragraph at lines 35--37
\OML/cmm/m/it/10 ^^^[]$
 []


Overfull \hbox (11.98962pt too wide) in paragraph at lines 35--37
\OML/cmm/m/it/10 E[]$
 []


Overfull \hbox (10.58069pt too wide) in paragraph at lines 35--37
\OML/cmm/m/it/10 ^^^[]$
 []


Overfull \hbox (190.98369pt too wide) detected at line 37
\OML/cmm/m/it/10 E[] \OMS/cmsy/m/n/10 / [][]\OT1/cmr/m/n/10 ([] \OML/cmm/m/it/1
0 ^^^[] \OT1/cmr/m/n/10 + \OML/cmm/m/it/10 is [] ^^^[]\OT1/cmr/m/n/10 )\OML/cmm
/m/it/10 e[]d^^^[]
 []

Missing character: There is no 透 in font nullfont!
Missing character: There is no 過 in font nullfont!
Missing character: There is no 變 in font nullfont!
Missing character: There is no 數 in font nullfont!
Missing character: There is no 變 in font nullfont!
Missing character: There is no 換 in font nullfont!
Missing character: There is no ， in font nullfont!
Missing character: There is no 這 in font nullfont!
Missing character: There is no 項 in font nullfont!
Missing character: There is no 積 in font nullfont!
Missing character: There is no 分 in font nullfont!
Missing character: There is no 可 in font nullfont!
Missing character: There is no 以 in font nullfont!
Missing character: There is no 改 in font nullfont!
Missing character: There is no 寫 in font nullfont!
Missing character: There is no 為 in font nullfont!
Missing character: There is no ： in font nullfont!

Overfull \hbox (229.01859pt too wide) detected at line 39
[][] \OML/cmm/m/it/10 e[]e[]d^^^[] \OT1/cmr/m/n/10 = \OML/cmm/m/it/10 e[] [][] 
e[]e[]d^^K
 []

Missing character: There is no 這 in font nullfont!
Missing character: There is no 時 in font nullfont!
Missing character: There is no ， in font nullfont!
Missing character: There is no 方 in font nullfont!
Missing character: There is no 位 in font nullfont!
Missing character: There is no 角 in font nullfont!
Missing character: There is no 相 in font nullfont!
Missing character: There is no 位 in font nullfont!
Missing character: There is no 被 in font nullfont!
Missing character: There is no 提 in font nullfont!
Missing character: There is no 到 in font nullfont!
Missing character: There is no 了 in font nullfont!
Missing character: There is no 積 in font nullfont!
Missing character: There is no 分 in font nullfont!
Missing character: There is no 符 in font nullfont!
Missing character: There is no 號 in font nullfont!
Missing character: There is no 外 in font nullfont!
Missing character: There is no 面 in font nullfont!
Missing character: There is no 。 in font nullfont!
Missing character: There is no 而 in font nullfont!
Missing character: There is no 右 in font nullfont!
Missing character: There is no 手 in font nullfont!
Missing character: There is no 邊 in font nullfont!
Missing character: There is no 剩 in font nullfont!
Missing character: There is no 下 in font nullfont!
Missing character: There is no 的 in font nullfont!
Missing character: There is no 積 in font nullfont!
Missing character: There is no 分 in font nullfont!
Missing character: There is no 項 in font nullfont!
Missing character: There is no ， in font nullfont!
Missing character: There is no 根 in font nullfont!
Missing character: There is no 據 in font nullfont!
Missing character: There is no 貝 in font nullfont!
Missing character: There is no 索 in font nullfont!
Missing character: There is no 函 in font nullfont!
Missing character: There is no 數 in font nullfont!
Missing character: There is no 的 in font nullfont!
Missing character: There is no 積 in font nullfont!
Missing character: There is no 分 in font nullfont!
Missing character: There is no 定 in font nullfont!
Missing character: There is no 義 in font nullfont!
Missing character: There is no ， in font nullfont!
Missing character: There is no 剛 in font nullfont!
Missing character: There is no 好 in font nullfont!
Missing character: There is no 正 in font nullfont!
Missing character: There is no 比 in font nullfont!
Missing character: There is no 於 in font nullfont!
Missing character: There is no 一 in font nullfont!
Missing character: There is no 階 in font nullfont!
Missing character: There is no 第 in font nullfont!
Missing character: There is no 一 in font nullfont!
Missing character: There is no 類 in font nullfont!
Missing character: There is no 貝 in font nullfont!
Missing character: There is no 索 in font nullfont!
Missing character: There is no 函 in font nullfont!
Missing character: There is no 數 in font nullfont!
Missing character: There is no 。 in font nullfont!

Overfull \hbox (16.5682pt too wide) in paragraph at lines 39--41
 $\OML/cmm/m/it/10 e[]$
 []


Overfull \hbox (49.08334pt too wide) in paragraph at lines 39--41
\OML/cmm/m/it/10 J[]\OT1/cmr/m/n/10 (\OML/cmm/m/it/10 k^^Z [] ^^R\OT1/cmr/m/n/1
0 )$
 []


! LaTeX Error: Missing \begin{document}.

See the LaTeX manual or LaTeX Companion for explanation.
Type  H <return>  for immediate help.
 ...                                              
                                                  
l.42 因
      此，經高 NA 透鏡聚焦後，焦平面（$z=0$）附近的縱向電場分量 $E_z(\rho, \phi, z)$ 經由上述座標變換與角譜積分，可...

You're in trouble here.  Try typing  <return>  to proceed.
If that doesn't work, type  X <return>  to quit.

Missing character: There is no 因 in font nullfont!
Missing character: There is no 此 in font nullfont!
Missing character: There is no ， in font nullfont!
Missing character: There is no 經 in font nullfont!
Missing character: There is no 高 in font nullfont!
Missing character: There is no N in font nullfont!
Missing character: There is no A in font nullfont!
Missing character: There is no 透 in font nullfont!
Missing character: There is no 鏡 in font nullfont!
Missing character: There is no 聚 in font nullfont!
Missing character: There is no 焦 in font nullfont!
Missing character: There is no 後 in font nullfont!
Missing character: There is no ， in font nullfont!
Missing character: There is no 焦 in font nullfont!
Missing character: There is no 平 in font nullfont!
Missing character: There is no 面 in font nullfont!
Missing character: There is no （ in font nullfont!
Missing character: There is no ） in font nullfont!
Missing character: There is no 附 in font nullfont!
Missing character: There is no 近 in font nullfont!
Missing character: There is no 的 in font nullfont!
Missing character: There is no 縱 in font nullfont!
Missing character: There is no 向 in font nullfont!
Missing character: There is no 電 in font nullfont!
Missing character: There is no 場 in font nullfont!
Missing character: There is no 分 in font nullfont!
Missing character: There is no 量 in font nullfont!
Missing character: There is no 經 in font nullfont!
Missing character: There is no 由 in font nullfont!
Missing character: There is no 上 in font nullfont!
Missing character: There is no 述 in font nullfont!
Missing character: There is no 座 in font nullfont!
Missing character: There is no 標 in font nullfont!
Missing character: There is no 變 in font nullfont!
Missing character: There is no 換 in font nullfont!
Missing character: There is no 與 in font nullfont!
Missing character: There is no 角 in font nullfont!
Missing character: There is no 譜 in font nullfont!
Missing character: There is no 積 in font nullfont!
Missing character: There is no 分 in font nullfont!
Missing character: There is no ， in font nullfont!
Missing character: There is no 可 in font nullfont!
Missing character: There is no 嚴 in font nullfont!
Missing character: There is no 格 in font nullfont!
Missing character: There is no 推 in font nullfont!
Missing character: There is no 導 in font nullfont!
Missing character: There is no 為 in font nullfont!
Missing character: There is no ： in font nullfont!

Overfull \hbox (20.0pt too wide) in paragraph at lines 42--43
[]
 []


Overfull \hbox (15.64581pt too wide) in paragraph at lines 42--43
\OML/cmm/m/it/10 z \OT1/cmr/m/n/10 =
 []


Overfull \hbox (5.00002pt too wide) in paragraph at lines 42--43
\OT1/cmr/m/n/10 0$
 []


Overfull \hbox (44.87505pt too wide) in paragraph at lines 42--43
\OML/cmm/m/it/10 E[]\OT1/cmr/m/n/10 (\OML/cmm/m/it/10 ^^Z; ^^^; z\OT1/cmr/m/n/1
0 )$
 []


Overfull \hbox (138.19728pt too wide) detected at line 43
\OML/cmm/m/it/10 E[] \OT1/cmr/m/n/10 = (\OML/cmm/m/it/10 ^^Z; ^^^; z\OT1/cmr/m/
n/10 ) = \OMS/cmsy/m/n/10 ^^@\OML/cmm/m/it/10 iAe[]I[]\OT1/cmr/m/n/10 (\OML/cmm
/m/it/10 ^^Z; z\OT1/cmr/m/n/10 )
 []

Missing character: There is no 其 in font nullfont!
Missing character: There is no 中 in font nullfont!
Missing character: There is no ， in font nullfont!
Missing character: There is no 為 in font nullfont!
Missing character: There is no 振 in font nullfont!
Missing character: There is no 幅 in font nullfont!
Missing character: There is no 常 in font nullfont!
Missing character: There is no 數 in font nullfont!
Missing character: There is no 。 in font nullfont!
Missing character: There is no 為 in font nullfont!
Missing character: There is no 與 in font nullfont!
Missing character: There is no 透 in font nullfont!
Missing character: There is no 鏡 in font nullfont!
Missing character: There is no 聚 in font nullfont!
Missing character: There is no 焦 in font nullfont!
Missing character: There is no 角 in font nullfont!
Missing character: There is no 度 in font nullfont!
Missing character: There is no （ in font nullfont!
Missing character: There is no 即 in font nullfont!
Missing character: There is no 數 in font nullfont!
Missing character: There is no 值 in font nullfont!
Missing character: There is no 孔 in font nullfont!
Missing character: There is no 徑 in font nullfont!
! Undefined control sequence.
<recently read> \text 
                      
l.44 ...為振幅常數。$I_1(\rho, z)$ 為與透鏡聚焦角度（即數值孔徑 $\text
                                                  {NA} = n\sin\alpha$）相關的重疊積...
The control sequence at the end of the top line
of your error message was never \def'ed. If you have
misspelled it (e.g., `\hobx'), type `I' and the correct
spelling (e.g., `I\hbox'). Otherwise just continue,
and I'll forget about whatever was undefined.

Missing character: There is no ） in font nullfont!
Missing character: There is no 相 in font nullfont!
Missing character: There is no 關 in font nullfont!
Missing character: There is no 的 in font nullfont!
Missing character: There is no 重 in font nullfont!
Missing character: There is no 疊 in font nullfont!
Missing character: There is no 積 in font nullfont!
Missing character: There is no 分 in font nullfont!
Missing character: There is no 項 in font nullfont!
Missing character: There is no ， in font nullfont!
Missing character: There is no 其 in font nullfont!
Missing character: There is no 數 in font nullfont!
Missing character: There is no 學 in font nullfont!
Missing character: There is no 定 in font nullfont!
Missing character: There is no 義 in font nullfont!
Missing character: There is no 為 in font nullfont!
Missing character: There is no ： in font nullfont!

Overfull \hbox (7.50002pt too wide) in paragraph at lines 43--45
$\OML/cmm/m/it/10 A$
 []


Overfull \hbox (31.36464pt too wide) in paragraph at lines 43--45
\OML/cmm/m/it/10 I[]\OT1/cmr/m/n/10 (\OML/cmm/m/it/10 ^^Z; z\OT1/cmr/m/n/10 )$
 []


Overfull \hbox (27.1805pt too wide) in paragraph at lines 43--45
[] \OT1/cmr/m/n/10 =
 []


Overfull \hbox (28.04744pt too wide) in paragraph at lines 43--45
\OML/cmm/m/it/10 n [] ^^K$ 
 []


Overfull \hbox (233.52835pt too wide) detected at line 45
\OML/cmm/m/it/10 I[]\OT1/cmr/m/n/10 (\OML/cmm/m/it/10 ^^Z; z\OT1/cmr/m/n/10 ) =
 [][] [][] \OML/cmm/m/it/10 ^^R [][] ^^RP\OT1/cmr/m/n/10 (\OML/cmm/m/it/10 ^^R\
OT1/cmr/m/n/10 )\OML/cmm/m/it/10 J[]\OT1/cmr/m/n/10 (\OML/cmm/m/it/10 k^^Z [] ^
^R\OT1/cmr/m/n/10 )\OML/cmm/m/it/10 e[]d^^R
 []

Missing character: There is no 此 in font nullfont!
Missing character: There is no 處 in font nullfont!
Missing character: There is no 為 in font nullfont!
Missing character: There is no 聚 in font nullfont!
Missing character: There is no 焦 in font nullfont!
Missing character: There is no 傾 in font nullfont!
Missing character: There is no 角 in font nullfont!
Missing character: There is no ， in font nullfont!
Missing character: There is no 為 in font nullfont!
Missing character: There is no 最 in font nullfont!
Missing character: There is no 大 in font nullfont!
Missing character: There is no 聚 in font nullfont!
Missing character: There is no 焦 in font nullfont!
Missing character: There is no 半 in font nullfont!
Missing character: There is no 角 in font nullfont!
Missing character: There is no ， in font nullfont!
Missing character: There is no 為 in font nullfont!
Missing character: There is no 切 in font nullfont!
Missing character: There is no 趾 in font nullfont!
Missing character: There is no 函 in font nullfont!
Missing character: There is no 數 in font nullfont!
Missing character: There is no （ in font nullfont!
Missing character: There is no a in font nullfont!
Missing character: There is no p in font nullfont!
Missing character: There is no o in font nullfont!
Missing character: There is no d in font nullfont!
Missing character: There is no i in font nullfont!
Missing character: There is no z in font nullfont!
Missing character: There is no a in font nullfont!
Missing character: There is no t in font nullfont!
Missing character: There is no i in font nullfont!
Missing character: There is no o in font nullfont!
Missing character: There is no n in font nullfont!
Missing character: There is no f in font nullfont!
Missing character: There is no u in font nullfont!
Missing character: There is no n in font nullfont!
Missing character: There is no c in font nullfont!
Missing character: There is no t in font nullfont!
Missing character: There is no i in font nullfont!
Missing character: There is no o in font nullfont!
Missing character: There is no n in font nullfont!
Missing character: There is no ） in font nullfont!
Missing character: There is no ， in font nullfont!
Missing character: There is no 而 in font nullfont!
Missing character: There is no 則 in font nullfont!
Missing character: There is no 為 in font nullfont!
Missing character: There is no 一 in font nullfont!
Missing character: There is no 階 in font nullfont!
Missing character: There is no 第 in font nullfont!
Missing character: There is no 一 in font nullfont!
Missing character: There is no 類 in font nullfont!
Missing character: There is no 貝 in font nullfont!
Missing character: There is no 索 in font nullfont!
Missing character: There is no 函 in font nullfont!
Missing character: There is no 數 in font nullfont!
Missing character: There is no ( in font nullfont!
Missing character: There is no B in font nullfont!
Missing character: There is no e in font nullfont!
Missing character: There is no s in font nullfont!
Missing character: There is no s in font nullfont!
Missing character: There is no e in font nullfont!
Missing character: There is no l in font nullfont!
Missing character: There is no f in font nullfont!
Missing character: There is no u in font nullfont!
Missing character: There is no n in font nullfont!
Missing character: There is no c in font nullfont!
Missing character: There is no t in font nullfont!
Missing character: There is no i in font nullfont!
Missing character: There is no o in font nullfont!
Missing character: There is no n in font nullfont!
Missing character: There is no ) in font nullfont!
Missing character: There is no 。 in font nullfont!

Overfull \hbox (4.97223pt too wide) in paragraph at lines 45--47
 $\OML/cmm/m/it/10 ^^R$
 []


Overfull \hbox (6.43404pt too wide) in paragraph at lines 45--47
\OML/cmm/m/it/10 ^^K$
 []


Overfull \hbox (20.55907pt too wide) in paragraph at lines 45--47
\OML/cmm/m/it/10 P\OT1/cmr/m/n/10 (\OML/cmm/m/it/10 ^^R\OT1/cmr/m/n/10 )$
 []


Overfull \hbox (10.03127pt too wide) in paragraph at lines 45--47
\OML/cmm/m/it/10 J[]$
 []


! LaTeX Error: Missing \begin{document}.

See the LaTeX manual or LaTeX Companion for explanation.
Type  H <return>  for immediate help.
 ...                                              
                                                  
l.48 從
      公式中 $E_z$ 的數學形式可以發現，縱向電場分量中自發性地衍生出了項為 $e^{is\phi}$ 的相位因子，這正是拓撲電荷（topol...

You're in trouble here.  Try typing  <return>  to proceed.
If that doesn't work, type  X <return>  to quit.

Missing character: There is no 從 in font nullfont!
Missing character: There is no 公 in font nullfont!
Missing character: There is no 式 in font nullfont!
Missing character: There is no 中 in font nullfont!
Missing character: There is no 的 in font nullfont!
Missing character: There is no 數 in font nullfont!
Missing character: There is no 學 in font nullfont!
Missing character: There is no 形 in font nullfont!
Missing character: There is no 式 in font nullfont!
Missing character: There is no 可 in font nullfont!
Missing character: There is no 以 in font nullfont!
Missing character: There is no 發 in font nullfont!
Missing character: There is no 現 in font nullfont!
Missing character: There is no ， in font nullfont!
Missing character: There is no 縱 in font nullfont!
Missing character: There is no 向 in font nullfont!
Missing character: There is no 電 in font nullfont!
Missing character: There is no 場 in font nullfont!
Missing character: There is no 分 in font nullfont!
Missing character: There is no 量 in font nullfont!
Missing character: There is no 中 in font nullfont!
Missing character: There is no 自 in font nullfont!
Missing character: There is no 發 in font nullfont!
Missing character: There is no 性 in font nullfont!
Missing character: There is no 地 in font nullfont!
Missing character: There is no 衍 in font nullfont!
Missing character: There is no 生 in font nullfont!
Missing character: There is no 出 in font nullfont!
Missing character: There is no 了 in font nullfont!
Missing character: There is no 項 in font nullfont!
Missing character: There is no 為 in font nullfont!
Missing character: There is no 的 in font nullfont!
Missing character: There is no 相 in font nullfont!
Missing character: There is no 位 in font nullfont!
Missing character: There is no 因 in font nullfont!
Missing character: There is no 子 in font nullfont!
Missing character: There is no ， in font nullfont!
Missing character: There is no 這 in font nullfont!
Missing character: There is no 正 in font nullfont!
Missing character: There is no 是 in font nullfont!
Missing character: There is no 拓 in font nullfont!
Missing character: There is no 撲 in font nullfont!
Missing character: There is no 電 in font nullfont!
Missing character: There is no 荷 in font nullfont!
Missing character: There is no （ in font nullfont!
Missing character: There is no t in font nullfont!
Missing character: There is no o in font nullfont!
Missing character: There is no p in font nullfont!
Missing character: There is no o in font nullfont!
Missing character: There is no l in font nullfont!
Missing character: There is no o in font nullfont!
Missing character: There is no g in font nullfont!
Missing character: There is no i in font nullfont!
Missing character: There is no c in font nullfont!
Missing character: There is no a in font nullfont!
Missing character: There is no l in font nullfont!
Missing character: There is no c in font nullfont!
Missing character: There is no h in font nullfont!
Missing character: There is no a in font nullfont!
Missing character: There is no r in font nullfont!
Missing character: There is no g in font nullfont!
Missing character: There is no e in font nullfont!
Missing character: There is no ） in font nullfont!
Missing character: There is no 為 in font nullfont!
Missing character: There is no 的 in font nullfont!
Missing character: There is no 光 in font nullfont!
Missing character: There is no 學 in font nullfont!
Missing character: There is no 渦 in font nullfont!
Missing character: There is no 旋 in font nullfont!
Missing character: There is no 相 in font nullfont!
Missing character: There is no 位 in font nullfont!
Missing character: There is no （ in font nullfont!
Missing character: There is no V in font nullfont!
Missing character: There is no o in font nullfont!
Missing character: There is no r in font nullfont!
Missing character: There is no t in font nullfont!
Missing character: There is no e in font nullfont!
Missing character: There is no x in font nullfont!
Missing character: There is no p in font nullfont!
Missing character: There is no h in font nullfont!
Missing character: There is no a in font nullfont!
Missing character: There is no s in font nullfont!
Missing character: There is no e in font nullfont!
Missing character: There is no ） in font nullfont!
Missing character: There is no 。 in font nullfont!
Missing character: There is no 意 in font nullfont!
Missing character: There is no 即 in font nullfont!
Missing character: There is no ， in font nullfont!
Missing character: There is no 原 in font nullfont!
Missing character: There is no 本 in font nullfont!
Missing character: There is no 純 in font nullfont!
Missing character: There is no 粹 in font nullfont!
Missing character: There is no 由 in font nullfont!
Missing character: There is no 偏 in font nullfont!
Missing character: There is no 振 in font nullfont!
Missing character: There is no 狀 in font nullfont!
Missing character: There is no 態 in font nullfont!
Missing character: There is no 決 in font nullfont!
Missing character: There is no 定 in font nullfont!
Missing character: There is no 的 in font nullfont!
Missing character: There is no 自 in font nullfont!
Missing character: There is no 旋 in font nullfont!
Missing character: There is no 角 in font nullfont!
Missing character: There is no 動 in font nullfont!
Missing character: There is no 量 in font nullfont!
Missing character: There is no （ in font nullfont!
Missing character: There is no ） in font nullfont!
Missing character: There is no ， in font nullfont!
Missing character: There is no 在 in font nullfont!
Missing character: There is no 強 in font nullfont!
Missing character: There is no 聚 in font nullfont!
Missing character: There is no 焦 in font nullfont!
Missing character: There is no 的 in font nullfont!
Missing character: There is no 幾 in font nullfont!
Missing character: There is no 何 in font nullfont!
Missing character: There is no 邊 in font nullfont!
Missing character: There is no 界 in font nullfont!
Missing character: There is no 約 in font nullfont!
Missing character: There is no 束 in font nullfont!
Missing character: There is no 下 in font nullfont!
Missing character: There is no ， in font nullfont!
Missing character: There is no 透 in font nullfont!
Missing character: There is no 過 in font nullfont!
Missing character: There is no 空 in font nullfont!
Missing character: There is no 間 in font nullfont!
Missing character: There is no 梯 in font nullfont!
Missing character: There is no 度 in font nullfont!
Missing character: There is no 的 in font nullfont!
Missing character: There is no 幾 in font nullfont!
Missing character: There is no 何 in font nullfont!
Missing character: There is no 耦 in font nullfont!
Missing character: There is no 合 in font nullfont!
Missing character: There is no ， in font nullfont!
Missing character: There is no 一 in font nullfont!
Missing character: There is no 部 in font nullfont!
Missing character: There is no 分 in font nullfont!
Missing character: There is no 能 in font nullfont!
Missing character: There is no 量 in font nullfont!
Missing character: There is no 被 in font nullfont!
Missing character: There is no 具 in font nullfont!
Missing character: There is no 體 in font nullfont!
Missing character: There is no 轉 in font nullfont!
Missing character: There is no 換 in font nullfont!
Missing character: There is no 成 in font nullfont!
Missing character: There is no 了 in font nullfont!
Missing character: There is no 帶 in font nullfont!
Missing character: There is no 有 in font nullfont!
Missing character: There is no 螺 in font nullfont!
Missing character: There is no 旋 in font nullfont!
Missing character: There is no 波 in font nullfont!
Missing character: There is no 前 in font nullfont!
Missing character: There is no 的 in font nullfont!
Missing character: There is no 軌 in font nullfont!
Missing character: There is no 道 in font nullfont!
Missing character: There is no 角 in font nullfont!
Missing character: There is no 動 in font nullfont!
Missing character: There is no 量 in font nullfont!
Missing character: There is no （ in font nullfont!
Missing character: There is no ） in font nullfont!
Missing character: There is no 。 in font nullfont!
Missing character: There is no 這 in font nullfont!
Missing character: There is no 個 in font nullfont!
Missing character: There is no 現 in font nullfont!
Missing character: There is no 象 in font nullfont!
Missing character: There is no 闡 in font nullfont!
Missing character: There is no 明 in font nullfont!
Missing character: There is no 了 in font nullfont!
Missing character: There is no 光 in font nullfont!
Missing character: There is no 學 in font nullfont!
Missing character: There is no 自 in font nullfont!
Missing character: There is no 旋 in font nullfont!
Missing character: There is no 軌 in font nullfont!
Missing character: There is no 道 in font nullfont!
Missing character: There is no 交 in font nullfont!
Missing character: There is no 互 in font nullfont!
Missing character: There is no 作 in font nullfont!
Missing character: There is no 用 in font nullfont!
Missing character: There is no 中 in font nullfont!
Missing character: There is no 自 in font nullfont!
Missing character: There is no 旋 in font nullfont!
Missing character: There is no 到 in font nullfont!
Missing character: There is no 軌 in font nullfont!
Missing character: There is no 道 in font nullfont!
Missing character: There is no 角 in font nullfont!
Missing character: There is no 動 in font nullfont!
Missing character: There is no 量 in font nullfont!
Missing character: There is no 轉 in font nullfont!
Missing character: There is no 換 in font nullfont!
Missing character: There is no （ in font nullfont!
Missing character: There is no S in font nullfont!
Missing character: There is no p in font nullfont!
Missing character: There is no i in font nullfont!
Missing character: There is no n in font nullfont!
Missing character: There is no - in font nullfont!
Missing character: There is no t in font nullfont!
Missing character: There is no o in font nullfont!
Missing character: There is no - in font nullfont!
Missing character: There is no O in font nullfont!
Missing character: There is no r in font nullfont!
Missing character: There is no b in font nullfont!
Missing character: There is no i in font nullfont!
Missing character: There is no t in font nullfont!
Missing character: There is no C in font nullfont!
Missing character: There is no o in font nullfont!
Missing character: There is no n in font nullfont!
Missing character: There is no v in font nullfont!
Missing character: There is no e in font nullfont!
Missing character: There is no r in font nullfont!
Missing character: There is no s in font nullfont!
Missing character: There is no i in font nullfont!
Missing character: There is no o in font nullfont!
Missing character: There is no n in font nullfont!
Missing character: There is no , in font nullfont!
Missing character: There is no S in font nullfont!
Missing character: There is no T in font nullfont!
Missing character: There is no O in font nullfont!
Missing character: There is no C in font nullfont!
Missing character: There is no ） in font nullfont!
Missing character: There is no 的 in font nullfont!
Missing character: There is no 物 in font nullfont!
Missing character: There is no 理 in font nullfont!
Missing character: There is no 機 in font nullfont!
Missing character: There is no 制 in font nullfont!
Missing character: There is no 。 in font nullfont!

Overfull \hbox (20.0pt too wide) in paragraph at lines 48--49
[]
 []


Overfull \hbox (11.98962pt too wide) in paragraph at lines 48--49
\OML/cmm/m/it/10 E[]$
 []


Overfull \hbox (16.5682pt too wide) in paragraph at lines 48--49
\OML/cmm/m/it/10 e[]$
 []


Overfull \hbox (14.7222pt too wide) in paragraph at lines 48--49
\OML/cmm/m/it/10 ` \OT1/cmr/m/n/10 =
 []


Overfull \hbox (15.24301pt too wide) in paragraph at lines 48--49
\OML/cmm/m/it/10 s \OT1/cmr/m/n/10 =
 []


Overfull \hbox (12.77782pt too wide) in paragraph at lines 48--49
\OT1/cmr/m/n/10 +1$
 []


Overfull \hbox (15.24301pt too wide) in paragraph at lines 48--49
\OML/cmm/m/it/10 s \OT1/cmr/m/n/10 =
 []


Overfull \hbox (27.50002pt too wide) in paragraph at lines 48--49
\OT1/cmr/m/n/10 +1$$\OML/cmm/m/it/10 ` \OT1/cmr/m/n/10 =
 []


Overfull \hbox (12.77782pt too wide) in paragraph at lines 48--49
\OT1/cmr/m/n/10 +1$
 []

! Undefined control sequence.
l.50 \subsection
                {Laguerre–Gaussian Modes}
The control sequence at the end of the top line
of your error message was never \def'ed. If you have
misspelled it (e.g., `\hobx'), type `I' and the correct
spelling (e.g., `I\hbox'). Otherwise just continue,
and I'll forget about whatever was undefined.


! LaTeX Error: Missing \begin{document}.

See the LaTeX manual or LaTeX Companion for explanation.
Type  H <return>  for immediate help.
 ...                                              
                                                  
l.50 \subsection{L
                  aguerre–Gaussian Modes}
You're in trouble here.  Try typing  <return>  to proceed.
If that doesn't work, type  X <return>  to quit.

Missing character: There is no L in font nullfont!
Missing character: There is no a in font nullfont!
Missing character: There is no g in font nullfont!
Missing character: There is no u in font nullfont!
Missing character: There is no e in font nullfont!
Missing character: There is no r in font nullfont!
Missing character: There is no r in font nullfont!
Missing character: There is no e in font nullfont!
Missing character: There is no – in font nullfont!
Missing character: There is no G in font nullfont!
Missing character: There is no a in font nullfont!
Missing character: There is no u in font nullfont!
Missing character: There is no s in font nullfont!
Missing character: There is no s in font nullfont!
Missing character: There is no i in font nullfont!
Missing character: There is no a in font nullfont!
Missing character: There is no n in font nullfont!
Missing character: There is no M in font nullfont!
Missing character: There is no o in font nullfont!
Missing character: There is no d in font nullfont!
Missing character: There is no e in font nullfont!
Missing character: There is no s in font nullfont!

Overfull \hbox (20.0pt too wide) in paragraph at lines 50--51
[]
 []


! LaTeX Error: Missing \begin{document}.

See the LaTeX manual or LaTeX Companion for explanation.
Type  H <return>  for immediate help.
 ...                                              
                                                  
l.53 亥
      姆霍茲方程式（Helmholtz Equation）奠定了自由空間中單色光束的傳播行為。當光束沿 $z$ 軸前進時，近軸波動方程式控制了其電...

You're in trouble here.  Try typing  <return>  to proceed.
If that doesn't work, type  X <return>  to quit.

Missing character: There is no 亥 in font nullfont!
Missing character: There is no 姆 in font nullfont!
Missing character: There is no 霍 in font nullfont!
Missing character: There is no 茲 in font nullfont!
Missing character: There is no 方 in font nullfont!
Missing character: There is no 程 in font nullfont!
Missing character: There is no 式 in font nullfont!
Missing character: There is no （ in font nullfont!
Missing character: There is no H in font nullfont!
Missing character: There is no e in font nullfont!
Missing character: There is no l in font nullfont!
Missing character: There is no m in font nullfont!
Missing character: There is no h in font nullfont!
Missing character: There is no o in font nullfont!
Missing character: There is no l in font nullfont!
Missing character: There is no t in font nullfont!
Missing character: There is no z in font nullfont!
Missing character: There is no E in font nullfont!
Missing character: There is no q in font nullfont!
Missing character: There is no u in font nullfont!
Missing character: There is no a in font nullfont!
Missing character: There is no t in font nullfont!
Missing character: There is no i in font nullfont!
Missing character: There is no o in font nullfont!
Missing character: There is no n in font nullfont!
Missing character: There is no ） in font nullfont!
Missing character: There is no 奠 in font nullfont!
Missing character: There is no 定 in font nullfont!
Missing character: There is no 了 in font nullfont!
Missing character: There is no 自 in font nullfont!
Missing character: There is no 由 in font nullfont!
Missing character: There is no 空 in font nullfont!
Missing character: There is no 間 in font nullfont!
Missing character: There is no 中 in font nullfont!
Missing character: There is no 單 in font nullfont!
Missing character: There is no 色 in font nullfont!
Missing character: There is no 光 in font nullfont!
Missing character: There is no 束 in font nullfont!
Missing character: There is no 的 in font nullfont!
Missing character: There is no 傳 in font nullfont!
Missing character: There is no 播 in font nullfont!
Missing character: There is no 行 in font nullfont!
Missing character: There is no 為 in font nullfont!
Missing character: There is no 。 in font nullfont!
Missing character: There is no 當 in font nullfont!
Missing character: There is no 光 in font nullfont!
Missing character: There is no 束 in font nullfont!
Missing character: There is no 沿 in font nullfont!
Missing character: There is no 軸 in font nullfont!
Missing character: There is no 前 in font nullfont!
Missing character: There is no 進 in font nullfont!
Missing character: There is no 時 in font nullfont!
Missing character: There is no ， in font nullfont!
Missing character: There is no 近 in font nullfont!
Missing character: There is no 軸 in font nullfont!
Missing character: There is no 波 in font nullfont!
Missing character: There is no 動 in font nullfont!
Missing character: There is no 方 in font nullfont!
Missing character: There is no 程 in font nullfont!
Missing character: There is no 式 in font nullfont!
Missing character: There is no 控 in font nullfont!
Missing character: There is no 制 in font nullfont!
Missing character: There is no 了 in font nullfont!
Missing character: There is no 其 in font nullfont!
Missing character: There is no 電 in font nullfont!
Missing character: There is no 場 in font nullfont!
Missing character: There is no 振 in font nullfont!
Missing character: There is no 幅 in font nullfont!
Missing character: There is no 在 in font nullfont!
Missing character: There is no 橫 in font nullfont!
Missing character: There is no 截 in font nullfont!
Missing character: There is no 面 in font nullfont!
Missing character: There is no 上 in font nullfont!
Missing character: There is no 的 in font nullfont!
Missing character: There is no 演 in font nullfont!
Missing character: There is no 化 in font nullfont!
Missing character: There is no ： in font nullfont!

Overfull \hbox (20.0pt too wide) in paragraph at lines 53--54
[]
 []


Overfull \hbox (5.0903pt too wide) in paragraph at lines 53--54
\OML/cmm/m/it/10 z$
 []


! LaTeX Error: Missing \begin{document}.

See the LaTeX manual or LaTeX Companion for explanation.
Type  H <return>  for immediate help.
 ...                                              
                                                  
l.55 $
      $\left( \frac{\partial^2}{\partial r^2} + \frac{1}{r}\frac{\partial}{\...

You're in trouble here.  Try typing  <return>  to proceed.
If that doesn't work, type  X <return>  to quit.


Overfull \hbox (20.0pt too wide) in paragraph at lines 55--55
[] 
 []


Overfull \hbox (204.76164pt too wide) detected at line 55
[] \OML/cmm/m/it/10 u\OT1/cmr/m/n/10 (\OML/cmm/m/it/10 r; ^^^; z\OT1/cmr/m/n/10
 ) = 0
 []


! LaTeX Error: Missing \begin{document}.

See the LaTeX manual or LaTeX Companion for explanation.
Type  H <return>  for immediate help.
 ...                                              
                                                  
l.57 此
      方程式為柱座標系下的解析解，代表光束除了常見的高斯分佈外，還存在一整組具有特殊幾何對稱性的拉格耳-高斯（Laguerre-Gaussian,...

You're in trouble here.  Try typing  <return>  to proceed.
If that doesn't work, type  X <return>  to quit.

Missing character: There is no 此 in font nullfont!
Missing character: There is no 方 in font nullfont!
Missing character: There is no 程 in font nullfont!
Missing character: There is no 式 in font nullfont!
Missing character: There is no 為 in font nullfont!
Missing character: There is no 柱 in font nullfont!
Missing character: There is no 座 in font nullfont!
Missing character: There is no 標 in font nullfont!
Missing character: There is no 系 in font nullfont!
Missing character: There is no 下 in font nullfont!
Missing character: There is no 的 in font nullfont!
Missing character: There is no 解 in font nullfont!
Missing character: There is no 析 in font nullfont!
Missing character: There is no 解 in font nullfont!
Missing character: There is no ， in font nullfont!
Missing character: There is no 代 in font nullfont!
Missing character: There is no 表 in font nullfont!
Missing character: There is no 光 in font nullfont!
Missing character: There is no 束 in font nullfont!
Missing character: There is no 除 in font nullfont!
Missing character: There is no 了 in font nullfont!
Missing character: There is no 常 in font nullfont!
Missing character: There is no 見 in font nullfont!
Missing character: There is no 的 in font nullfont!
Missing character: There is no 高 in font nullfont!
Missing character: There is no 斯 in font nullfont!
Missing character: There is no 分 in font nullfont!
Missing character: There is no 佈 in font nullfont!
Missing character: There is no 外 in font nullfont!
Missing character: There is no ， in font nullfont!
Missing character: There is no 還 in font nullfont!
Missing character: There is no 存 in font nullfont!
Missing character: There is no 在 in font nullfont!
Missing character: There is no 一 in font nullfont!
Missing character: There is no 整 in font nullfont!
Missing character: There is no 組 in font nullfont!
Missing character: There is no 具 in font nullfont!
Missing character: There is no 有 in font nullfont!
Missing character: There is no 特 in font nullfont!
Missing character: There is no 殊 in font nullfont!
Missing character: There is no 幾 in font nullfont!
Missing character: There is no 何 in font nullfont!
Missing character: There is no 對 in font nullfont!
Missing character: There is no 稱 in font nullfont!
Missing character: There is no 性 in font nullfont!
Missing character: There is no 的 in font nullfont!
Missing character: There is no 拉 in font nullfont!
Missing character: There is no 格 in font nullfont!
Missing character: There is no 耳 in font nullfont!
Missing character: There is no - in font nullfont!
Missing character: There is no 高 in font nullfont!
Missing character: There is no 斯 in font nullfont!
Missing character: There is no （ in font nullfont!
Missing character: There is no L in font nullfont!
Missing character: There is no a in font nullfont!
Missing character: There is no g in font nullfont!
Missing character: There is no u in font nullfont!
Missing character: There is no e in font nullfont!
Missing character: There is no r in font nullfont!
Missing character: There is no r in font nullfont!
Missing character: There is no e in font nullfont!
Missing character: There is no - in font nullfont!
Missing character: There is no G in font nullfont!
Missing character: There is no a in font nullfont!
Missing character: There is no u in font nullfont!
Missing character: There is no s in font nullfont!
Missing character: There is no s in font nullfont!
Missing character: There is no i in font nullfont!
Missing character: There is no a in font nullfont!
Missing character: There is no n in font nullfont!
Missing character: There is no , in font nullfont!
Missing character: There is no L in font nullfont!
Missing character: There is no G in font nullfont!
Missing character: There is no ） in font nullfont!
Missing character: There is no 光 in font nullfont!
Missing character: There is no 束 in font nullfont!
Missing character: There is no 。 in font nullfont!

Overfull \hbox (20.0pt too wide) in paragraph at lines 57--58
[]
 []


! LaTeX Error: Missing \begin{document}.

See the LaTeX manual or LaTeX Companion for explanation.
Type  H <return>  for immediate help.
 ...                                              
                                                  
l.59 這
      類光束最核心的物理特徵，在於其波前（Wavefront）不再是傳統的平面或單純的球面，而是隨著傳播軸向呈螺旋狀扭曲的幾何結構。此物理現象源於...

You're in trouble here.  Try typing  <return>  to proceed.
If that doesn't work, type  X <return>  to quit.

Missing character: There is no 這 in font nullfont!
Missing character: There is no 類 in font nullfont!
Missing character: There is no 光 in font nullfont!
Missing character: There is no 束 in font nullfont!
Missing character: There is no 最 in font nullfont!
Missing character: There is no 核 in font nullfont!
Missing character: There is no 心 in font nullfont!
Missing character: There is no 的 in font nullfont!
Missing character: There is no 物 in font nullfont!
Missing character: There is no 理 in font nullfont!
Missing character: There is no 特 in font nullfont!
Missing character: There is no 徵 in font nullfont!
Missing character: There is no ， in font nullfont!
Missing character: There is no 在 in font nullfont!
Missing character: There is no 於 in font nullfont!
Missing character: There is no 其 in font nullfont!
Missing character: There is no 波 in font nullfont!
Missing character: There is no 前 in font nullfont!
Missing character: There is no （ in font nullfont!
Missing character: There is no W in font nullfont!
Missing character: There is no a in font nullfont!
Missing character: There is no v in font nullfont!
Missing character: There is no e in font nullfont!
Missing character: There is no f in font nullfont!
Missing character: There is no r in font nullfont!
Missing character: There is no o in font nullfont!
Missing character: There is no n in font nullfont!
Missing character: There is no t in font nullfont!
Missing character: There is no ） in font nullfont!
Missing character: There is no 不 in font nullfont!
Missing character: There is no 再 in font nullfont!
Missing character: There is no 是 in font nullfont!
Missing character: There is no 傳 in font nullfont!
Missing character: There is no 統 in font nullfont!
Missing character: There is no 的 in font nullfont!
Missing character: There is no 平 in font nullfont!
Missing character: There is no 面 in font nullfont!
Missing character: There is no 或 in font nullfont!
Missing character: There is no 單 in font nullfont!
Missing character: There is no 純 in font nullfont!
Missing character: There is no 的 in font nullfont!
Missing character: There is no 球 in font nullfont!
Missing character: There is no 面 in font nullfont!
Missing character: There is no ， in font nullfont!
Missing character: There is no 而 in font nullfont!
Missing character: There is no 是 in font nullfont!
Missing character: There is no 隨 in font nullfont!
Missing character: There is no 著 in font nullfont!
Missing character: There is no 傳 in font nullfont!
Missing character: There is no 播 in font nullfont!
Missing character: There is no 軸 in font nullfont!
Missing character: There is no 向 in font nullfont!
Missing character: There is no 呈 in font nullfont!
Missing character: There is no 螺 in font nullfont!
Missing character: There is no 旋 in font nullfont!
Missing character: There is no 狀 in font nullfont!
Missing character: There is no 扭 in font nullfont!
Missing character: There is no 曲 in font nullfont!
Missing character: There is no 的 in font nullfont!
Missing character: There is no 幾 in font nullfont!
Missing character: There is no 何 in font nullfont!
Missing character: There is no 結 in font nullfont!
Missing character: There is no 構 in font nullfont!
Missing character: There is no 。 in font nullfont!
Missing character: There is no 此 in font nullfont!
Missing character: There is no 物 in font nullfont!
Missing character: There is no 理 in font nullfont!
Missing character: There is no 現 in font nullfont!
Missing character: There is no 象 in font nullfont!
Missing character: There is no 源 in font nullfont!
Missing character: There is no 於 in font nullfont!
Missing character: There is no 分 in font nullfont!
Missing character: There is no 離 in font nullfont!
Missing character: There is no 變 in font nullfont!
Missing character: There is no 數 in font nullfont!
Missing character: There is no 法 in font nullfont!
Missing character: There is no 中 in font nullfont!
Missing character: There is no ， in font nullfont!
Missing character: There is no 方 in font nullfont!
Missing character: There is no 位 in font nullfont!
Missing character: There is no 角 in font nullfont!
Missing character: There is no 分 in font nullfont!
Missing character: There is no 量 in font nullfont!
Missing character: There is no 所 in font nullfont!
Missing character: There is no 引 in font nullfont!
Missing character: There is no 入 in font nullfont!
Missing character: There is no 的 in font nullfont!
Missing character: There is no 空 in font nullfont!
Missing character: There is no 間 in font nullfont!
Missing character: There is no 相 in font nullfont!
Missing character: There is no 位 in font nullfont!
Missing character: There is no 因 in font nullfont!
Missing character: There is no 子 in font nullfont!
Missing character: There is no 。 in font nullfont!
Missing character: There is no 為 in font nullfont!
Missing character: There is no 了 in font nullfont!
Missing character: There is no 滿 in font nullfont!
Missing character: There is no 足 in font nullfont!
Missing character: There is no 波 in font nullfont!
Missing character: There is no 動 in font nullfont!
Missing character: There is no 場 in font nullfont!
Missing character: There is no 在 in font nullfont!
Missing character: There is no 圍 in font nullfont!
Missing character: There is no 繞 in font nullfont!
Missing character: There is no 傳 in font nullfont!
Missing character: There is no 播 in font nullfont!
Missing character: There is no 軸 in font nullfont!
Missing character: There is no 旋 in font nullfont!
Missing character: There is no 轉 in font nullfont!
Missing character: There is no 後 in font nullfont!
Missing character: There is no 必 in font nullfont!
Missing character: There is no 須 in font nullfont!
Missing character: There is no 回 in font nullfont!
Missing character: There is no 到 in font nullfont!
Missing character: There is no 原 in font nullfont!
Missing character: There is no 狀 in font nullfont!
Missing character: There is no 態 in font nullfont!
Missing character: There is no 的 in font nullfont!
Missing character: There is no 單 in font nullfont!
Missing character: There is no 值 in font nullfont!
Missing character: There is no 邊 in font nullfont!
Missing character: There is no 界 in font nullfont!
Missing character: There is no 條 in font nullfont!
Missing character: There is no 件 in font nullfont!
Missing character: There is no ， in font nullfont!
Missing character: There is no 方 in font nullfont!
Missing character: There is no 位 in font nullfont!
Missing character: There is no 角 in font nullfont!
Missing character: There is no 指 in font nullfont!
Missing character: There is no 數 in font nullfont!
Missing character: There is no 被 in font nullfont!
Missing character: There is no 限 in font nullfont!
Missing character: There is no 制 in font nullfont!
Missing character: There is no 為 in font nullfont!
Missing character: There is no 整 in font nullfont!
Missing character: There is no 數 in font nullfont!
Missing character: There is no （ in font nullfont!
Missing character: There is no ） in font nullfont!
Missing character: There is no ， in font nullfont!
Missing character: There is no 在 in font nullfont!
Missing character: There is no 光 in font nullfont!
Missing character: There is no 學 in font nullfont!
Missing character: There is no 中 in font nullfont!
Missing character: There is no 稱 in font nullfont!
Missing character: There is no 為 in font nullfont!
Missing character: There is no 拓 in font nullfont!
Missing character: There is no 撲 in font nullfont!
Missing character: There is no 電 in font nullfont!
Missing character: There is no 荷 in font nullfont!
Missing character: There is no （ in font nullfont!
Missing character: There is no T in font nullfont!
Missing character: There is no o in font nullfont!
Missing character: There is no p in font nullfont!
Missing character: There is no o in font nullfont!
Missing character: There is no l in font nullfont!
Missing character: There is no o in font nullfont!
Missing character: There is no g in font nullfont!
Missing character: There is no i in font nullfont!
Missing character: There is no c in font nullfont!
Missing character: There is no a in font nullfont!
Missing character: There is no l in font nullfont!
Missing character: There is no C in font nullfont!
Missing character: There is no h in font nullfont!
Missing character: There is no a in font nullfont!
Missing character: There is no r in font nullfont!
Missing character: There is no g in font nullfont!
Missing character: There is no e in font nullfont!
Missing character: There is no ） in font nullfont!
Missing character: There is no 。 in font nullfont!
Missing character: There is no 當 in font nullfont!
Missing character: There is no 時 in font nullfont!
Missing character: There is no ， in font nullfont!
Missing character: There is no 光 in font nullfont!
Missing character: There is no 束 in font nullfont!
Missing character: There is no 在 in font nullfont!
Missing character: There is no 空 in font nullfont!
Missing character: There is no 間 in font nullfont!
Missing character: There is no 中 in font nullfont!
Missing character: There is no 前 in font nullfont!
Missing character: There is no 進 in font nullfont!
Missing character: There is no 一 in font nullfont!
Missing character: There is no 單 in font nullfont!
Missing character: There is no 位 in font nullfont!
Missing character: There is no 波 in font nullfont!
Missing character: There is no 長 in font nullfont!
Missing character: There is no ， in font nullfont!
Missing character: There is no 其 in font nullfont!
Missing character: There is no 等 in font nullfont!
Missing character: There is no 相 in font nullfont!
Missing character: There is no 位 in font nullfont!
Missing character: There is no 面 in font nullfont!
Missing character: There is no 便 in font nullfont!
Missing character: There is no 會 in font nullfont!
Missing character: There is no 圍 in font nullfont!
Missing character: There is no 繞 in font nullfont!
Missing character: There is no 中 in font nullfont!
Missing character: There is no 心 in font nullfont!
Missing character: There is no 軸 in font nullfont!
Missing character: There is no 旋 in font nullfont!
Missing character: There is no 轉 in font nullfont!
Missing character: There is no 個 in font nullfont!
Missing character: There is no 週 in font nullfont!
Missing character: There is no 期 in font nullfont!
Missing character: There is no 。 in font nullfont!
Missing character: There is no 這 in font nullfont!
Missing character: There is no 種 in font nullfont!
Missing character: There is no 相 in font nullfont!
Missing character: There is no 位 in font nullfont!
Missing character: There is no 在 in font nullfont!
Missing character: There is no 空 in font nullfont!
Missing character: There is no 間 in font nullfont!
Missing character: There is no 中 in font nullfont!
Missing character: There is no 的 in font nullfont!
Missing character: There is no 非 in font nullfont!
Missing character: There is no 對 in font nullfont!
Missing character: There is no 稱 in font nullfont!
Missing character: There is no 梯 in font nullfont!
Missing character: There is no 度 in font nullfont!
Missing character: There is no ， in font nullfont!
Missing character: There is no 迫 in font nullfont!
Missing character: There is no 使 in font nullfont!
Missing character: There is no 波 in font nullfont!
Missing character: There is no 前 in font nullfont!
Missing character: There is no 的 in font nullfont!
Missing character: There is no 法 in font nullfont!
Missing character: There is no 向 in font nullfont!
Missing character: There is no 量 in font nullfont!
Missing character: There is no 與 in font nullfont!
Missing character: There is no 傳 in font nullfont!
Missing character: There is no 播 in font nullfont!
Missing character: There is no 軸 in font nullfont!
Missing character: There is no 產 in font nullfont!
Missing character: There is no 生 in font nullfont!
Missing character: There is no 耦 in font nullfont!
Missing character: There is no 合 in font nullfont!
Missing character: There is no ， in font nullfont!
Missing character: There is no 形 in font nullfont!
Missing character: There is no 成 in font nullfont!
Missing character: There is no 宏 in font nullfont!
Missing character: There is no 觀 in font nullfont!
Missing character: There is no 上 in font nullfont!
Missing character: There is no 的 in font nullfont!
Missing character: There is no 螺 in font nullfont!
Missing character: There is no 旋 in font nullfont!
Missing character: There is no 波 in font nullfont!
Missing character: There is no 前 in font nullfont!
Missing character: There is no 。 in font nullfont!

Overfull \hbox (20.0pt too wide) in paragraph at lines 59--60
[]
 []


Overfull \hbox (36.62578pt too wide) in paragraph at lines 59--60
[]\OT1/cmr/m/n/10 (\OML/cmm/m/it/10 i`^^^\OT1/cmr/m/n/10 )$
 []


Overfull \hbox (11.05907pt too wide) in paragraph at lines 59--60
\OT1/cmr/m/n/10 2\OML/cmm/m/it/10 ^^Y$
 []


Overfull \hbox (4.16669pt too wide) in paragraph at lines 59--60
\OML/cmm/m/it/10 `$
 []


Overfull \hbox (14.7222pt too wide) in paragraph at lines 59--60
\OML/cmm/m/it/10 ` \OT1/cmr/m/n/10 =
 []


Overfull \hbox (55.5555pt too wide) in paragraph at lines 59--60
\OT1/cmr/m/n/10 0\OML/cmm/m/it/10 ; \OMS/cmsy/m/n/10 ^^F\OT1/cmr/m/n/10 1\OML/c
mm/m/it/10 ; \OMS/cmsy/m/n/10 ^^F\OT1/cmr/m/n/10 2\OML/cmm/m/it/10 ; []$
 []


Overfull \hbox (14.7222pt too wide) in paragraph at lines 59--60
\OML/cmm/m/it/10 ` \OMS/cmsy/m/n/10 6\OT1/cmr/m/n/10 =
 []


Overfull \hbox (5.00002pt too wide) in paragraph at lines 59--60
\OT1/cmr/m/n/10 0$
 []


Overfull \hbox (4.16669pt too wide) in paragraph at lines 59--60
\OML/cmm/m/it/10 `$
 []


! LaTeX Error: Missing \begin{document}.

See the LaTeX manual or LaTeX Companion for explanation.
Type  H <return>  for immediate help.
 ...                                              
                                                  
l.63 螺
      旋波前的存在，導致光束中心軸（$r=0$）成為一個相位無法定義的相位奇點（Phase Singularity）。在奇點上，來自各個方位的波包...

You're in trouble here.  Try typing  <return>  to proceed.
If that doesn't work, type  X <return>  to quit.

Missing character: There is no 螺 in font nullfont!
Missing character: There is no 旋 in font nullfont!
Missing character: There is no 波 in font nullfont!
Missing character: There is no 前 in font nullfont!
Missing character: There is no 的 in font nullfont!
Missing character: There is no 存 in font nullfont!
Missing character: There is no 在 in font nullfont!
Missing character: There is no ， in font nullfont!
Missing character: There is no 導 in font nullfont!
Missing character: There is no 致 in font nullfont!
Missing character: There is no 光 in font nullfont!
Missing character: There is no 束 in font nullfont!
Missing character: There is no 中 in font nullfont!
Missing character: There is no 心 in font nullfont!
Missing character: There is no 軸 in font nullfont!
Missing character: There is no （ in font nullfont!
Missing character: There is no ） in font nullfont!
Missing character: There is no 成 in font nullfont!
Missing character: There is no 為 in font nullfont!
Missing character: There is no 一 in font nullfont!
Missing character: There is no 個 in font nullfont!
Missing character: There is no 相 in font nullfont!
Missing character: There is no 位 in font nullfont!
Missing character: There is no 無 in font nullfont!
Missing character: There is no 法 in font nullfont!
Missing character: There is no 定 in font nullfont!
Missing character: There is no 義 in font nullfont!
Missing character: There is no 的 in font nullfont!
Missing character: There is no 相 in font nullfont!
Missing character: There is no 位 in font nullfont!
Missing character: There is no 奇 in font nullfont!
Missing character: There is no 點 in font nullfont!
Missing character: There is no （ in font nullfont!
Missing character: There is no P in font nullfont!
Missing character: There is no h in font nullfont!
Missing character: There is no a in font nullfont!
Missing character: There is no s in font nullfont!
Missing character: There is no e in font nullfont!
Missing character: There is no S in font nullfont!
Missing character: There is no i in font nullfont!
Missing character: There is no n in font nullfont!
Missing character: There is no g in font nullfont!
Missing character: There is no u in font nullfont!
Missing character: There is no l in font nullfont!
Missing character: There is no a in font nullfont!
Missing character: There is no r in font nullfont!
Missing character: There is no i in font nullfont!
Missing character: There is no t in font nullfont!
Missing character: There is no y in font nullfont!
Missing character: There is no ） in font nullfont!
Missing character: There is no 。 in font nullfont!
Missing character: There is no 在 in font nullfont!
Missing character: There is no 奇 in font nullfont!
Missing character: There is no 點 in font nullfont!
Missing character: There is no 上 in font nullfont!
Missing character: There is no ， in font nullfont!
Missing character: There is no 來 in font nullfont!
Missing character: There is no 自 in font nullfont!
Missing character: There is no 各 in font nullfont!
Missing character: There is no 個 in font nullfont!
Missing character: There is no 方 in font nullfont!
Missing character: There is no 位 in font nullfont!
Missing character: There is no 的 in font nullfont!
Missing character: There is no 波 in font nullfont!
Missing character: There is no 包 in font nullfont!
Missing character: There is no 因 in font nullfont!
Missing character: There is no 相 in font nullfont!
Missing character: There is no 位 in font nullfont!
Missing character: There is no 互 in font nullfont!
Missing character: There is no 不 in font nullfont!
Missing character: There is no 相 in font nullfont!
Missing character: There is no 容 in font nullfont!
Missing character: There is no 而 in font nullfont!
Missing character: There is no 產 in font nullfont!
Missing character: There is no 生 in font nullfont!
Missing character: There is no 完 in font nullfont!
Missing character: There is no 全 in font nullfont!
Missing character: There is no 破 in font nullfont!
Missing character: There is no 壞 in font nullfont!
Missing character: There is no 性 in font nullfont!
Missing character: There is no 干 in font nullfont!
Missing character: There is no 涉 in font nullfont!
Missing character: There is no 。 in font nullfont!
Missing character: There is no 因 in font nullfont!
Missing character: There is no 此 in font nullfont!
Missing character: There is no ， in font nullfont!
Missing character: There is no 在 in font nullfont!
Missing character: There is no 完 in font nullfont!
Missing character: There is no 整 in font nullfont!
Missing character: There is no 的 in font nullfont!
Missing character: There is no 三 in font nullfont!
Missing character: There is no 維 in font nullfont!
Missing character: There is no 複 in font nullfont!
Missing character: There is no 振 in font nullfont!
Missing character: There is no 幅 in font nullfont!
Missing character: There is no 模 in font nullfont!
Missing character: There is no 型 in font nullfont!
Missing character: There is no 中 in font nullfont!
Missing character: There is no ： in font nullfont!

Overfull \hbox (35.34488pt too wide) in paragraph at lines 63--64
[]$\OML/cmm/m/it/10 r \OT1/cmr/m/n/10 =
 []


Overfull \hbox (5.00002pt too wide) in paragraph at lines 63--64
\OT1/cmr/m/n/10 0$
 []


Overfull \hbox (25.01266pt too wide) in paragraph at lines 63--64
\OML/cmm/m/it/10 LG[]$
 []


! LaTeX Error: Missing \begin{document}.

See the LaTeX manual or LaTeX Companion for explanation.
Type  H <return>  for immediate help.
 ...                                              
                                                  
l.65 $
      $u_{p,\ell}(r, \phi, z) = \sqrt{\frac{2p!}{\pi(p+|\ell|)!}} \frac{1}{w...

You're in trouble here.  Try typing  <return>  to proceed.
If that doesn't work, type  X <return>  to quit.


Overfull \hbox (20.0pt too wide) in paragraph at lines 65--65
[] 
 []


Overfull \hbox (518.88095pt too wide) detected at line 65
\OML/cmm/m/it/10 u[]\OT1/cmr/m/n/10 (\OML/cmm/m/it/10 r; ^^^; z\OT1/cmr/m/n/10 
) = [][] [][] \OML/cmm/m/it/10 L[] [] [] [] [] [] []\OT1/cmr/m/n/10 (\OML/cmm/m
/it/10 i`^^^\OT1/cmr/m/n/10 ) [][\OMS/cmsy/m/n/10 ^^@\OML/cmm/m/it/10 i\OT1/cmr
/m/n/10 (2\OML/cmm/m/it/10 p \OT1/cmr/m/n/10 + \OMS/cmsy/m/n/10 j\OML/cmm/m/it/
10 `\OMS/cmsy/m/n/10 j \OT1/cmr/m/n/10 + 1)\OML/cmm/m/it/10  \OT1/cmr/m/n/10 (\
OML/cmm/m/it/10 z\OT1/cmr/m/n/10 )]
 []


! LaTeX Error: Missing \begin{document}.

See the LaTeX manual or LaTeX Companion for explanation.
Type  H <return>  for immediate help.
 ...                                              
                                                  
l.67 其
      中 $\psi(z)$ 為 Gouy 相位，徑向項 $\left(\frac{\sqrt{2}r}{w(z)}\right)^{|\ell|...

You're in trouble here.  Try typing  <return>  to proceed.
If that doesn't work, type  X <return>  to quit.

Missing character: There is no 其 in font nullfont!
Missing character: There is no 中 in font nullfont!
Missing character: There is no 為 in font nullfont!
Missing character: There is no G in font nullfont!
Missing character: There is no o in font nullfont!
Missing character: There is no u in font nullfont!
Missing character: There is no y in font nullfont!
Missing character: There is no 相 in font nullfont!
Missing character: There is no 位 in font nullfont!
Missing character: There is no ， in font nullfont!
Missing character: There is no 徑 in font nullfont!
Missing character: There is no 向 in font nullfont!
Missing character: There is no 項 in font nullfont!
Missing character: There is no 確 in font nullfont!
Missing character: There is no 保 in font nullfont!
Missing character: There is no 了 in font nullfont!
Missing character: There is no 中 in font nullfont!
Missing character: There is no 心 in font nullfont!
Missing character: There is no 原 in font nullfont!
Missing character: There is no 點 in font nullfont!
Missing character: There is no 處 in font nullfont!
Missing character: There is no 的 in font nullfont!
Missing character: There is no 振 in font nullfont!
Missing character: There is no 幅 in font nullfont!
Missing character: There is no 與 in font nullfont!
Missing character: There is no 強 in font nullfont!
Missing character: There is no 度 in font nullfont!
Missing character: There is no 恆 in font nullfont!
Missing character: There is no 為 in font nullfont!
Missing character: There is no 零 in font nullfont!
Missing character: There is no 。 in font nullfont!
Missing character: There is no 當 in font nullfont!
Missing character: There is no 最 in font nullfont!
Missing character: There is no 基 in font nullfont!
Missing character: There is no 礎 in font nullfont!
Missing character: There is no 的 in font nullfont!
Missing character: There is no 空 in font nullfont!
Missing character: There is no 心 in font nullfont!
Missing character: There is no 螺 in font nullfont!
Missing character: There is no 旋 in font nullfont!
Missing character: There is no 模 in font nullfont!
Missing character: There is no 態 in font nullfont!
Missing character: There is no （ in font nullfont!
Missing character: There is no 徑 in font nullfont!
Missing character: There is no 向 in font nullfont!
Missing character: There is no 指 in font nullfont!
Missing character: There is no 數 in font nullfont!
Missing character: There is no ） in font nullfont!
Missing character: There is no 在 in font nullfont!
Missing character: There is no 空 in font nullfont!
Missing character: There is no 間 in font nullfont!
Missing character: There is no 中 in font nullfont!
Missing character: There is no 傳 in font nullfont!
Missing character: There is no 播 in font nullfont!
Missing character: There is no 時 in font nullfont!
Missing character: There is no ， in font nullfont!
Missing character: There is no 其 in font nullfont!
Missing character: There is no 橫 in font nullfont!
Missing character: There is no 截 in font nullfont!
Missing character: There is no 面 in font nullfont!
Missing character: There is no 強 in font nullfont!
Missing character: There is no 度 in font nullfont!
Missing character: There is no 的 in font nullfont!
Missing character: There is no 極 in font nullfont!
Missing character: There is no 大 in font nullfont!
Missing character: There is no 值 in font nullfont!
Missing character: There is no 精 in font nullfont!
Missing character: There is no 確 in font nullfont!
Missing character: There is no 落 in font nullfont!
Missing character: There is no 在 in font nullfont!
Missing character: There is no 半 in font nullfont!
Missing character: There is no 徑 in font nullfont!
! Undefined control sequence.
l.67 ... $I = |u_{0,\ell}|^2$ 的極大值精確落在半徑 $r_{\text
                                                  {max}} = w(z)\sqrt{\ell/2}...
The control sequence at the end of the top line
of your error message was never \def'ed. If you have
misspelled it (e.g., `\hobx'), type `I' and the correct
spelling (e.g., `I\hbox'). Otherwise just continue,
and I'll forget about whatever was undefined.

Missing character: There is no 的 in font nullfont!
Missing character: There is no 圓 in font nullfont!
Missing character: There is no 環 in font nullfont!
Missing character: There is no 上 in font nullfont!
Missing character: There is no 。 in font nullfont!
Missing character: There is no 這 in font nullfont!
Missing character: There is no 使 in font nullfont!
Missing character: There is no 得 in font nullfont!
Missing character: There is no L in font nullfont!
Missing character: There is no G in font nullfont!
Missing character: There is no 光 in font nullfont!
Missing character: There is no 束 in font nullfont!
Missing character: There is no 在 in font nullfont!
Missing character: There is no 空 in font nullfont!
Missing character: There is no 間 in font nullfont!
Missing character: There is no 中 in font nullfont!
Missing character: There is no 如 in font nullfont!
Missing character: There is no 圓 in font nullfont!
Missing character: There is no 環 in font nullfont!
Missing character: There is no 狀 in font nullfont!
Missing character: There is no 般 in font nullfont!
Missing character: There is no 的 in font nullfont!
Missing character: There is no 中 in font nullfont!
Missing character: There is no 空 in font nullfont!
Missing character: There is no 強 in font nullfont!
Missing character: There is no 度 in font nullfont!
Missing character: There is no 場 in font nullfont!
Missing character: There is no 形 in font nullfont!
Missing character: There is no ， in font nullfont!
Missing character: There is no 且 in font nullfont!
Missing character: There is no 中 in font nullfont!
Missing character: There is no 空 in font nullfont!
Missing character: There is no 強 in font nullfont!
Missing character: There is no 度 in font nullfont!
Missing character: There is no 半 in font nullfont!
Missing character: There is no 徑 in font nullfont!
Missing character: There is no 會 in font nullfont!
Missing character: There is no 隨 in font nullfont!
Missing character: There is no 著 in font nullfont!
Missing character: There is no 拓 in font nullfont!
Missing character: There is no 撲 in font nullfont!
Missing character: There is no 電 in font nullfont!
Missing character: There is no 荷 in font nullfont!
Missing character: There is no 的 in font nullfont!
Missing character: There is no 增 in font nullfont!
Missing character: There is no 大 in font nullfont!
Missing character: There is no 而 in font nullfont!
Missing character: There is no 呈 in font nullfont!
Missing character: There is no 根 in font nullfont!
Missing character: There is no 號 in font nullfont!
Missing character: There is no 關 in font nullfont!
Missing character: There is no 係 in font nullfont!
Missing character: There is no 擴 in font nullfont!
Missing character: There is no 張 in font nullfont!
Missing character: There is no 。 in font nullfont!

Overfull \hbox (20.0pt too wide) in paragraph at lines 67--68
[]
 []


Overfull \hbox (19.7408pt too wide) in paragraph at lines 67--68
\OML/cmm/m/it/10  \OT1/cmr/m/n/10 (\OML/cmm/m/it/10 z\OT1/cmr/m/n/10 )$
 []


Overfull \hbox (39.27283pt too wide) in paragraph at lines 67--68
[][]$
 []


Overfull \hbox (15.58676pt too wide) in paragraph at lines 67--68
\OML/cmm/m/it/10 p \OT1/cmr/m/n/10 =
 []


Overfull \hbox (5.00002pt too wide) in paragraph at lines 67--68
\OT1/cmr/m/n/10 0$
 []


Overfull \hbox (15.73605pt too wide) in paragraph at lines 67--68
\OML/cmm/m/it/10 I \OT1/cmr/m/n/10 =
 []


Overfull \hbox (25.97467pt too wide) in paragraph at lines 67--68
\OMS/cmsy/m/n/10 j\OML/cmm/m/it/10 u[]\OMS/cmsy/m/n/10 j[]$
 []


Overfull \hbox (31.53558pt too wide) in paragraph at lines 67--68
\OML/cmm/m/it/10 r[] \OT1/cmr/m/n/10 =
 []


Overfull \hbox (44.46309pt too wide) in paragraph at lines 67--68
\OML/cmm/m/it/10 w\OT1/cmr/m/n/10 (\OML/cmm/m/it/10 z\OT1/cmr/m/n/10 )[]$
 []


Overfull \hbox (9.72226pt too wide) in paragraph at lines 67--68
\OMS/cmsy/m/n/10 j\OML/cmm/m/it/10 `\OMS/cmsy/m/n/10 j$
 []


! LaTeX Error: Missing \begin{document}.

See the LaTeX manual or LaTeX Companion for explanation.
Type  H <return>  for immediate help.
 ...                                              
                                                  
l.69 從
      微觀動力學的角度來看，這種螺旋光場改變了光子的動量分佈。將 LG 光束的電磁場代入時間平均坡印廷向量（Poynting Vector）$\l...

You're in trouble here.  Try typing  <return>  to proceed.
If that doesn't work, type  X <return>  to quit.

Missing character: There is no 從 in font nullfont!
Missing character: There is no 微 in font nullfont!
Missing character: There is no 觀 in font nullfont!
Missing character: There is no 動 in font nullfont!
Missing character: There is no 力 in font nullfont!
Missing character: There is no 學 in font nullfont!
Missing character: There is no 的 in font nullfont!
Missing character: There is no 角 in font nullfont!
Missing character: There is no 度 in font nullfont!
Missing character: There is no 來 in font nullfont!
Missing character: There is no 看 in font nullfont!
Missing character: There is no ， in font nullfont!
Missing character: There is no 這 in font nullfont!
Missing character: There is no 種 in font nullfont!
Missing character: There is no 螺 in font nullfont!
Missing character: There is no 旋 in font nullfont!
Missing character: There is no 光 in font nullfont!
Missing character: There is no 場 in font nullfont!
Missing character: There is no 改 in font nullfont!
Missing character: There is no 變 in font nullfont!
Missing character: There is no 了 in font nullfont!
Missing character: There is no 光 in font nullfont!
Missing character: There is no 子 in font nullfont!
Missing character: There is no 的 in font nullfont!
Missing character: There is no 動 in font nullfont!
Missing character: There is no 量 in font nullfont!
Missing character: There is no 分 in font nullfont!
Missing character: There is no 佈 in font nullfont!
Missing character: There is no 。 in font nullfont!
Missing character: There is no 將 in font nullfont!
Missing character: There is no L in font nullfont!
Missing character: There is no G in font nullfont!
Missing character: There is no 光 in font nullfont!
Missing character: There is no 束 in font nullfont!
Missing character: There is no 的 in font nullfont!
Missing character: There is no 電 in font nullfont!
Missing character: There is no 磁 in font nullfont!
Missing character: There is no 場 in font nullfont!
Missing character: There is no 代 in font nullfont!
Missing character: There is no 入 in font nullfont!
Missing character: There is no 時 in font nullfont!
Missing character: There is no 間 in font nullfont!
Missing character: There is no 平 in font nullfont!
Missing character: There is no 均 in font nullfont!
Missing character: There is no 坡 in font nullfont!
Missing character: There is no 印 in font nullfont!
Missing character: There is no 廷 in font nullfont!
Missing character: There is no 向 in font nullfont!
Missing character: There is no 量 in font nullfont!
Missing character: There is no （ in font nullfont!
Missing character: There is no P in font nullfont!
Missing character: There is no o in font nullfont!
Missing character: There is no y in font nullfont!
Missing character: There is no n in font nullfont!
Missing character: There is no t in font nullfont!
Missing character: There is no i in font nullfont!
Missing character: There is no n in font nullfont!
Missing character: There is no g in font nullfont!
Missing character: There is no V in font nullfont!
Missing character: There is no e in font nullfont!
Missing character: There is no c in font nullfont!
Missing character: There is no t in font nullfont!
Missing character: There is no o in font nullfont!
Missing character: There is no r in font nullfont!
Missing character: There is no ） in font nullfont!
! Undefined control sequence.
l.69 ...langle\mathbf{S}\rangle = \frac{1}{2}\text
                                                  {Re}\{\mathbf{E} \times \m...
The control sequence at the end of the top line
of your error message was never \def'ed. If you have
misspelled it (e.g., `\hobx'), type `I' and the correct
spelling (e.g., `I\hbox'). Otherwise just continue,
and I'll forget about whatever was undefined.

Missing character: There is no 可 in font nullfont!
Missing character: There is no 以 in font nullfont!
Missing character: There is no 發 in font nullfont!
Missing character: There is no 現 in font nullfont!
Missing character: There is no ， in font nullfont!
Missing character: There is no 在 in font nullfont!
Missing character: There is no 近 in font nullfont!
Missing character: There is no 軸 in font nullfont!
Missing character: There is no 近 in font nullfont!
Missing character: There is no 似 in font nullfont!
Missing character: There is no 下 in font nullfont!
Missing character: There is no ， in font nullfont!
Missing character: There is no 能 in font nullfont!
Missing character: There is no 量 in font nullfont!
Missing character: There is no 流 in font nullfont!
Missing character: There is no 動 in font nullfont!
Missing character: There is no 的 in font nullfont!
Missing character: There is no 方 in font nullfont!
Missing character: There is no 位 in font nullfont!
Missing character: There is no 角 in font nullfont!
Missing character: There is no 分 in font nullfont!
Missing character: There is no 量 in font nullfont!
Missing character: There is no 與 in font nullfont!
Missing character: There is no 縱 in font nullfont!
Missing character: There is no 向 in font nullfont!
Missing character: There is no 分 in font nullfont!
Missing character: There is no 量 in font nullfont!
Missing character: There is no 的 in font nullfont!
Missing character: There is no 物 in font nullfont!
Missing character: There is no 理 in font nullfont!
Missing character: There is no 關 in font nullfont!
Missing character: There is no 聯 in font nullfont!
Missing character: There is no ： in font nullfont!

Overfull \hbox (20.0pt too wide) in paragraph at lines 69--70
[]
 []


Overfull \hbox (24.72217pt too wide) in paragraph at lines 69--70
\OMS/cmsy/m/n/10 h\OT1/cmr/bx/n/10 S\OMS/cmsy/m/n/10 i \OT1/cmr/m/n/10 =
 []


Overfull \hbox (39.04587pt too wide) in paragraph at lines 69--70
[][]\OMS/cmsy/m/n/10 f\OT1/cmr/bx/n/10 E \OMS/cmsy/m/n/10 ^^B
 []


Overfull \hbox (18.5972pt too wide) in paragraph at lines 69--70
\OT1/cmr/bx/n/10 H[]\OMS/cmsy/m/n/10 g$
 []


Overfull \hbox (11.44028pt too wide) in paragraph at lines 69--70
\OML/cmm/m/it/10 S[]$
 []


Overfull \hbox (10.73962pt too wide) in paragraph at lines 69--70
\OML/cmm/m/it/10 S[]$
 []


! LaTeX Error: Missing \begin{document}.

See the LaTeX manual or LaTeX Companion for explanation.
Type  H <return>  for immediate help.
 ...                                              
                                                  
l.71 $
      $\frac{S_\phi}{S_z} = \frac{\ell}{kr}$$
You're in trouble here.  Try typing  <return>  to proceed.
If that doesn't work, type  X <return>  to quit.


Overfull \hbox (20.0pt too wide) in paragraph at lines 71--71
[] 
 []


Overfull \hbox (39.8837pt too wide) detected at line 71
[] \OT1/cmr/m/n/10 = []
 []


! LaTeX Error: Missing \begin{document}.

See the LaTeX manual or LaTeX Companion for explanation.
Type  H <return>  for immediate help.
 ...                                              
                                                  
l.73 此
      關係式表明，電磁能量不再單純沿著 $z$ 軸直線前進，而是圍繞著傳播軸產生了角動量流密度。這意味著拉格耳-高斯光束中的每個光子，除了自身偏振...

You're in trouble here.  Try typing  <return>  to proceed.
If that doesn't work, type  X <return>  to quit.

Missing character: There is no 此 in font nullfont!
Missing character: There is no 關 in font nullfont!
Missing character: There is no 係 in font nullfont!
Missing character: There is no 式 in font nullfont!
Missing character: There is no 表 in font nullfont!
Missing character: There is no 明 in font nullfont!
Missing character: There is no ， in font nullfont!
Missing character: There is no 電 in font nullfont!
Missing character: There is no 磁 in font nullfont!
Missing character: There is no 能 in font nullfont!
Missing character: There is no 量 in font nullfont!
Missing character: There is no 不 in font nullfont!
Missing character: There is no 再 in font nullfont!
Missing character: There is no 單 in font nullfont!
Missing character: There is no 純 in font nullfont!
Missing character: There is no 沿 in font nullfont!
Missing character: There is no 著 in font nullfont!
Missing character: There is no 軸 in font nullfont!
Missing character: There is no 直 in font nullfont!
Missing character: There is no 線 in font nullfont!
Missing character: There is no 前 in font nullfont!
Missing character: There is no 進 in font nullfont!
Missing character: There is no ， in font nullfont!
Missing character: There is no 而 in font nullfont!
Missing character: There is no 是 in font nullfont!
Missing character: There is no 圍 in font nullfont!
Missing character: There is no 繞 in font nullfont!
Missing character: There is no 著 in font nullfont!
Missing character: There is no 傳 in font nullfont!
Missing character: There is no 播 in font nullfont!
Missing character: There is no 軸 in font nullfont!
Missing character: There is no 產 in font nullfont!
Missing character: There is no 生 in font nullfont!
Missing character: There is no 了 in font nullfont!
Missing character: There is no 角 in font nullfont!
Missing character: There is no 動 in font nullfont!
Missing character: There is no 量 in font nullfont!
Missing character: There is no 流 in font nullfont!
Missing character: There is no 密 in font nullfont!
Missing character: There is no 度 in font nullfont!
Missing character: There is no 。 in font nullfont!
Missing character: There is no 這 in font nullfont!
Missing character: There is no 意 in font nullfont!
Missing character: There is no 味 in font nullfont!
Missing character: There is no 著 in font nullfont!
Missing character: There is no 拉 in font nullfont!
Missing character: There is no 格 in font nullfont!
Missing character: There is no 耳 in font nullfont!
Missing character: There is no - in font nullfont!
Missing character: There is no 高 in font nullfont!
Missing character: There is no 斯 in font nullfont!
Missing character: There is no 光 in font nullfont!
Missing character: There is no 束 in font nullfont!
Missing character: There is no 中 in font nullfont!
Missing character: There is no 的 in font nullfont!
Missing character: There is no 每 in font nullfont!
Missing character: There is no 個 in font nullfont!
Missing character: There is no 光 in font nullfont!
Missing character: There is no 子 in font nullfont!
Missing character: There is no ， in font nullfont!
Missing character: There is no 除 in font nullfont!
Missing character: There is no 了 in font nullfont!
Missing character: There is no 自 in font nullfont!
Missing character: There is no 身 in font nullfont!
Missing character: There is no 偏 in font nullfont!
Missing character: There is no 振 in font nullfont!
Missing character: There is no 所 in font nullfont!
Missing character: There is no 決 in font nullfont!
Missing character: There is no 定 in font nullfont!
Missing character: There is no 的 in font nullfont!
Missing character: There is no 自 in font nullfont!
Missing character: There is no 旋 in font nullfont!
Missing character: There is no 角 in font nullfont!
Missing character: There is no 動 in font nullfont!
Missing character: There is no 量 in font nullfont!
Missing character: There is no （ in font nullfont!
Missing character: There is no S in font nullfont!
Missing character: There is no A in font nullfont!
Missing character: There is no M in font nullfont!
Missing character: There is no ） in font nullfont!
Missing character: There is no 之 in font nullfont!
Missing character: There is no 外 in font nullfont!
Missing character: There is no ， in font nullfont!
Missing character: There is no 還 in font nullfont!
Missing character: There is no 額 in font nullfont!
Missing character: There is no 外 in font nullfont!
Missing character: There is no 攜 in font nullfont!
Missing character: There is no 帶 in font nullfont!
Missing character: There is no 了 in font nullfont!
Missing character: There is no 與 in font nullfont!
Missing character: There is no 拓 in font nullfont!
Missing character: There is no 撲 in font nullfont!
Missing character: There is no 電 in font nullfont!
Missing character: There is no 荷 in font nullfont!
Missing character: There is no 成 in font nullfont!
Missing character: There is no 正 in font nullfont!
Missing character: There is no 比 in font nullfont!
Missing character: There is no 的 in font nullfont!
Missing character: There is no 軌 in font nullfont!
Missing character: There is no 道 in font nullfont!
Missing character: There is no 角 in font nullfont!
Missing character: There is no 動 in font nullfont!
Missing character: There is no 量 in font nullfont!
Missing character: There is no （ in font nullfont!
Missing character: There is no O in font nullfont!
Missing character: There is no r in font nullfont!
Missing character: There is no b in font nullfont!
Missing character: There is no i in font nullfont!
Missing character: There is no t in font nullfont!
Missing character: There is no a in font nullfont!
Missing character: There is no l in font nullfont!
Missing character: There is no A in font nullfont!
Missing character: There is no n in font nullfont!
Missing character: There is no g in font nullfont!
Missing character: There is no u in font nullfont!
Missing character: There is no l in font nullfont!
Missing character: There is no a in font nullfont!
Missing character: There is no r in font nullfont!
Missing character: There is no M in font nullfont!
Missing character: There is no o in font nullfont!
Missing character: There is no m in font nullfont!
Missing character: There is no e in font nullfont!
Missing character: There is no n in font nullfont!
Missing character: There is no t in font nullfont!
Missing character: There is no u in font nullfont!
Missing character: There is no m in font nullfont!
Missing character: There is no , in font nullfont!
Missing character: There is no O in font nullfont!
Missing character: There is no A in font nullfont!
Missing character: There is no M in font nullfont!
Missing character: There is no ） in font nullfont!
Missing character: There is no ， in font nullfont!
Missing character: There is no 其 in font nullfont!
Missing character: There is no 量 in font nullfont!
Missing character: There is no 值 in font nullfont!
Missing character: There is no 精 in font nullfont!
Missing character: There is no 確 in font nullfont!
Missing character: There is no 為 in font nullfont!
Missing character: There is no 每 in font nullfont!
Missing character: There is no 個 in font nullfont!
Missing character: There is no 光 in font nullfont!
Missing character: There is no 子 in font nullfont!
Missing character: There is no 。 in font nullfont!
Missing character: There is no 這 in font nullfont!
Missing character: There is no 種 in font nullfont!
Missing character: There is no 由 in font nullfont!
Missing character: There is no 空 in font nullfont!
Missing character: There is no 間 in font nullfont!
Missing character: There is no 幾 in font nullfont!
Missing character: There is no 何 in font nullfont!
Missing character: There is no 結 in font nullfont!
Missing character: There is no 構 in font nullfont!
Missing character: There is no 所 in font nullfont!
Missing character: There is no 衍 in font nullfont!
Missing character: There is no 生 in font nullfont!
Missing character: There is no 出 in font nullfont!
Missing character: There is no 的 in font nullfont!
Missing character: There is no 軌 in font nullfont!
Missing character: There is no 道 in font nullfont!
Missing character: There is no 角 in font nullfont!
Missing character: There is no 動 in font nullfont!
Missing character: There is no 量 in font nullfont!
Missing character: There is no ， in font nullfont!
Missing character: There is no 正 in font nullfont!
Missing character: There is no 是 in font nullfont!
Missing character: There is no L in font nullfont!
Missing character: There is no G in font nullfont!
Missing character: There is no 光 in font nullfont!
Missing character: There is no 束 in font nullfont!
Missing character: There is no 能 in font nullfont!
Missing character: There is no 對 in font nullfont!
Missing character: There is no 微 in font nullfont!
Missing character: There is no 觀 in font nullfont!
Missing character: There is no 粒 in font nullfont!
Missing character: There is no 子 in font nullfont!
Missing character: There is no 產 in font nullfont!
Missing character: There is no 生 in font nullfont!
Missing character: There is no 光 in font nullfont!
Missing character: There is no 學 in font nullfont!
Missing character: There is no 力 in font nullfont!
Missing character: There is no 矩 in font nullfont!
Missing character: There is no 、 in font nullfont!
Missing character: There is no 驅 in font nullfont!
Missing character: There is no 使 in font nullfont!
Missing character: There is no 粒 in font nullfont!
Missing character: There is no 子 in font nullfont!
Missing character: There is no 繞 in font nullfont!
Missing character: There is no 軸 in font nullfont!
Missing character: There is no 旋 in font nullfont!
Missing character: There is no 轉 in font nullfont!
Missing character: There is no 的 in font nullfont!
Missing character: There is no 物 in font nullfont!
Missing character: There is no 理 in font nullfont!
Missing character: There is no 本 in font nullfont!
Missing character: There is no 質 in font nullfont!
Missing character: There is no 。 in font nullfont!

Overfull \hbox (20.0pt too wide) in paragraph at lines 73--74
[]
 []


Overfull \hbox (5.0903pt too wide) in paragraph at lines 73--74
\OML/cmm/m/it/10 z$
 []


Overfull \hbox (9.9284pt too wide) in paragraph at lines 73--74
\OML/cmm/m/it/10 `[]$
 []

! Undefined control sequence.
l.75 \subsection
                {Valley Physics and Valley Selection Rule in Monolayer TMDs}
The control sequence at the end of the top line
of your error message was never \def'ed. If you have
misspelled it (e.g., `\hobx'), type `I' and the correct
spelling (e.g., `I\hbox'). Otherwise just continue,
and I'll forget about whatever was undefined.


! LaTeX Error: Missing \begin{document}.

See the LaTeX manual or LaTeX Companion for explanation.
Type  H <return>  for immediate help.
 ...                                              
                                                  
l.75 \subsection{V
                  alley Physics and Valley Selection Rule in Monolayer TMDs}
You're in trouble here.  Try typing  <return>  to proceed.
If that doesn't work, type  X <return>  to quit.

Missing character: There is no V in font nullfont!
Missing character: There is no a in font nullfont!
Missing character: There is no l in font nullfont!
Missing character: There is no l in font nullfont!
Missing character: There is no e in font nullfont!
Missing character: There is no y in font nullfont!
Missing character: There is no P in font nullfont!
Missing character: There is no h in font nullfont!
Missing character: There is no y in font nullfont!
Missing character: There is no s in font nullfont!
Missing character: There is no i in font nullfont!
Missing character: There is no c in font nullfont!
Missing character: There is no s in font nullfont!
Missing character: There is no a in font nullfont!
Missing character: There is no n in font nullfont!
Missing character: There is no d in font nullfont!
Missing character: There is no V in font nullfont!
Missing character: There is no a in font nullfont!
Missing character: There is no l in font nullfont!
Missing character: There is no l in font nullfont!
Missing character: There is no e in font nullfont!
Missing character: There is no y in font nullfont!
Missing character: There is no S in font nullfont!
Missing character: There is no e in font nullfont!
Missing character: There is no l in font nullfont!
Missing character: There is no e in font nullfont!
Missing character: There is no c in font nullfont!
Missing character: There is no t in font nullfont!
Missing character: There is no i in font nullfont!
Missing character: There is no o in font nullfont!
Missing character: There is no n in font nullfont!
Missing character: There is no R in font nullfont!
Missing character: There is no u in font nullfont!
Missing character: There is no l in font nullfont!
Missing character: There is no e in font nullfont!
Missing character: There is no i in font nullfont!
Missing character: There is no n in font nullfont!
Missing character: There is no M in font nullfont!
Missing character: There is no o in font nullfont!
Missing character: There is no n in font nullfont!
Missing character: There is no o in font nullfont!
Missing character: There is no l in font nullfont!
Missing character: There is no a in font nullfont!
Missing character: There is no y in font nullfont!
Missing character: There is no e in font nullfont!
Missing character: There is no r in font nullfont!
Missing character: There is no T in font nullfont!
Missing character: There is no M in font nullfont!
Missing character: There is no D in font nullfont!
Missing character: There is no s in font nullfont!

Overfull \hbox (20.0pt too wide) in paragraph at lines 75--76
[]
 []


! LaTeX Error: Missing \begin{document}.

See the LaTeX manual or LaTeX Companion for explanation.
Type  H <return>  for immediate help.
 ...                                              
                                                  
l.78 單
      層過渡金屬二硫屬化物（monolayer TMDs）具備獨特的二維蜂巢狀晶格結構。當材料由體材減薄至單層極限時，晶格內部的空間反轉對稱性（s...

You're in trouble here.  Try typing  <return>  to proceed.
If that doesn't work, type  X <return>  to quit.

Missing character: There is no 單 in font nullfont!
Missing character: There is no 層 in font nullfont!
Missing character: There is no 過 in font nullfont!
Missing character: There is no 渡 in font nullfont!
Missing character: There is no 金 in font nullfont!
Missing character: There is no 屬 in font nullfont!
Missing character: There is no 二 in font nullfont!
Missing character: There is no 硫 in font nullfont!
Missing character: There is no 屬 in font nullfont!
Missing character: There is no 化 in font nullfont!
Missing character: There is no 物 in font nullfont!
Missing character: There is no （ in font nullfont!
Missing character: There is no m in font nullfont!
Missing character: There is no o in font nullfont!
Missing character: There is no n in font nullfont!
Missing character: There is no o in font nullfont!
Missing character: There is no l in font nullfont!
Missing character: There is no a in font nullfont!
Missing character: There is no y in font nullfont!
Missing character: There is no e in font nullfont!
Missing character: There is no r in font nullfont!
Missing character: There is no T in font nullfont!
Missing character: There is no M in font nullfont!
Missing character: There is no D in font nullfont!
Missing character: There is no s in font nullfont!
Missing character: There is no ） in font nullfont!
Missing character: There is no 具 in font nullfont!
Missing character: There is no 備 in font nullfont!
Missing character: There is no 獨 in font nullfont!
Missing character: There is no 特 in font nullfont!
Missing character: There is no 的 in font nullfont!
Missing character: There is no 二 in font nullfont!
Missing character: There is no 維 in font nullfont!
Missing character: There is no 蜂 in font nullfont!
Missing character: There is no 巢 in font nullfont!
Missing character: There is no 狀 in font nullfont!
Missing character: There is no 晶 in font nullfont!
Missing character: There is no 格 in font nullfont!
Missing character: There is no 結 in font nullfont!
Missing character: There is no 構 in font nullfont!
Missing character: There is no 。 in font nullfont!
Missing character: There is no 當 in font nullfont!
Missing character: There is no 材 in font nullfont!
Missing character: There is no 料 in font nullfont!
Missing character: There is no 由 in font nullfont!
Missing character: There is no 體 in font nullfont!
Missing character: There is no 材 in font nullfont!
Missing character: There is no 減 in font nullfont!
Missing character: There is no 薄 in font nullfont!
Missing character: There is no 至 in font nullfont!
Missing character: There is no 單 in font nullfont!
Missing character: There is no 層 in font nullfont!
Missing character: There is no 極 in font nullfont!
Missing character: There is no 限 in font nullfont!
Missing character: There is no 時 in font nullfont!
Missing character: There is no ， in font nullfont!
Missing character: There is no 晶 in font nullfont!
Missing character: There is no 格 in font nullfont!
Missing character: There is no 內 in font nullfont!
Missing character: There is no 部 in font nullfont!
Missing character: There is no 的 in font nullfont!
Missing character: There is no 空 in font nullfont!
Missing character: There is no 間 in font nullfont!
Missing character: There is no 反 in font nullfont!
Missing character: There is no 轉 in font nullfont!
Missing character: There is no 對 in font nullfont!
Missing character: There is no 稱 in font nullfont!
Missing character: There is no 性 in font nullfont!
Missing character: There is no （ in font nullfont!
Missing character: There is no s in font nullfont!
Missing character: There is no p in font nullfont!
Missing character: There is no a in font nullfont!
Missing character: There is no t in font nullfont!
Missing character: There is no i in font nullfont!
Missing character: There is no a in font nullfont!
Missing character: There is no l in font nullfont!
Missing character: There is no i in font nullfont!
Missing character: There is no n in font nullfont!
Missing character: There is no v in font nullfont!
Missing character: There is no e in font nullfont!
Missing character: There is no r in font nullfont!
Missing character: There is no s in font nullfont!
Missing character: There is no i in font nullfont!
Missing character: There is no o in font nullfont!
Missing character: There is no n in font nullfont!
Missing character: There is no s in font nullfont!
Missing character: There is no y in font nullfont!
Missing character: There is no m in font nullfont!
Missing character: There is no m in font nullfont!
Missing character: There is no e in font nullfont!
Missing character: There is no t in font nullfont!
Missing character: There is no r in font nullfont!
Missing character: There is no y in font nullfont!
Missing character: There is no ） in font nullfont!
Missing character: There is no 破 in font nullfont!
Missing character: There is no 缺 in font nullfont!
Missing character: There is no ， in font nullfont!
Missing character: There is no 且 in font nullfont!
Missing character: There is no 伴 in font nullfont!
Missing character: There is no 隨 in font nullfont!
Missing character: There is no 過 in font nullfont!
Missing character: There is no 渡 in font nullfont!
Missing character: There is no 金 in font nullfont!
Missing character: There is no 屬 in font nullfont!
Missing character: There is no 原 in font nullfont!
Missing character: There is no 子 in font nullfont!
Missing character: There is no 強 in font nullfont!
Missing character: There is no 烈 in font nullfont!
Missing character: There is no 的 in font nullfont!
Missing character: There is no 自 in font nullfont!
Missing character: There is no 旋 in font nullfont!
Missing character: There is no 軌 in font nullfont!
Missing character: There is no 道 in font nullfont!
Missing character: There is no 耦 in font nullfont!
Missing character: There is no 合 in font nullfont!
Missing character: There is no （ in font nullfont!
Missing character: There is no s in font nullfont!
Missing character: There is no p in font nullfont!
Missing character: There is no i in font nullfont!
Missing character: There is no n in font nullfont!
Missing character: There is no - in font nullfont!
Missing character: There is no o in font nullfont!
Missing character: There is no r in font nullfont!
Missing character: There is no b in font nullfont!
Missing character: There is no i in font nullfont!
Missing character: There is no t in font nullfont!
Missing character: There is no c in font nullfont!
Missing character: There is no o in font nullfont!
Missing character: There is no u in font nullfont!
Missing character: There is no p in font nullfont!
Missing character: There is no l in font nullfont!
Missing character: There is no i in font nullfont!
Missing character: There is no n in font nullfont!
Missing character: There is no g in font nullfont!
Missing character: There is no , in font nullfont!
Missing character: There is no S in font nullfont!
Missing character: There is no O in font nullfont!
Missing character: There is no C in font nullfont!
Missing character: There is no ） in font nullfont!
Missing character: There is no 。 in font nullfont!
Missing character: There is no 這 in font nullfont!
Missing character: There is no 兩 in font nullfont!
Missing character: There is no 者 in font nullfont!
Missing character: There is no 的 in font nullfont!
Missing character: There is no 協 in font nullfont!
Missing character: There is no 同 in font nullfont!
Missing character: There is no 效 in font nullfont!
Missing character: There is no 應 in font nullfont!
Missing character: There is no 導 in font nullfont!
Missing character: There is no 致 in font nullfont!
Missing character: There is no 能 in font nullfont!
Missing character: There is no 帶 in font nullfont!
Missing character: There is no 結 in font nullfont!
Missing character: There is no 構 in font nullfont!
Missing character: There is no 產 in font nullfont!
Missing character: There is no 生 in font nullfont!
Missing character: There is no 顯 in font nullfont!
Missing character: There is no 著 in font nullfont!
Missing character: There is no 的 in font nullfont!
Missing character: There is no 自 in font nullfont!
Missing character: There is no 旋 in font nullfont!
Missing character: There is no 分 in font nullfont!
Missing character: There is no 裂 in font nullfont!
Missing character: There is no ， in font nullfont!
Missing character: There is no 且 in font nullfont!
Missing character: There is no 谷 in font nullfont!
Missing character: There is no 與 in font nullfont!
Missing character: There is no 谷 in font nullfont!
Missing character: There is no 的 in font nullfont!
Missing character: There is no 自 in font nullfont!
Missing character: There is no 旋 in font nullfont!
Missing character: There is no 狀 in font nullfont!
Missing character: There is no 態 in font nullfont!
Missing character: There is no 恰 in font nullfont!
Missing character: There is no 好 in font nullfont!
Missing character: There is no 相 in font nullfont!
Missing character: There is no 反 in font nullfont!
Missing character: There is no ， in font nullfont!
Missing character: There is no 進 in font nullfont!
Missing character: There is no 而 in font nullfont!
Missing character: There is no 形 in font nullfont!
Missing character: There is no 成 in font nullfont!
Missing character: There is no 自 in font nullfont!
Missing character: There is no 旋 in font nullfont!
Missing character: There is no - in font nullfont!
Missing character: There is no 谷 in font nullfont!
Missing character: There is no 鎖 in font nullfont!
Missing character: There is no 定 in font nullfont!
Missing character: There is no （ in font nullfont!
Missing character: There is no s in font nullfont!
Missing character: There is no p in font nullfont!
Missing character: There is no i in font nullfont!
Missing character: There is no n in font nullfont!
Missing character: There is no - in font nullfont!
Missing character: There is no v in font nullfont!
Missing character: There is no a in font nullfont!
Missing character: There is no l in font nullfont!
Missing character: There is no l in font nullfont!
Missing character: There is no e in font nullfont!
Missing character: There is no y in font nullfont!
Missing character: There is no l in font nullfont!
Missing character: There is no o in font nullfont!
Missing character: There is no c in font nullfont!
Missing character: There is no k in font nullfont!
Missing character: There is no i in font nullfont!
Missing character: There is no n in font nullfont!
Missing character: There is no g in font nullfont!
Missing character: There is no ） in font nullfont!
Missing character: There is no 效 in font nullfont!
Missing character: There is no 應 in font nullfont!
Missing character: There is no 。 in font nullfont!

Overfull \hbox (20.0pt too wide) in paragraph at lines 78--79
[]
 []


Overfull \hbox (9.20833pt too wide) in paragraph at lines 78--79
\OML/cmm/m/it/10 K$
 []


Overfull \hbox (12.01389pt too wide) in paragraph at lines 78--79
\OML/cmm/m/it/10 K[]$
 []


! LaTeX Error: Missing \begin{document}.

See the LaTeX manual or LaTeX Companion for explanation.
Type  H <return>  for immediate help.
 ...                                              
                                                  
l.80 由
      於空間反轉對稱性的破缺，布里淵區邊界的 $K$ 與 $K'$ 能谷展現出相反的角動量特性。這種獨特的電子結構，直接賦予了單層 TMDs 嚴格...

You're in trouble here.  Try typing  <return>  to proceed.
If that doesn't work, type  X <return>  to quit.

Missing character: There is no 由 in font nullfont!
Missing character: There is no 於 in font nullfont!
Missing character: There is no 空 in font nullfont!
Missing character: There is no 間 in font nullfont!
Missing character: There is no 反 in font nullfont!
Missing character: There is no 轉 in font nullfont!
Missing character: There is no 對 in font nullfont!
Missing character: There is no 稱 in font nullfont!
Missing character: There is no 性 in font nullfont!
Missing character: There is no 的 in font nullfont!
Missing character: There is no 破 in font nullfont!
Missing character: There is no 缺 in font nullfont!
Missing character: There is no ， in font nullfont!
Missing character: There is no 布 in font nullfont!
Missing character: There is no 里 in font nullfont!
Missing character: There is no 淵 in font nullfont!
Missing character: There is no 區 in font nullfont!
Missing character: There is no 邊 in font nullfont!
Missing character: There is no 界 in font nullfont!
Missing character: There is no 的 in font nullfont!
Missing character: There is no 與 in font nullfont!
Missing character: There is no 能 in font nullfont!
Missing character: There is no 谷 in font nullfont!
Missing character: There is no 展 in font nullfont!
Missing character: There is no 現 in font nullfont!
Missing character: There is no 出 in font nullfont!
Missing character: There is no 相 in font nullfont!
Missing character: There is no 反 in font nullfont!
Missing character: There is no 的 in font nullfont!
Missing character: There is no 角 in font nullfont!
Missing character: There is no 動 in font nullfont!
Missing character: There is no 量 in font nullfont!
Missing character: There is no 特 in font nullfont!
Missing character: There is no 性 in font nullfont!
Missing character: There is no 。 in font nullfont!
Missing character: There is no 這 in font nullfont!
Missing character: There is no 種 in font nullfont!
Missing character: There is no 獨 in font nullfont!
Missing character: There is no 特 in font nullfont!
Missing character: There is no 的 in font nullfont!
Missing character: There is no 電 in font nullfont!
Missing character: There is no 子 in font nullfont!
Missing character: There is no 結 in font nullfont!
Missing character: There is no 構 in font nullfont!
Missing character: There is no ， in font nullfont!
Missing character: There is no 直 in font nullfont!
Missing character: There is no 接 in font nullfont!
Missing character: There is no 賦 in font nullfont!
Missing character: There is no 予 in font nullfont!
Missing character: There is no 了 in font nullfont!
Missing character: There is no 單 in font nullfont!
Missing character: There is no 層 in font nullfont!
Missing character: There is no T in font nullfont!
Missing character: There is no M in font nullfont!
Missing character: There is no D in font nullfont!
Missing character: There is no s in font nullfont!
Missing character: There is no 嚴 in font nullfont!
Missing character: There is no 格 in font nullfont!
Missing character: There is no 的 in font nullfont!
Missing character: There is no 能 in font nullfont!
Missing character: There is no 谷 in font nullfont!
Missing character: There is no 選 in font nullfont!
Missing character: There is no 擇 in font nullfont!
Missing character: There is no 定 in font nullfont!
Missing character: There is no 則 in font nullfont!
Missing character: There is no （ in font nullfont!
Missing character: There is no v in font nullfont!
Missing character: There is no a in font nullfont!
Missing character: There is no l in font nullfont!
Missing character: There is no l in font nullfont!
Missing character: There is no e in font nullfont!
Missing character: There is no y in font nullfont!
Missing character: There is no s in font nullfont!
Missing character: There is no e in font nullfont!
Missing character: There is no l in font nullfont!
Missing character: There is no e in font nullfont!
Missing character: There is no c in font nullfont!
Missing character: There is no t in font nullfont!
Missing character: There is no i in font nullfont!
Missing character: There is no o in font nullfont!
Missing character: There is no n in font nullfont!
Missing character: There is no r in font nullfont!
Missing character: There is no u in font nullfont!
Missing character: There is no l in font nullfont!
Missing character: There is no e in font nullfont!
Missing character: There is no ) in font nullfont!
Missing character: There is no ： in font nullfont!
Missing character: There is no 位 in font nullfont!
Missing character: There is no 於 in font nullfont!
Missing character: There is no 谷 in font nullfont!
Missing character: There is no 與 in font nullfont!
Missing character: There is no 谷 in font nullfont!
Missing character: There is no 的 in font nullfont!
Missing character: There is no 激 in font nullfont!
Missing character: There is no 子 in font nullfont!
Missing character: There is no 躍 in font nullfont!
Missing character: There is no 遷 in font nullfont!
Missing character: There is no ， in font nullfont!
Missing character: There is no 分 in font nullfont!
Missing character: There is no 別 in font nullfont!
Missing character: There is no 只 in font nullfont!
Missing character: There is no 能 in font nullfont!
Missing character: There is no 與 in font nullfont!
Missing character: There is no 右 in font nullfont!
Missing character: There is no 旋 in font nullfont!
Missing character: There is no 圓 in font nullfont!
Missing character: There is no 偏 in font nullfont!
Missing character: There is no 振 in font nullfont!
Missing character: There is no 光 in font nullfont!
Missing character: There is no （ in font nullfont!
Missing character: There is no ） in font nullfont!
Missing character: There is no 及 in font nullfont!
Missing character: There is no 左 in font nullfont!
Missing character: There is no 旋 in font nullfont!
Missing character: There is no 圓 in font nullfont!
Missing character: There is no 偏 in font nullfont!
Missing character: There is no 振 in font nullfont!
Missing character: There is no 光 in font nullfont!
Missing character: There is no （ in font nullfont!
Missing character: There is no ） in font nullfont!
Missing character: There is no 發 in font nullfont!
Missing character: There is no 生 in font nullfont!
Missing character: There is no 選 in font nullfont!
Missing character: There is no 擇 in font nullfont!
Missing character: There is no 性 in font nullfont!
Missing character: There is no 耦 in font nullfont!
Missing character: There is no 合 in font nullfont!
Missing character: There is no 。 in font nullfont!

Overfull \hbox (20.0pt too wide) in paragraph at lines 80--81
[]
 []


Overfull \hbox (9.20833pt too wide) in paragraph at lines 80--81
\OML/cmm/m/it/10 K$
 []


Overfull \hbox (12.01389pt too wide) in paragraph at lines 80--81
\OML/cmm/m/it/10 K[]$
 []


Overfull \hbox (9.20833pt too wide) in paragraph at lines 80--81
\OML/cmm/m/it/10 K$
 []


Overfull \hbox (12.01389pt too wide) in paragraph at lines 80--81
\OML/cmm/m/it/10 K[]$
 []


Overfull \hbox (25.53474pt too wide) in paragraph at lines 80--81
\OML/cmm/m/it/10 ^^[[]$$^^[[]$ 
 []


! LaTeX Error: Missing \begin{document}.

See the LaTeX manual or LaTeX Companion for explanation.
Type  H <return>  for immediate help.
 ...                                              
                                                  
l.82 在
      實驗操作上，透過給定螺旋性（helicity）的圓偏振光對單層 TMDs 進行光學激發，可選擇性地在單一能谷中激發電子-電洞對，打破兩谷間的...

You're in trouble here.  Try typing  <return>  to proceed.
If that doesn't work, type  X <return>  to quit.

Missing character: There is no 在 in font nullfont!
Missing character: There is no 實 in font nullfont!
Missing character: There is no 驗 in font nullfont!
Missing character: There is no 操 in font nullfont!
Missing character: There is no 作 in font nullfont!
Missing character: There is no 上 in font nullfont!
Missing character: There is no ， in font nullfont!
Missing character: There is no 透 in font nullfont!
Missing character: There is no 過 in font nullfont!
Missing character: There is no 給 in font nullfont!
Missing character: There is no 定 in font nullfont!
Missing character: There is no 螺 in font nullfont!
Missing character: There is no 旋 in font nullfont!
Missing character: There is no 性 in font nullfont!
Missing character: There is no （ in font nullfont!
Missing character: There is no h in font nullfont!
Missing character: There is no e in font nullfont!
Missing character: There is no l in font nullfont!
Missing character: There is no i in font nullfont!
Missing character: There is no c in font nullfont!
Missing character: There is no i in font nullfont!
Missing character: There is no t in font nullfont!
Missing character: There is no y in font nullfont!
Missing character: There is no ） in font nullfont!
Missing character: There is no 的 in font nullfont!
Missing character: There is no 圓 in font nullfont!
Missing character: There is no 偏 in font nullfont!
Missing character: There is no 振 in font nullfont!
Missing character: There is no 光 in font nullfont!
Missing character: There is no 對 in font nullfont!
Missing character: There is no 單 in font nullfont!
Missing character: There is no 層 in font nullfont!
Missing character: There is no T in font nullfont!
Missing character: There is no M in font nullfont!
Missing character: There is no D in font nullfont!
Missing character: There is no s in font nullfont!
Missing character: There is no 進 in font nullfont!
Missing character: There is no 行 in font nullfont!
Missing character: There is no 光 in font nullfont!
Missing character: There is no 學 in font nullfont!
Missing character: There is no 激 in font nullfont!
Missing character: There is no 發 in font nullfont!
Missing character: There is no ， in font nullfont!
Missing character: There is no 可 in font nullfont!
Missing character: There is no 選 in font nullfont!
Missing character: There is no 擇 in font nullfont!
Missing character: There is no 性 in font nullfont!
Missing character: There is no 地 in font nullfont!
Missing character: There is no 在 in font nullfont!
Missing character: There is no 單 in font nullfont!
Missing character: There is no 一 in font nullfont!
Missing character: There is no 能 in font nullfont!
Missing character: There is no 谷 in font nullfont!
Missing character: There is no 中 in font nullfont!
Missing character: There is no 激 in font nullfont!
Missing character: There is no 發 in font nullfont!
Missing character: There is no 電 in font nullfont!
Missing character: There is no 子 in font nullfont!
Missing character: There is no - in font nullfont!
Missing character: There is no 電 in font nullfont!
Missing character: There is no 洞 in font nullfont!
Missing character: There is no 對 in font nullfont!
Missing character: There is no ， in font nullfont!
Missing character: There is no 打 in font nullfont!
Missing character: There is no 破 in font nullfont!
Missing character: There is no 兩 in font nullfont!
Missing character: There is no 谷 in font nullfont!
Missing character: There is no 間 in font nullfont!
Missing character: There is no 的 in font nullfont!
Missing character: There is no 載 in font nullfont!
Missing character: There is no 子 in font nullfont!
Missing character: There is no 平 in font nullfont!
Missing character: There is no 衡 in font nullfont!
Missing character: There is no ， in font nullfont!
Missing character: There is no 實 in font nullfont!
Missing character: There is no 現 in font nullfont!
Missing character: There is no 動 in font nullfont!
Missing character: There is no 態 in font nullfont!
Missing character: There is no 的 in font nullfont!
Missing character: There is no 谷 in font nullfont!
Missing character: There is no 極 in font nullfont!
Missing character: There is no 化 in font nullfont!
Missing character: There is no （ in font nullfont!
Missing character: There is no v in font nullfont!
Missing character: There is no a in font nullfont!
Missing character: There is no l in font nullfont!
Missing character: There is no l in font nullfont!
Missing character: There is no e in font nullfont!
Missing character: There is no y in font nullfont!
Missing character: There is no p in font nullfont!
Missing character: There is no o in font nullfont!
Missing character: There is no l in font nullfont!
Missing character: There is no a in font nullfont!
Missing character: There is no r in font nullfont!
Missing character: There is no i in font nullfont!
Missing character: There is no z in font nullfont!
Missing character: There is no a in font nullfont!
Missing character: There is no t in font nullfont!
Missing character: There is no i in font nullfont!
Missing character: There is no o in font nullfont!
Missing character: There is no n in font nullfont!
Missing character: There is no ） in font nullfont!
Missing character: There is no 。 in font nullfont!
Missing character: There is no 當 in font nullfont!
Missing character: There is no 這 in font nullfont!
Missing character: There is no 些 in font nullfont!
Missing character: There is no 極 in font nullfont!
Missing character: There is no 化 in font nullfont!
Missing character: There is no 的 in font nullfont!
Missing character: There is no 能 in font nullfont!
Missing character: There is no 谷 in font nullfont!
Missing character: There is no 激 in font nullfont!
Missing character: There is no 子 in font nullfont!
Missing character: There is no 發 in font nullfont!
Missing character: There is no 生 in font nullfont!
Missing character: There is no 輻 in font nullfont!
Missing character: There is no 射 in font nullfont!
Missing character: There is no 復 in font nullfont!
Missing character: There is no 合 in font nullfont!
Missing character: There is no （ in font nullfont!
Missing character: There is no r in font nullfont!
Missing character: There is no a in font nullfont!
Missing character: There is no d in font nullfont!
Missing character: There is no i in font nullfont!
Missing character: There is no a in font nullfont!
Missing character: There is no t in font nullfont!
Missing character: There is no i in font nullfont!
Missing character: There is no v in font nullfont!
Missing character: There is no e in font nullfont!
Missing character: There is no r in font nullfont!
Missing character: There is no e in font nullfont!
Missing character: There is no c in font nullfont!
Missing character: There is no o in font nullfont!
Missing character: There is no m in font nullfont!
Missing character: There is no b in font nullfont!
Missing character: There is no i in font nullfont!
Missing character: There is no n in font nullfont!
Missing character: There is no a in font nullfont!
Missing character: There is no t in font nullfont!
Missing character: There is no i in font nullfont!
Missing character: There is no o in font nullfont!
Missing character: There is no n in font nullfont!
Missing character: There is no ） in font nullfont!
Missing character: There is no 時 in font nullfont!
Missing character: There is no ， in font nullfont!
Missing character: There is no 其 in font nullfont!
Missing character: There is no 光 in font nullfont!
Missing character: There is no 致 in font nullfont!
Missing character: There is no 發 in font nullfont!
Missing character: There is no 光 in font nullfont!
Missing character: There is no （ in font nullfont!
Missing character: There is no P in font nullfont!
Missing character: There is no h in font nullfont!
Missing character: There is no o in font nullfont!
Missing character: There is no t in font nullfont!
Missing character: There is no o in font nullfont!
Missing character: There is no l in font nullfont!
Missing character: There is no u in font nullfont!
Missing character: There is no m in font nullfont!
Missing character: There is no i in font nullfont!
Missing character: There is no n in font nullfont!
Missing character: There is no e in font nullfont!
Missing character: There is no s in font nullfont!
Missing character: There is no c in font nullfont!
Missing character: There is no e in font nullfont!
Missing character: There is no n in font nullfont!
Missing character: There is no c in font nullfont!
Missing character: There is no e in font nullfont!
Missing character: There is no , in font nullfont!
Missing character: There is no P in font nullfont!
Missing character: There is no L in font nullfont!
Missing character: There is no ） in font nullfont!
Missing character: There is no 會 in font nullfont!
Missing character: There is no 繼 in font nullfont!
Missing character: There is no 承 in font nullfont!
Missing character: There is no 激 in font nullfont!
Missing character: There is no 發 in font nullfont!
Missing character: There is no 光 in font nullfont!
Missing character: There is no 的 in font nullfont!
Missing character: There is no 偏 in font nullfont!
Missing character: There is no 振 in font nullfont!
Missing character: There is no 特 in font nullfont!
Missing character: There is no 性 in font nullfont!
Missing character: There is no ， in font nullfont!
Missing character: There is no 谷 in font nullfont!
Missing character: There is no 與 in font nullfont!
Missing character: There is no 谷 in font nullfont!
Missing character: There is no 的 in font nullfont!
Missing character: There is no 激 in font nullfont!
Missing character: There is no 子 in font nullfont!
Missing character: There is no 發 in font nullfont!
Missing character: There is no 射 in font nullfont!
Missing character: There is no 分 in font nullfont!
Missing character: There is no 別 in font nullfont!
Missing character: There is no 產 in font nullfont!
Missing character: There is no 生 in font nullfont!
Missing character: There is no 高 in font nullfont!
Missing character: There is no 純 in font nullfont!
Missing character: There is no 度 in font nullfont!
Missing character: There is no 的 in font nullfont!
Missing character: There is no 與 in font nullfont!
Missing character: There is no 圓 in font nullfont!
Missing character: There is no 偏 in font nullfont!
Missing character: There is no 振 in font nullfont!
Missing character: There is no 光 in font nullfont!
Missing character: There is no 。 in font nullfont!

Overfull \hbox (20.0pt too wide) in paragraph at lines 82--83
[]
 []


Overfull \hbox (9.20833pt too wide) in paragraph at lines 82--83
\OML/cmm/m/it/10 K$
 []


Overfull \hbox (12.01389pt too wide) in paragraph at lines 82--83
\OML/cmm/m/it/10 K[]$
 []


Overfull \hbox (12.71182pt too wide) in paragraph at lines 82--83
\OML/cmm/m/it/10 ^^[[]$
 []


Overfull \hbox (12.82292pt too wide) in paragraph at lines 82--83
\OML/cmm/m/it/10 ^^[[]$
 []


! LaTeX Error: The font size command \normalsize is not defined:
               there is probably something wrong with the class file.

See the LaTeX manual or LaTeX Companion for explanation.
Type  H <return>  for immediate help.
 ...                                              
                                                  
l.83 
     
Your command was ignored.
Type  I <command> <return>  to replace it with another command,
or  <return>  to continue without it.

[1
! Undefined control sequence.
<write> ...abel{ch:Literature Review}{{}{\thepage 
                                                  }{}{}{}}
l.83 
     
The control sequence at the end of the top line
of your error message was never \def'ed. If you have
misspelled it (e.g., `\hobx'), type `I' and the correct
spelling (e.g., `I\hbox'). Otherwise just continue,
and I'll forget about whatever was undefined.

\newlabel{ch:Literature Review}{{}{}{}{}{}}
]

! LaTeX Error: Missing \begin{document}.

See the LaTeX manual or LaTeX Companion for explanation.
Type  H <return>  for immediate help.
 ...                                              
                                                  
l.84 谷
      極化發射的純度通常以圓偏振度（degree of circular polarization, $Pc$）來量化，定義為左右旋偏振發光強度的...

You're in trouble here.  Try typing  <return>  to proceed.
If that doesn't work, type  X <return>  to quit.

Missing character: There is no 谷 in font nullfont!
Missing character: There is no 極 in font nullfont!
Missing character: There is no 化 in font nullfont!
Missing character: There is no 發 in font nullfont!
Missing character: There is no 射 in font nullfont!
Missing character: There is no 的 in font nullfont!
Missing character: There is no 純 in font nullfont!
Missing character: There is no 度 in font nullfont!
Missing character: There is no 通 in font nullfont!
Missing character: There is no 常 in font nullfont!
Missing character: There is no 以 in font nullfont!
Missing character: There is no 圓 in font nullfont!
Missing character: There is no 偏 in font nullfont!
Missing character: There is no 振 in font nullfont!
Missing character: There is no 度 in font nullfont!
Missing character: There is no （ in font nullfont!
Missing character: There is no d in font nullfont!
Missing character: There is no e in font nullfont!
Missing character: There is no g in font nullfont!
Missing character: There is no r in font nullfont!
Missing character: There is no e in font nullfont!
Missing character: There is no e in font nullfont!
Missing character: There is no o in font nullfont!
Missing character: There is no f in font nullfont!
Missing character: There is no c in font nullfont!
Missing character: There is no i in font nullfont!
Missing character: There is no r in font nullfont!
Missing character: There is no c in font nullfont!
Missing character: There is no u in font nullfont!
Missing character: There is no l in font nullfont!
Missing character: There is no a in font nullfont!
Missing character: There is no r in font nullfont!
Missing character: There is no p in font nullfont!
Missing character: There is no o in font nullfont!
Missing character: There is no l in font nullfont!
Missing character: There is no a in font nullfont!
Missing character: There is no r in font nullfont!
Missing character: There is no i in font nullfont!
Missing character: There is no z in font nullfont!
Missing character: There is no a in font nullfont!
Missing character: There is no t in font nullfont!
Missing character: There is no i in font nullfont!
Missing character: There is no o in font nullfont!
Missing character: There is no n in font nullfont!
Missing character: There is no , in font nullfont!
Missing character: There is no ） in font nullfont!
Missing character: There is no 來 in font nullfont!
Missing character: There is no 量 in font nullfont!
Missing character: There is no 化 in font nullfont!
Missing character: There is no ， in font nullfont!
Missing character: There is no 定 in font nullfont!
Missing character: There is no 義 in font nullfont!
Missing character: There is no 為 in font nullfont!
Missing character: There is no 左 in font nullfont!
Missing character: There is no 右 in font nullfont!
Missing character: There is no 旋 in font nullfont!
Missing character: There is no 偏 in font nullfont!
Missing character: There is no 振 in font nullfont!
Missing character: There is no 發 in font nullfont!
Missing character: There is no 光 in font nullfont!
Missing character: There is no 強 in font nullfont!
Missing character: There is no 度 in font nullfont!
Missing character: There is no 的 in font nullfont!
Missing character: There is no 差 in font nullfont!
Missing character: There is no 值 in font nullfont!
Missing character: There is no 與 in font nullfont!
Missing character: There is no 總 in font nullfont!
Missing character: There is no 和 in font nullfont!
Missing character: There is no 之 in font nullfont!
Missing character: There is no 比 in font nullfont!
Missing character: There is no ： in font nullfont!

Overfull \hbox (20.0pt too wide) in paragraph at lines 84--85
[]
 []


Overfull \hbox (12.1366pt too wide) in paragraph at lines 84--85
\OML/cmm/m/it/10 Pc$ 
 []


! LaTeX Error: Missing \begin{document}.

See the LaTeX manual or LaTeX Companion for explanation.
Type  H <return>  for immediate help.
 ...                                              
                                                  
l.86 $
      $Pc = \frac{I(\sigma^+) - I(\sigma^-)}{I(\sigma^+) + I(\sigma^-)}$$
You're in trouble here.  Try typing  <return>  to proceed.
If that doesn't work, type  X <return>  to quit.


Overfull \hbox (20.0pt too wide) in paragraph at lines 86--86
[] 
 []


Overfull \hbox (91.54338pt too wide) detected at line 86
\OML/cmm/m/it/10 Pc \OT1/cmr/m/n/10 = []
 []


! LaTeX Error: Missing \begin{document}.

See the LaTeX manual or LaTeX Companion for explanation.
Type  H <return>  for immediate help.
 ...                                              
                                                  
l.88 由
      於光子的圓偏振特性在物理本質上即對應於光子的 SAM，單層 TMDs 的谷極化輻射使其成為極具潛力的單光子源（Single Photon E...

You're in trouble here.  Try typing  <return>  to proceed.
If that doesn't work, type  X <return>  to quit.

Missing character: There is no 由 in font nullfont!
Missing character: There is no 於 in font nullfont!
Missing character: There is no 光 in font nullfont!
Missing character: There is no 子 in font nullfont!
Missing character: There is no 的 in font nullfont!
Missing character: There is no 圓 in font nullfont!
Missing character: There is no 偏 in font nullfont!
Missing character: There is no 振 in font nullfont!
Missing character: There is no 特 in font nullfont!
Missing character: There is no 性 in font nullfont!
Missing character: There is no 在 in font nullfont!
Missing character: There is no 物 in font nullfont!
Missing character: There is no 理 in font nullfont!
Missing character: There is no 本 in font nullfont!
Missing character: There is no 質 in font nullfont!
Missing character: There is no 上 in font nullfont!
Missing character: There is no 即 in font nullfont!
Missing character: There is no 對 in font nullfont!
Missing character: There is no 應 in font nullfont!
Missing character: There is no 於 in font nullfont!
Missing character: There is no 光 in font nullfont!
Missing character: There is no 子 in font nullfont!
Missing character: There is no 的 in font nullfont!
Missing character: There is no S in font nullfont!
Missing character: There is no A in font nullfont!
Missing character: There is no M in font nullfont!
Missing character: There is no ， in font nullfont!
Missing character: There is no 單 in font nullfont!
Missing character: There is no 層 in font nullfont!
Missing character: There is no T in font nullfont!
Missing character: There is no M in font nullfont!
Missing character: There is no D in font nullfont!
Missing character: There is no s in font nullfont!
Missing character: There is no 的 in font nullfont!
Missing character: There is no 谷 in font nullfont!
Missing character: There is no 極 in font nullfont!
Missing character: There is no 化 in font nullfont!
Missing character: There is no 輻 in font nullfont!
Missing character: There is no 射 in font nullfont!
Missing character: There is no 使 in font nullfont!
Missing character: There is no 其 in font nullfont!
Missing character: There is no 成 in font nullfont!
Missing character: There is no 為 in font nullfont!
Missing character: There is no 極 in font nullfont!
Missing character: There is no 具 in font nullfont!
Missing character: There is no 潛 in font nullfont!
Missing character: There is no 力 in font nullfont!
Missing character: There is no 的 in font nullfont!
Missing character: There is no 單 in font nullfont!
Missing character: There is no 光 in font nullfont!
Missing character: There is no 子 in font nullfont!
Missing character: There is no 源 in font nullfont!
Missing character: There is no （ in font nullfont!
Missing character: There is no S in font nullfont!
Missing character: There is no i in font nullfont!
Missing character: There is no n in font nullfont!
Missing character: There is no g in font nullfont!
Missing character: There is no l in font nullfont!
Missing character: There is no e in font nullfont!
Missing character: There is no P in font nullfont!
Missing character: There is no h in font nullfont!
Missing character: There is no o in font nullfont!
Missing character: There is no t in font nullfont!
Missing character: There is no o in font nullfont!
Missing character: There is no n in font nullfont!
Missing character: There is no E in font nullfont!
Missing character: There is no m in font nullfont!
Missing character: There is no i in font nullfont!
Missing character: There is no t in font nullfont!
Missing character: There is no t in font nullfont!
Missing character: There is no e in font nullfont!
Missing character: There is no r in font nullfont!
Missing character: There is no s in font nullfont!
Missing character: There is no , in font nullfont!
Missing character: There is no S in font nullfont!
Missing character: There is no P in font nullfont!
Missing character: There is no E in font nullfont!
Missing character: There is no s in font nullfont!
Missing character: There is no ） in font nullfont!
Missing character: There is no 與 in font nullfont!
Missing character: There is no 操 in font nullfont!
Missing character: There is no 控 in font nullfont!
Missing character: There is no 光 in font nullfont!
Missing character: There is no 子 in font nullfont!
Missing character: There is no S in font nullfont!
Missing character: There is no A in font nullfont!
Missing character: There is no M in font nullfont!
Missing character: There is no 的 in font nullfont!
Missing character: There is no 理 in font nullfont!
Missing character: There is no 想 in font nullfont!
Missing character: There is no 載 in font nullfont!
Missing character: There is no 體 in font nullfont!
Missing character: There is no [ in font nullfont!
\citation{gong2018nanoscale}
! Undefined control sequence.
<write> ...: Citation `\@citeb ' on page \thepage 
                                                  \space undefined\on@line .^^J
l.88 ...s）與操控光子 SAM 的理想載體 \cite{gong2018nanoscale}
                                                  。然而，為了進一步提升光學資訊的乘載與處理能力，如何...
The control sequence at the end of the top line
of your error message was never \def'ed. If you have
misspelled it (e.g., `\hobx'), type `I' and the correct
spelling (e.g., `I\hbox'). Otherwise just continue,
and I'll forget about whatever was undefined.


LaTeX Warning: Citation `gong2018nanoscale' on page  undefined on input line 88
.

Missing character: There is no ] in font nullfont!
Missing character: There is no 。 in font nullfont!
Missing character: There is no 然 in font nullfont!
Missing character: There is no 而 in font nullfont!
Missing character: There is no ， in font nullfont!
Missing character: There is no 為 in font nullfont!
Missing character: There is no 了 in font nullfont!
Missing character: There is no 進 in font nullfont!
Missing character: There is no 一 in font nullfont!
Missing character: There is no 步 in font nullfont!
Missing character: There is no 提 in font nullfont!
Missing character: There is no 升 in font nullfont!
Missing character: There is no 光 in font nullfont!
Missing character: There is no 學 in font nullfont!
Missing character: There is no 資 in font nullfont!
Missing character: There is no 訊 in font nullfont!
Missing character: There is no 的 in font nullfont!
Missing character: There is no 乘 in font nullfont!
Missing character: There is no 載 in font nullfont!
Missing character: There is no 與 in font nullfont!
Missing character: There is no 處 in font nullfont!
Missing character: There is no 理 in font nullfont!
Missing character: There is no 能 in font nullfont!
Missing character: There is no 力 in font nullfont!
Missing character: There is no ， in font nullfont!
Missing character: There is no 如 in font nullfont!
Missing character: There is no 何 in font nullfont!
Missing character: There is no 將 in font nullfont!
Missing character: There is no 此 in font nullfont!
Missing character: There is no 固 in font nullfont!
Missing character: There is no 有 in font nullfont!
Missing character: There is no 的 in font nullfont!
Missing character: There is no 能 in font nullfont!
Missing character: There is no 谷 in font nullfont!
Missing character: There is no 自 in font nullfont!
Missing character: There is no 由 in font nullfont!
Missing character: There is no 度 in font nullfont!
Missing character: There is no （ in font nullfont!
Missing character: There is no S in font nullfont!
Missing character: There is no A in font nullfont!
Missing character: There is no M in font nullfont!
Missing character: There is no ） in font nullfont!
Missing character: There is no 進 in font nullfont!
Missing character: There is no 一 in font nullfont!
Missing character: There is no 步 in font nullfont!
Missing character: There is no 轉 in font nullfont!
Missing character: There is no 換 in font nullfont!
Missing character: There is no 為 in font nullfont!
Missing character: There is no 光 in font nullfont!
Missing character: There is no 子 in font nullfont!
Missing character: There is no 的 in font nullfont!
Missing character: There is no O in font nullfont!
Missing character: There is no A in font nullfont!
Missing character: There is no M in font nullfont!
Missing character: There is no ， in font nullfont!
Missing character: There is no 成 in font nullfont!
Missing character: There is no 為 in font nullfont!
Missing character: There is no 近 in font nullfont!
Missing character: There is no 代 in font nullfont!
Missing character: There is no 自 in font nullfont!
Missing character: There is no 旋 in font nullfont!
Missing character: There is no 光 in font nullfont!
Missing character: There is no 子 in font nullfont!
Missing character: There is no 學 in font nullfont!
Missing character: There is no （ in font nullfont!
Missing character: There is no S in font nullfont!
Missing character: There is no p in font nullfont!
Missing character: There is no i in font nullfont!
Missing character: There is no n in font nullfont!
Missing character: There is no - in font nullfont!
Missing character: There is no p in font nullfont!
Missing character: There is no h in font nullfont!
Missing character: There is no o in font nullfont!
Missing character: There is no t in font nullfont!
Missing character: There is no o in font nullfont!
Missing character: There is no n in font nullfont!
Missing character: There is no i in font nullfont!
Missing character: There is no c in font nullfont!
Missing character: There is no s in font nullfont!
Missing character: There is no ） in font nullfont!
Missing character: There is no 的 in font nullfont!
Missing character: There is no 研 in font nullfont!
Missing character: There is no 究 in font nullfont!
Missing character: There is no 核 in font nullfont!
Missing character: There is no 心 in font nullfont!
Missing character: There is no 。 in font nullfont!

Overfull \hbox (20.0pt too wide) in paragraph at lines 88--89
[]
 []


Overfull \hbox (5.43pt too wide) in paragraph at lines 88--89
[] 
 []


! LaTeX Error: Missing \begin{document}.

See the LaTeX manual or LaTeX Companion for explanation.
Type  H <return>  for immediate help.
 ...                                              
                                                  
l.90 在
      超穎表面與全介電質能谷光子晶體技術的發展下，透過特殊設計的微奈米結構，已被證實能夠調控並展現具備能谷對比特性的 OAM，進而實現能谷手徵態的...

You're in trouble here.  Try typing  <return>  to proceed.
If that doesn't work, type  X <return>  to quit.

Missing character: There is no 在 in font nullfont!
Missing character: There is no 超 in font nullfont!
Missing character: There is no 穎 in font nullfont!
Missing character: There is no 表 in font nullfont!
Missing character: There is no 面 in font nullfont!
Missing character: There is no 與 in font nullfont!
Missing character: There is no 全 in font nullfont!
Missing character: There is no 介 in font nullfont!
Missing character: There is no 電 in font nullfont!
Missing character: There is no 質 in font nullfont!
Missing character: There is no 能 in font nullfont!
Missing character: There is no 谷 in font nullfont!
Missing character: There is no 光 in font nullfont!
Missing character: There is no 子 in font nullfont!
Missing character: There is no 晶 in font nullfont!
Missing character: There is no 體 in font nullfont!
Missing character: There is no 技 in font nullfont!
Missing character: There is no 術 in font nullfont!
Missing character: There is no 的 in font nullfont!
Missing character: There is no 發 in font nullfont!
Missing character: There is no 展 in font nullfont!
Missing character: There is no 下 in font nullfont!
Missing character: There is no ， in font nullfont!
Missing character: There is no 透 in font nullfont!
Missing character: There is no 過 in font nullfont!
Missing character: There is no 特 in font nullfont!
Missing character: There is no 殊 in font nullfont!
Missing character: There is no 設 in font nullfont!
Missing character: There is no 計 in font nullfont!
Missing character: There is no 的 in font nullfont!
Missing character: There is no 微 in font nullfont!
Missing character: There is no 奈 in font nullfont!
Missing character: There is no 米 in font nullfont!
Missing character: There is no 結 in font nullfont!
Missing character: There is no 構 in font nullfont!
Missing character: There is no ， in font nullfont!
Missing character: There is no 已 in font nullfont!
Missing character: There is no 被 in font nullfont!
Missing character: There is no 證 in font nullfont!
Missing character: There is no 實 in font nullfont!
Missing character: There is no 能 in font nullfont!
Missing character: There is no 夠 in font nullfont!
Missing character: There is no 調 in font nullfont!
Missing character: There is no 控 in font nullfont!
Missing character: There is no 並 in font nullfont!
Missing character: There is no 展 in font nullfont!
Missing character: There is no 現 in font nullfont!
Missing character: There is no 具 in font nullfont!
Missing character: There is no 備 in font nullfont!
Missing character: There is no 能 in font nullfont!
Missing character: There is no 谷 in font nullfont!
Missing character: There is no 對 in font nullfont!
Missing character: There is no 比 in font nullfont!
Missing character: There is no 特 in font nullfont!
Missing character: There is no 性 in font nullfont!
Missing character: There is no 的 in font nullfont!
Missing character: There is no O in font nullfont!
Missing character: There is no A in font nullfont!
Missing character: There is no M in font nullfont!
Missing character: There is no ， in font nullfont!
Missing character: There is no 進 in font nullfont!
Missing character: There is no 而 in font nullfont!
Missing character: There is no 實 in font nullfont!
Missing character: There is no 現 in font nullfont!
Missing character: There is no 能 in font nullfont!
Missing character: There is no 谷 in font nullfont!
Missing character: There is no 手 in font nullfont!
Missing character: There is no 徵 in font nullfont!
Missing character: There is no 態 in font nullfont!
Missing character: There is no 的 in font nullfont!
Missing character: There is no 單 in font nullfont!
Missing character: There is no 向 in font nullfont!
Missing character: There is no 激 in font nullfont!
Missing character: There is no 發 in font nullfont!
Missing character: There is no [ in font nullfont!
\citation{chen2017valley}
! Undefined control sequence.
<write> ...: Citation `\@citeb ' on page \thepage 
                                                  \space undefined\on@line .^^J
l.90 ...的 OAM，進而實現能谷手徵態的單向激發 \cite{chen2017valley}
                                                  。這為晶片整合的量子資訊處理與多維度光學調控提供了全...
The control sequence at the end of the top line
of your error message was never \def'ed. If you have
misspelled it (e.g., `\hobx'), type `I' and the correct
spelling (e.g., `I\hbox'). Otherwise just continue,
and I'll forget about whatever was undefined.


LaTeX Warning: Citation `chen2017valley' on page  undefined on input line 90.

Missing character: There is no ] in font nullfont!
Missing character: There is no 。 in font nullfont!
Missing character: There is no 這 in font nullfont!
Missing character: There is no 為 in font nullfont!
Missing character: There is no 晶 in font nullfont!
Missing character: There is no 片 in font nullfont!
Missing character: There is no 整 in font nullfont!
Missing character: There is no 合 in font nullfont!
Missing character: There is no 的 in font nullfont!
Missing character: There is no 量 in font nullfont!
Missing character: There is no 子 in font nullfont!
Missing character: There is no 資 in font nullfont!
Missing character: There is no 訊 in font nullfont!
Missing character: There is no 處 in font nullfont!
Missing character: There is no 理 in font nullfont!
Missing character: There is no 與 in font nullfont!
Missing character: There is no 多 in font nullfont!
Missing character: There is no 維 in font nullfont!
Missing character: There is no 度 in font nullfont!
Missing character: There is no 光 in font nullfont!
Missing character: There is no 學 in font nullfont!
Missing character: There is no 調 in font nullfont!
Missing character: There is no 控 in font nullfont!
Missing character: There is no 提 in font nullfont!
Missing character: There is no 供 in font nullfont!
Missing character: There is no 了 in font nullfont!
Missing character: There is no 全 in font nullfont!
Missing character: There is no 新 in font nullfont!
Missing character: There is no 且 in font nullfont!
Missing character: There is no 關 in font nullfont!
Missing character: There is no 鍵 in font nullfont!
Missing character: There is no 的 in font nullfont!
Missing character: There is no 解 in font nullfont!
Missing character: There is no 決 in font nullfont!
Missing character: There is no 方 in font nullfont!
Missing character: There is no 案 in font nullfont!
Missing character: There is no 。 in font nullfont!

Overfull \hbox (20.0pt too wide) in paragraph at lines 90--91
[]
 []


Overfull \hbox (5.43pt too wide) in paragraph at lines 90--91
[] 
 []

! Undefined control sequence.
l.94 \subsection
                {Spin-Orbit Interaction and SAM-to-OAM Conversion}
The control sequence at the end of the top line
of your error message was never \def'ed. If you have
misspelled it (e.g., `\hobx'), type `I' and the correct
spelling (e.g., `I\hbox'). Otherwise just continue,
and I'll forget about whatever was undefined.


! LaTeX Error: Missing \begin{document}.

See the LaTeX manual or LaTeX Companion for explanation.
Type  H <return>  for immediate help.
 ...                                              
                                                  
l.94 \subsection{S
                  pin-Orbit Interaction and SAM-to-OAM Conversion}
You're in trouble here.  Try typing  <return>  to proceed.
If that doesn't work, type  X <return>  to quit.

Missing character: There is no S in font nullfont!
Missing character: There is no p in font nullfont!
Missing character: There is no i in font nullfont!
Missing character: There is no n in font nullfont!
Missing character: There is no - in font nullfont!
Missing character: There is no O in font nullfont!
Missing character: There is no r in font nullfont!
Missing character: There is no b in font nullfont!
Missing character: There is no i in font nullfont!
Missing character: There is no t in font nullfont!
Missing character: There is no I in font nullfont!
Missing character: There is no n in font nullfont!
Missing character: There is no t in font nullfont!
Missing character: There is no e in font nullfont!
Missing character: There is no r in font nullfont!
Missing character: There is no a in font nullfont!
Missing character: There is no c in font nullfont!
Missing character: There is no t in font nullfont!
Missing character: There is no i in font nullfont!
Missing character: There is no o in font nullfont!
Missing character: There is no n in font nullfont!
Missing character: There is no a in font nullfont!
Missing character: There is no n in font nullfont!
Missing character: There is no d in font nullfont!
Missing character: There is no S in font nullfont!
Missing character: There is no A in font nullfont!
Missing character: There is no M in font nullfont!
Missing character: There is no - in font nullfont!
Missing character: There is no t in font nullfont!
Missing character: There is no o in font nullfont!
Missing character: There is no - in font nullfont!
Missing character: There is no O in font nullfont!
Missing character: There is no A in font nullfont!
Missing character: There is no M in font nullfont!
Missing character: There is no C in font nullfont!
Missing character: There is no o in font nullfont!
Missing character: There is no n in font nullfont!
Missing character: There is no v in font nullfont!
Missing character: There is no e in font nullfont!
Missing character: There is no r in font nullfont!
Missing character: There is no s in font nullfont!
Missing character: There is no i in font nullfont!
Missing character: There is no o in font nullfont!
Missing character: There is no n in font nullfont!

Overfull \hbox (20.0pt too wide) in paragraph at lines 94--95
[]
 []


! LaTeX Error: Missing \begin{document}.

See the LaTeX manual or LaTeX Companion for explanation.
Type  H <return>  for immediate help.
 ...                                              
                                                  
l.96 光
      子的自旋-軌道交互作用（spin-orbit interaction, SOI）描述了光子的自旋角動量（偏振狀態）與其空間軌道角動量（波前幾...

You're in trouble here.  Try typing  <return>  to proceed.
If that doesn't work, type  X <return>  to quit.

Missing character: There is no 光 in font nullfont!
Missing character: There is no 子 in font nullfont!
Missing character: There is no 的 in font nullfont!
Missing character: There is no 自 in font nullfont!
Missing character: There is no 旋 in font nullfont!
Missing character: There is no - in font nullfont!
Missing character: There is no 軌 in font nullfont!
Missing character: There is no 道 in font nullfont!
Missing character: There is no 交 in font nullfont!
Missing character: There is no 互 in font nullfont!
Missing character: There is no 作 in font nullfont!
Missing character: There is no 用 in font nullfont!
Missing character: There is no （ in font nullfont!
Missing character: There is no s in font nullfont!
Missing character: There is no p in font nullfont!
Missing character: There is no i in font nullfont!
Missing character: There is no n in font nullfont!
Missing character: There is no - in font nullfont!
Missing character: There is no o in font nullfont!
Missing character: There is no r in font nullfont!
Missing character: There is no b in font nullfont!
Missing character: There is no i in font nullfont!
Missing character: There is no t in font nullfont!
Missing character: There is no i in font nullfont!
Missing character: There is no n in font nullfont!
Missing character: There is no t in font nullfont!
Missing character: There is no e in font nullfont!
Missing character: There is no r in font nullfont!
Missing character: There is no a in font nullfont!
Missing character: There is no c in font nullfont!
Missing character: There is no t in font nullfont!
Missing character: There is no i in font nullfont!
Missing character: There is no o in font nullfont!
Missing character: There is no n in font nullfont!
Missing character: There is no , in font nullfont!
Missing character: There is no S in font nullfont!
Missing character: There is no O in font nullfont!
Missing character: There is no I in font nullfont!
Missing character: There is no ） in font nullfont!
Missing character: There is no 描 in font nullfont!
Missing character: There is no 述 in font nullfont!
Missing character: There is no 了 in font nullfont!
Missing character: There is no 光 in font nullfont!
Missing character: There is no 子 in font nullfont!
Missing character: There is no 的 in font nullfont!
Missing character: There is no 自 in font nullfont!
Missing character: There is no 旋 in font nullfont!
Missing character: There is no 角 in font nullfont!
Missing character: There is no 動 in font nullfont!
Missing character: There is no 量 in font nullfont!
Missing character: There is no （ in font nullfont!
Missing character: There is no 偏 in font nullfont!
Missing character: There is no 振 in font nullfont!
Missing character: There is no 狀 in font nullfont!
Missing character: There is no 態 in font nullfont!
Missing character: There is no ） in font nullfont!
Missing character: There is no 與 in font nullfont!
Missing character: There is no 其 in font nullfont!
Missing character: There is no 空 in font nullfont!
Missing character: There is no 間 in font nullfont!
Missing character: There is no 軌 in font nullfont!
Missing character: There is no 道 in font nullfont!
Missing character: There is no 角 in font nullfont!
Missing character: There is no 動 in font nullfont!
Missing character: There is no 量 in font nullfont!
Missing character: There is no （ in font nullfont!
Missing character: There is no 波 in font nullfont!
Missing character: There is no 前 in font nullfont!
Missing character: There is no 幾 in font nullfont!
Missing character: There is no 何 in font nullfont!
Missing character: There is no 結 in font nullfont!
Missing character: There is no 構 in font nullfont!
Missing character: There is no ） in font nullfont!
Missing character: There is no 之 in font nullfont!
Missing character: There is no 間 in font nullfont!
Missing character: There is no 的 in font nullfont!
Missing character: There is no 相 in font nullfont!
Missing character: There is no 互 in font nullfont!
Missing character: There is no 耦 in font nullfont!
Missing character: There is no 合 in font nullfont!
Missing character: There is no 機 in font nullfont!
Missing character: There is no 制 in font nullfont!
Missing character: There is no 。 in font nullfont!
Missing character: There is no 在 in font nullfont!
Missing character: There is no 非 in font nullfont!
Missing character: There is no 均 in font nullfont!
Missing character: There is no 勻 in font nullfont!
Missing character: There is no 異 in font nullfont!
Missing character: There is no 向 in font nullfont!
Missing character: There is no 性 in font nullfont!
Missing character: There is no 介 in font nullfont!
Missing character: There is no 質 in font nullfont!
Missing character: There is no （ in font nullfont!
Missing character: There is no s in font nullfont!
Missing character: There is no p in font nullfont!
Missing character: There is no a in font nullfont!
Missing character: There is no c in font nullfont!
Missing character: There is no e in font nullfont!
Missing character: There is no - in font nullfont!
Missing character: There is no v in font nullfont!
Missing character: There is no a in font nullfont!
Missing character: There is no r in font nullfont!
Missing character: There is no i in font nullfont!
Missing character: There is no a in font nullfont!
Missing character: There is no n in font nullfont!
Missing character: There is no t in font nullfont!
Missing character: There is no a in font nullfont!
Missing character: There is no n in font nullfont!
Missing character: There is no i in font nullfont!
Missing character: There is no s in font nullfont!
Missing character: There is no o in font nullfont!
Missing character: There is no t in font nullfont!
Missing character: There is no r in font nullfont!
Missing character: There is no o in font nullfont!
Missing character: There is no p in font nullfont!
Missing character: There is no i in font nullfont!
Missing character: There is no c in font nullfont!
Missing character: There is no m in font nullfont!
Missing character: There is no e in font nullfont!
Missing character: There is no d in font nullfont!
Missing character: There is no i in font nullfont!
Missing character: There is no a in font nullfont!
Missing character: There is no ） in font nullfont!
Missing character: There is no 中 in font nullfont!
Missing character: There is no ， in font nullfont!
Missing character: There is no 這 in font nullfont!
Missing character: There is no 種 in font nullfont!
Missing character: There is no 交 in font nullfont!
Missing character: There is no 互 in font nullfont!
Missing character: There is no 作 in font nullfont!
Missing character: There is no 用 in font nullfont!
Missing character: There is no 最 in font nullfont!
Missing character: There is no 典 in font nullfont!
Missing character: There is no 型 in font nullfont!
Missing character: There is no 的 in font nullfont!
Missing character: There is no 物 in font nullfont!
Missing character: There is no 理 in font nullfont!
Missing character: There is no 表 in font nullfont!
Missing character: There is no 現 in font nullfont!
Missing character: There is no 即 in font nullfont!
Missing character: There is no 為 in font nullfont!
Missing character: There is no 幾 in font nullfont!
Missing character: There is no 何 in font nullfont!
Missing character: There is no 相 in font nullfont!
Missing character: There is no 位 in font nullfont!
Missing character: There is no （ in font nullfont!
Missing character: There is no P in font nullfont!
Missing character: There is no a in font nullfont!
Missing character: There is no n in font nullfont!
Missing character: There is no c in font nullfont!
Missing character: There is no h in font nullfont!
Missing character: There is no a in font nullfont!
Missing character: There is no r in font nullfont!
Missing character: There is no a in font nullfont!
Missing character: There is no t in font nullfont!
Missing character: There is no n in font nullfont!
Missing character: There is no a in font nullfont!
Missing character: There is no m in font nullfont!
Missing character: There is no - in font nullfont!
Missing character: There is no B in font nullfont!
Missing character: There is no e in font nullfont!
Missing character: There is no r in font nullfont!
Missing character: There is no r in font nullfont!
Missing character: There is no y in font nullfont!
Missing character: There is no p in font nullfont!
Missing character: There is no h in font nullfont!
Missing character: There is no a in font nullfont!
Missing character: There is no s in font nullfont!
Missing character: There is no e in font nullfont!
Missing character: There is no , in font nullfont!
Missing character: There is no P in font nullfont!
Missing character: There is no B in font nullfont!
Missing character: There is no p in font nullfont!
Missing character: There is no h in font nullfont!
Missing character: There is no a in font nullfont!
Missing character: There is no s in font nullfont!
Missing character: There is no e in font nullfont!
Missing character: There is no ） in font nullfont!
Missing character: There is no 的 in font nullfont!
Missing character: There is no 產 in font nullfont!
Missing character: There is no 生 in font nullfont!
Missing character: There is no 。 in font nullfont!

Overfull \hbox (20.0pt too wide) in paragraph at lines 96--97
[]
 []


! LaTeX Error: Missing \begin{document}.

See the LaTeX manual or LaTeX Companion for explanation.
Type  H <return>  for immediate help.
 ...                                              
                                                  
l.98 考
      慮一局部雙折射奈米結構（如超穎表面的天線單元），假設其快軸（fast axis）相對於參考軸的局部方位角（local orientation...

You're in trouble here.  Try typing  <return>  to proceed.
If that doesn't work, type  X <return>  to quit.

Missing character: There is no 考 in font nullfont!
Missing character: There is no 慮 in font nullfont!
Missing character: There is no 一 in font nullfont!
Missing character: There is no 局 in font nullfont!
Missing character: There is no 部 in font nullfont!
Missing character: There is no 雙 in font nullfont!
Missing character: There is no 折 in font nullfont!
Missing character: There is no 射 in font nullfont!
Missing character: There is no 奈 in font nullfont!
Missing character: There is no 米 in font nullfont!
Missing character: There is no 結 in font nullfont!
Missing character: There is no 構 in font nullfont!
Missing character: There is no （ in font nullfont!
Missing character: There is no 如 in font nullfont!
Missing character: There is no 超 in font nullfont!
Missing character: There is no 穎 in font nullfont!
Missing character: There is no 表 in font nullfont!
Missing character: There is no 面 in font nullfont!
Missing character: There is no 的 in font nullfont!
Missing character: There is no 天 in font nullfont!
Missing character: There is no 線 in font nullfont!
Missing character: There is no 單 in font nullfont!
Missing character: There is no 元 in font nullfont!
Missing character: There is no ） in font nullfont!
Missing character: There is no ， in font nullfont!
Missing character: There is no 假 in font nullfont!
Missing character: There is no 設 in font nullfont!
Missing character: There is no 其 in font nullfont!
Missing character: There is no 快 in font nullfont!
Missing character: There is no 軸 in font nullfont!
Missing character: There is no （ in font nullfont!
Missing character: There is no f in font nullfont!
Missing character: There is no a in font nullfont!
Missing character: There is no s in font nullfont!
Missing character: There is no t in font nullfont!
Missing character: There is no a in font nullfont!
Missing character: There is no x in font nullfont!
Missing character: There is no i in font nullfont!
Missing character: There is no s in font nullfont!
Missing character: There is no ） in font nullfont!
Missing character: There is no 相 in font nullfont!
Missing character: There is no 對 in font nullfont!
Missing character: There is no 於 in font nullfont!
Missing character: There is no 參 in font nullfont!
Missing character: There is no 考 in font nullfont!
Missing character: There is no 軸 in font nullfont!
Missing character: There is no 的 in font nullfont!
Missing character: There is no 局 in font nullfont!
Missing character: There is no 部 in font nullfont!
Missing character: There is no 方 in font nullfont!
Missing character: There is no 位 in font nullfont!
Missing character: There is no 角 in font nullfont!
Missing character: There is no （ in font nullfont!
Missing character: There is no l in font nullfont!
Missing character: There is no o in font nullfont!
Missing character: There is no c in font nullfont!
Missing character: There is no a in font nullfont!
Missing character: There is no l in font nullfont!
Missing character: There is no o in font nullfont!
Missing character: There is no r in font nullfont!
Missing character: There is no i in font nullfont!
Missing character: There is no e in font nullfont!
Missing character: There is no n in font nullfont!
Missing character: There is no t in font nullfont!
Missing character: There is no a in font nullfont!
Missing character: There is no t in font nullfont!
Missing character: There is no i in font nullfont!
Missing character: There is no o in font nullfont!
Missing character: There is no n in font nullfont!
Missing character: There is no a in font nullfont!
Missing character: There is no n in font nullfont!
Missing character: There is no g in font nullfont!
Missing character: There is no l in font nullfont!
Missing character: There is no e in font nullfont!
Missing character: There is no ） in font nullfont!
Missing character: There is no 為 in font nullfont!
Missing character: There is no ， in font nullfont!
Missing character: There is no 其 in font nullfont!
Missing character: There is no 中 in font nullfont!
Missing character: There is no 為 in font nullfont!
Missing character: There is no 方 in font nullfont!
Missing character: There is no 位 in font nullfont!
Missing character: There is no 角 in font nullfont!
Missing character: There is no 。 in font nullfont!
Missing character: There is no 當 in font nullfont!
Missing character: There is no 一 in font nullfont!
Missing character: There is no 圓 in font nullfont!
Missing character: There is no 偏 in font nullfont!
Missing character: There is no 振 in font nullfont!
Missing character: There is no 光 in font nullfont!
Missing character: There is no （ in font nullfont!
Missing character: There is no ） in font nullfont!
Missing character: There is no 入 in font nullfont!
Missing character: There is no 射 in font nullfont!
Missing character: There is no 該 in font nullfont!
Missing character: There is no 結 in font nullfont!
Missing character: There is no 構 in font nullfont!
Missing character: There is no 時 in font nullfont!
Missing character: There is no ， in font nullfont!
Missing character: There is no 穿 in font nullfont!
Missing character: There is no 透 in font nullfont!
Missing character: There is no 或 in font nullfont!
Missing character: There is no 反 in font nullfont!
Missing character: There is no 射 in font nullfont!
Missing character: There is no 的 in font nullfont!
Missing character: There is no 光 in font nullfont!
Missing character: There is no 場 in font nullfont!
Missing character: There is no 除 in font nullfont!
Missing character: There is no 了 in font nullfont!
Missing character: There is no 包 in font nullfont!
Missing character: There is no 含 in font nullfont!
Missing character: There is no 保 in font nullfont!
Missing character: There is no 持 in font nullfont!
Missing character: There is no 原 in font nullfont!
Missing character: There is no 偏 in font nullfont!
Missing character: There is no 振 in font nullfont!
Missing character: There is no 的 in font nullfont!
Missing character: There is no 共 in font nullfont!
Missing character: There is no 極 in font nullfont!
Missing character: There is no 化 in font nullfont!
Missing character: There is no 分 in font nullfont!
Missing character: There is no 量 in font nullfont!
Missing character: There is no 外 in font nullfont!
Missing character: There is no ， in font nullfont!
Missing character: There is no 還 in font nullfont!
Missing character: There is no 會 in font nullfont!
Missing character: There is no 產 in font nullfont!
Missing character: There is no 生 in font nullfont!
Missing character: There is no 一 in font nullfont!
Missing character: There is no 個 in font nullfont!
Missing character: There is no 手 in font nullfont!
Missing character: There is no 徵 in font nullfont!
Missing character: There is no 性 in font nullfont!
Missing character: There is no 相 in font nullfont!
Missing character: There is no 反 in font nullfont!
Missing character: There is no 的 in font nullfont!
Missing character: There is no 交 in font nullfont!
Missing character: There is no 叉 in font nullfont!
Missing character: There is no 極 in font nullfont!
Missing character: There is no 化 in font nullfont!
Missing character: There is no （ in font nullfont!
Missing character: There is no c in font nullfont!
Missing character: There is no r in font nullfont!
Missing character: There is no o in font nullfont!
Missing character: There is no s in font nullfont!
Missing character: There is no s in font nullfont!
Missing character: There is no - in font nullfont!
Missing character: There is no p in font nullfont!
Missing character: There is no o in font nullfont!
Missing character: There is no l in font nullfont!
Missing character: There is no a in font nullfont!
Missing character: There is no r in font nullfont!
Missing character: There is no i in font nullfont!
Missing character: There is no z in font nullfont!
Missing character: There is no e in font nullfont!
Missing character: There is no d in font nullfont!
Missing character: There is no ） in font nullfont!
Missing character: There is no 分 in font nullfont!
Missing character: There is no 量 in font nullfont!
Missing character: There is no 。 in font nullfont!
Missing character: There is no 該 in font nullfont!
Missing character: There is no 交 in font nullfont!
Missing character: There is no 叉 in font nullfont!
Missing character: There is no 極 in font nullfont!
Missing character: There is no 化 in font nullfont!
Missing character: There is no 分 in font nullfont!
Missing character: There is no 量 in font nullfont!
Missing character: There is no 會 in font nullfont!
Missing character: There is no 額 in font nullfont!
Missing character: There is no 外 in font nullfont!
Missing character: There is no 獲 in font nullfont!
Missing character: There is no 得 in font nullfont!
Missing character: There is no 一 in font nullfont!
Missing character: There is no 個 in font nullfont!
Missing character: There is no 與 in font nullfont!
Missing character: There is no 結 in font nullfont!
Missing character: There is no 構 in font nullfont!
Missing character: There is no 空 in font nullfont!
Missing character: There is no 間 in font nullfont!
Missing character: There is no 方 in font nullfont!
Missing character: There is no 位 in font nullfont!
Missing character: There is no 直 in font nullfont!
Missing character: There is no 接 in font nullfont!
Missing character: There is no 相 in font nullfont!
Missing character: There is no 關 in font nullfont!
Missing character: There is no 的 in font nullfont!
Missing character: There is no 幾 in font nullfont!
Missing character: There is no 何 in font nullfont!
Missing character: There is no 相 in font nullfont!
Missing character: There is no 位 in font nullfont!
Missing character: There is no 移 in font nullfont!
Missing character: There is no ： in font nullfont!

Overfull \hbox (20.0pt too wide) in paragraph at lines 98--99
[]
 []


Overfull \hbox (18.70837pt too wide) in paragraph at lines 98--99
\OML/cmm/m/it/10 ^^R\OT1/cmr/m/n/10 (\OML/cmm/m/it/10 ^^^\OT1/cmr/m/n/10 )$
 []


Overfull \hbox (5.95834pt too wide) in paragraph at lines 98--99
\OML/cmm/m/it/10 ^^^$
 []


Overfull \hbox (20.87732pt too wide) in paragraph at lines 98--99
\OML/cmm/m/it/10 ^^[[] \OT1/cmr/m/n/10 =
 []


Overfull \hbox (12.77782pt too wide) in paragraph at lines 98--99
\OMS/cmsy/m/n/10 ^^F\OT1/cmr/m/n/10 1$ 
 []


Overfull \hbox (52.04164pt too wide) detected at line 99
\OT1/cmr/m/n/10 
 = \OMS/cmsy/m/n/10 ^^G\OT1/cmr/m/n/10 2\OML/cmm/m/it/10 ^^R\OT1/cmr/m/n/10 (\O
ML/cmm/m/it/10 ^^^\OT1/cmr/m/n/10 )
 []

Missing character: There is no 若 in font nullfont!
Missing character: There is no 進 in font nullfont!
Missing character: There is no 一 in font nullfont!
Missing character: There is no 步 in font nullfont!
Missing character: There is no 將 in font nullfont!
Missing character: There is no 奈 in font nullfont!
Missing character: There is no 米 in font nullfont!
Missing character: There is no 結 in font nullfont!
Missing character: There is no 構 in font nullfont!
Missing character: There is no 的 in font nullfont!
Missing character: There is no 空 in font nullfont!
Missing character: There is no 間 in font nullfont!
Missing character: There is no 方 in font nullfont!
Missing character: There is no 位 in font nullfont!
Missing character: There is no 設 in font nullfont!
Missing character: There is no 計 in font nullfont!
Missing character: There is no 為 in font nullfont!
Missing character: There is no 隨 in font nullfont!
Missing character: There is no 方 in font nullfont!
Missing character: There is no 位 in font nullfont!
Missing character: There is no 角 in font nullfont!
Missing character: There is no 呈 in font nullfont!
Missing character: There is no 線 in font nullfont!
Missing character: There is no 性 in font nullfont!
Missing character: There is no 變 in font nullfont!
Missing character: There is no 化 in font nullfont!
Missing character: There is no ， in font nullfont!
Missing character: There is no 即 in font nullfont!
Missing character: There is no 滿 in font nullfont!
Missing character: There is no 足 in font nullfont!
Missing character: There is no 關 in font nullfont!
Missing character: There is no 係 in font nullfont!
Missing character: There is no 式 in font nullfont!
Missing character: There is no （ in font nullfont!
Missing character: There is no 其 in font nullfont!
Missing character: There is no 中 in font nullfont!
Missing character: There is no 為 in font nullfont!
Missing character: There is no 半 in font nullfont!
Missing character: There is no 整 in font nullfont!
Missing character: There is no 數 in font nullfont!
Missing character: There is no 或 in font nullfont!
Missing character: There is no 整 in font nullfont!
Missing character: There is no 數 in font nullfont!
Missing character: There is no ） in font nullfont!
Missing character: There is no ， in font nullfont!
Missing character: There is no 則 in font nullfont!
Missing character: There is no 入 in font nullfont!
Missing character: There is no 射 in font nullfont!
Missing character: There is no 的 in font nullfont!
Missing character: There is no 圓 in font nullfont!
Missing character: There is no 偏 in font nullfont!
Missing character: There is no 振 in font nullfont!
Missing character: There is no 光 in font nullfont!
Missing character: There is no 在 in font nullfont!
Missing character: There is no 通 in font nullfont!
Missing character: There is no 過 in font nullfont!
Missing character: There is no 該 in font nullfont!
Missing character: There is no 結 in font nullfont!
Missing character: There is no 構 in font nullfont!
Missing character: There is no 後 in font nullfont!
Missing character: There is no ， in font nullfont!
Missing character: There is no 其 in font nullfont!
Missing character: There is no 交 in font nullfont!
Missing character: There is no 叉 in font nullfont!
Missing character: There is no 極 in font nullfont!
Missing character: There is no 化 in font nullfont!
Missing character: There is no 分 in font nullfont!
Missing character: There is no 量 in font nullfont!
Missing character: There is no 所 in font nullfont!
Missing character: There is no 附 in font nullfont!
Missing character: There is no 加 in font nullfont!
Missing character: There is no 的 in font nullfont!
Missing character: There is no 幾 in font nullfont!
Missing character: There is no 何 in font nullfont!
Missing character: There is no 相 in font nullfont!
Missing character: There is no 位 in font nullfont!
Missing character: There is no 將 in font nullfont!
Missing character: There is no 演 in font nullfont!
Missing character: There is no 變 in font nullfont!
Missing character: There is no 為 in font nullfont!
Missing character: There is no 。 in font nullfont!
Missing character: There is no 根 in font nullfont!
Missing character: There is no 據 in font nullfont!
Missing character: There is no 2 in font nullfont!
Missing character: There is no . in font nullfont!
Missing character: There is no 1 in font nullfont!
Missing character: There is no . in font nullfont!
Missing character: There is no 1 in font nullfont!
Missing character: There is no 節 in font nullfont!
Missing character: There is no 對 in font nullfont!
Missing character: There is no 螺 in font nullfont!
Missing character: There is no 旋 in font nullfont!
Missing character: There is no 相 in font nullfont!
Missing character: There is no 位 in font nullfont!
Missing character: There is no 的 in font nullfont!
Missing character: There is no 定 in font nullfont!
Missing character: There is no 義 in font nullfont!
Missing character: There is no ， in font nullfont!
Missing character: There is no 此 in font nullfont!
Missing character: There is no 方 in font nullfont!
Missing character: There is no 位 in font nullfont!
Missing character: There is no 角 in font nullfont!
Missing character: There is no 相 in font nullfont!
Missing character: There is no 關 in font nullfont!
Missing character: There is no 的 in font nullfont!
Missing character: There is no 相 in font nullfont!
Missing character: There is no 位 in font nullfont!
Missing character: There is no 分 in font nullfont!
Missing character: There is no 佈 in font nullfont!
Missing character: There is no 正 in font nullfont!
Missing character: There is no 對 in font nullfont!
Missing character: There is no 應 in font nullfont!
Missing character: There is no 於 in font nullfont!
Missing character: There is no 拓 in font nullfont!
Missing character: There is no 撲 in font nullfont!
Missing character: There is no 電 in font nullfont!
Missing character: There is no 荷 in font nullfont!
Missing character: There is no 為 in font nullfont!
Missing character: There is no 的 in font nullfont!
Missing character: There is no 軌 in font nullfont!
Missing character: There is no 道 in font nullfont!
Missing character: There is no 角 in font nullfont!
Missing character: There is no 動 in font nullfont!
Missing character: There is no 量 in font nullfont!
Missing character: There is no （ in font nullfont!
Missing character: There is no O in font nullfont!
Missing character: There is no A in font nullfont!
Missing character: There is no M in font nullfont!
Missing character: There is no ） in font nullfont!
Missing character: There is no 模 in font nullfont!
Missing character: There is no 態 in font nullfont!
Missing character: There is no 。 in font nullfont!

Overfull \hbox (29.26389pt too wide) in paragraph at lines 99--101
 $\OML/cmm/m/it/10 ^^R\OT1/cmr/m/n/10 (\OML/cmm/m/it/10 ^^^\OT1/cmr/m/n/10 ) =
 []


Overfull \hbox (10.78125pt too wide) in paragraph at lines 99--101
\OML/cmm/m/it/10 q^^^$
 []


Overfull \hbox (4.8229pt too wide) in paragraph at lines 99--101
\OML/cmm/m/it/10 q$
 []


Overfull \hbox (50.05981pt too wide) in paragraph at lines 99--101
[]\OT1/cmr/m/n/10 (\OMS/cmsy/m/n/10 ^^G\OML/cmm/m/it/10 i\OT1/cmr/m/n/10 2\OML/
cmm/m/it/10 q^^^\OT1/cmr/m/n/10 )$
 []


Overfull \hbox (13.73608pt too wide) in paragraph at lines 99--101
\OML/cmm/m/it/10 l \OT1/cmr/m/n/10 =
 []


Overfull \hbox (17.60072pt too wide) in paragraph at lines 99--101
\OMS/cmsy/m/n/10 ^^G\OT1/cmr/m/n/10 2\OML/cmm/m/it/10 q$
 []


! LaTeX Error: Missing \begin{document}.

See the LaTeX manual or LaTeX Companion for explanation.
Type  H <return>  for immediate help.
 ...                                              
                                                  
l.102 幾
       何相位超穎表面（PB-phase metasurfaces）為實現自旋-軌道角動量轉換提供了最具代表性的有效平台之一。然而更廣義而言，光子...

You're in trouble here.  Try typing  <return>  to proceed.
If that doesn't work, type  X <return>  to quit.

Missing character: There is no 幾 in font nullfont!
Missing character: There is no 何 in font nullfont!
Missing character: There is no 相 in font nullfont!
Missing character: There is no 位 in font nullfont!
Missing character: There is no 超 in font nullfont!
Missing character: There is no 穎 in font nullfont!
Missing character: There is no 表 in font nullfont!
Missing character: There is no 面 in font nullfont!
Missing character: There is no （ in font nullfont!
Missing character: There is no P in font nullfont!
Missing character: There is no B in font nullfont!
Missing character: There is no - in font nullfont!
Missing character: There is no p in font nullfont!
Missing character: There is no h in font nullfont!
Missing character: There is no a in font nullfont!
Missing character: There is no s in font nullfont!
Missing character: There is no e in font nullfont!
Missing character: There is no m in font nullfont!
Missing character: There is no e in font nullfont!
Missing character: There is no t in font nullfont!
Missing character: There is no a in font nullfont!
Missing character: There is no s in font nullfont!
Missing character: There is no u in font nullfont!
Missing character: There is no r in font nullfont!
Missing character: There is no f in font nullfont!
Missing character: There is no a in font nullfont!
Missing character: There is no c in font nullfont!
Missing character: There is no e in font nullfont!
Missing character: There is no s in font nullfont!
Missing character: There is no ） in font nullfont!
Missing character: There is no 為 in font nullfont!
Missing character: There is no 實 in font nullfont!
Missing character: There is no 現 in font nullfont!
Missing character: There is no 自 in font nullfont!
Missing character: There is no 旋 in font nullfont!
Missing character: There is no - in font nullfont!
Missing character: There is no 軌 in font nullfont!
Missing character: There is no 道 in font nullfont!
Missing character: There is no 角 in font nullfont!
Missing character: There is no 動 in font nullfont!
Missing character: There is no 量 in font nullfont!
Missing character: There is no 轉 in font nullfont!
Missing character: There is no 換 in font nullfont!
Missing character: There is no 提 in font nullfont!
Missing character: There is no 供 in font nullfont!
Missing character: There is no 了 in font nullfont!
Missing character: There is no 最 in font nullfont!
Missing character: There is no 具 in font nullfont!
Missing character: There is no 代 in font nullfont!
Missing character: There is no 表 in font nullfont!
Missing character: There is no 性 in font nullfont!
Missing character: There is no 的 in font nullfont!
Missing character: There is no 有 in font nullfont!
Missing character: There is no 效 in font nullfont!
Missing character: There is no 平 in font nullfont!
Missing character: There is no 台 in font nullfont!
Missing character: There is no 之 in font nullfont!
Missing character: There is no 一 in font nullfont!
Missing character: There is no 。 in font nullfont!
Missing character: There is no 然 in font nullfont!
Missing character: There is no 而 in font nullfont!
Missing character: There is no 更 in font nullfont!
Missing character: There is no 廣 in font nullfont!
Missing character: There is no 義 in font nullfont!
Missing character: There is no 而 in font nullfont!
Missing character: There is no 言 in font nullfont!
Missing character: There is no ， in font nullfont!
Missing character: There is no 光 in font nullfont!
Missing character: There is no 子 in font nullfont!
Missing character: There is no 的 in font nullfont!
Missing character: There is no S in font nullfont!
Missing character: There is no O in font nullfont!
Missing character: There is no I in font nullfont!
Missing character: There is no 可 in font nullfont!
Missing character: There is no 透 in font nullfont!
Missing character: There is no 過 in font nullfont!
Missing character: There is no 在 in font nullfont!
Missing character: There is no 空 in font nullfont!
Missing character: There is no 間 in font nullfont!
Missing character: There is no 中 in font nullfont!
Missing character: There is no 非 in font nullfont!
Missing character: There is no 均 in font nullfont!
Missing character: There is no 勻 in font nullfont!
Missing character: There is no 分 in font nullfont!
Missing character: There is no 佈 in font nullfont!
Missing character: There is no 的 in font nullfont!
Missing character: There is no 光 in font nullfont!
Missing character: There is no 學 in font nullfont!
Missing character: There is no 響 in font nullfont!
Missing character: There is no 應 in font nullfont!
Missing character: There is no 進 in font nullfont!
Missing character: There is no 行 in font nullfont!
Missing character: There is no 任 in font nullfont!
Missing character: There is no 意 in font nullfont!
Missing character: There is no 調 in font nullfont!
Missing character: There is no 控 in font nullfont!
Missing character: There is no 。 in font nullfont!
Missing character: There is no 藉 in font nullfont!
Missing character: There is no 由 in font nullfont!
Missing character: There is no 打 in font nullfont!
Missing character: There is no 破 in font nullfont!
Missing character: There is no 傳 in font nullfont!
Missing character: There is no 統 in font nullfont!
Missing character: There is no 單 in font nullfont!
Missing character: There is no 元 in font nullfont!
Missing character: There is no 結 in font nullfont!
Missing character: There is no 構 in font nullfont!
Missing character: There is no 旋 in font nullfont!
Missing character: There is no 轉 in font nullfont!
Missing character: There is no 的 in font nullfont!
Missing character: There is no 局 in font nullfont!
Missing character: There is no 部 in font nullfont!
Missing character: There is no 幾 in font nullfont!
Missing character: There is no 何 in font nullfont!
Missing character: There is no 相 in font nullfont!
Missing character: There is no 位 in font nullfont!
Missing character: There is no 限 in font nullfont!
Missing character: There is no 制 in font nullfont!
Missing character: There is no ， in font nullfont!
Missing character: There is no 可 in font nullfont!
Missing character: There is no 在 in font nullfont!
Missing character: There is no 更 in font nullfont!
Missing character: There is no 廣 in font nullfont!
Missing character: There is no 義 in font nullfont!
Missing character: There is no 的 in font nullfont!
Missing character: There is no 二 in font nullfont!
Missing character: There is no 維 in font nullfont!
Missing character: There is no 非 in font nullfont!
Missing character: There is no 均 in font nullfont!
Missing character: There is no 勻 in font nullfont!
Missing character: There is no 介 in font nullfont!
Missing character: There is no 質 in font nullfont!
Missing character: There is no 中 in font nullfont!
Missing character: There is no ， in font nullfont!
Missing character: There is no 自 in font nullfont!
Missing character: There is no 由 in font nullfont!
Missing character: There is no 操 in font nullfont!
Missing character: There is no 控 in font nullfont!
Missing character: There is no 空 in font nullfont!
Missing character: There is no 間 in font nullfont!
Missing character: There is no 相 in font nullfont!
Missing character: There is no 位 in font nullfont!
Missing character: There is no 梯 in font nullfont!
Missing character: There is no 度 in font nullfont!
Missing character: There is no ， in font nullfont!
Missing character: There is no 進 in font nullfont!
Missing character: There is no 而 in font nullfont!
Missing character: There is no 實 in font nullfont!
Missing character: There is no 現 in font nullfont!
Missing character: There is no 具 in font nullfont!
Missing character: There is no 備 in font nullfont!
Missing character: There is no 客 in font nullfont!
Missing character: There is no 製 in font nullfont!
Missing character: There is no 化 in font nullfont!
Missing character: There is no O in font nullfont!
Missing character: There is no A in font nullfont!
Missing character: There is no M in font nullfont!
Missing character: There is no 狀 in font nullfont!
Missing character: There is no 態 in font nullfont!
Missing character: There is no 的 in font nullfont!
Missing character: There is no 任 in font nullfont!
Missing character: There is no 意 in font nullfont!
Missing character: There is no 結 in font nullfont!
Missing character: There is no 構 in font nullfont!
Missing character: There is no 光 in font nullfont!
Missing character: There is no 場 in font nullfont!
Missing character: There is no 。 in font nullfont!
Missing character: There is no 這 in font nullfont!
Missing character: There is no 為 in font nullfont!
Missing character: There is no 利 in font nullfont!
Missing character: There is no 用 in font nullfont!
Missing character: There is no 新 in font nullfont!
Missing character: There is no 型 in font nullfont!
Missing character: There is no 非 in font nullfont!
Missing character: There is no 直 in font nullfont!
Missing character: There is no 覺 in font nullfont!
Missing character: There is no 光 in font nullfont!
Missing character: There is no 學 in font nullfont!
Missing character: There is no 結 in font nullfont!
Missing character: There is no 構 in font nullfont!
Missing character: There is no 調 in font nullfont!
Missing character: There is no 控 in font nullfont!
Missing character: There is no 波 in font nullfont!
Missing character: There is no 前 in font nullfont!
Missing character: There is no 、 in font nullfont!
Missing character: There is no 產 in font nullfont!
Missing character: There is no 生 in font nullfont!
Missing character: There is no 高 in font nullfont!
Missing character: There is no 純 in font nullfont!
Missing character: There is no 度 in font nullfont!
Missing character: There is no O in font nullfont!
Missing character: There is no A in font nullfont!
Missing character: There is no M in font nullfont!
Missing character: There is no 模 in font nullfont!
Missing character: There is no 態 in font nullfont!
Missing character: There is no 奠 in font nullfont!
Missing character: There is no 定 in font nullfont!
Missing character: There is no 了 in font nullfont!
Missing character: There is no 的 in font nullfont!
Missing character: There is no 理 in font nullfont!
Missing character: There is no 論 in font nullfont!
Missing character: There is no 基 in font nullfont!
Missing character: There is no 礎 in font nullfont!
Missing character: There is no 。 in font nullfont!

Overfull \hbox (20.0pt too wide) in paragraph at lines 102--103
[]
 []

! Undefined control sequence.
l.104 \subsection
                 {Inverse Design and Topology Optimization}
The control sequence at the end of the top line
of your error message was never \def'ed. If you have
misspelled it (e.g., `\hobx'), type `I' and the correct
spelling (e.g., `I\hbox'). Otherwise just continue,
and I'll forget about whatever was undefined.


! LaTeX Error: Missing \begin{document}.

See the LaTeX manual or LaTeX Companion for explanation.
Type  H <return>  for immediate help.
 ...                                              
                                                  
l.104 \subsection{I
                   nverse Design and Topology Optimization}
You're in trouble here.  Try typing  <return>  to proceed.
If that doesn't work, type  X <return>  to quit.

Missing character: There is no I in font nullfont!
Missing character: There is no n in font nullfont!
Missing character: There is no v in font nullfont!
Missing character: There is no e in font nullfont!
Missing character: There is no r in font nullfont!
Missing character: There is no s in font nullfont!
Missing character: There is no e in font nullfont!
Missing character: There is no D in font nullfont!
Missing character: There is no e in font nullfont!
Missing character: There is no s in font nullfont!
Missing character: There is no i in font nullfont!
Missing character: There is no g in font nullfont!
Missing character: There is no n in font nullfont!
Missing character: There is no a in font nullfont!
Missing character: There is no n in font nullfont!
Missing character: There is no d in font nullfont!
Missing character: There is no T in font nullfont!
Missing character: There is no o in font nullfont!
Missing character: There is no p in font nullfont!
Missing character: There is no o in font nullfont!
Missing character: There is no l in font nullfont!
Missing character: There is no o in font nullfont!
Missing character: There is no g in font nullfont!
Missing character: There is no y in font nullfont!
Missing character: There is no O in font nullfont!
Missing character: There is no p in font nullfont!
Missing character: There is no t in font nullfont!
Missing character: There is no i in font nullfont!
Missing character: There is no m in font nullfont!
Missing character: There is no i in font nullfont!
Missing character: There is no z in font nullfont!
Missing character: There is no a in font nullfont!
Missing character: There is no t in font nullfont!
Missing character: There is no i in font nullfont!
Missing character: There is no o in font nullfont!
Missing character: There is no n in font nullfont!

Overfull \hbox (20.0pt too wide) in paragraph at lines 104--105
[]
 []


! LaTeX Error: Missing \begin{document}.

See the LaTeX manual or LaTeX Companion for explanation.
Type  H <return>  for immediate help.
 ...                                              
                                                  
l.106 在
       奈米光學元件的傳統設計方法中，通常採用正向設計（forward design），即依賴物理直覺或既有的經驗幾何圖形（如圓柱、矩形天線）進行...

You're in trouble here.  Try typing  <return>  to proceed.
If that doesn't work, type  X <return>  to quit.

Missing character: There is no 在 in font nullfont!
Missing character: There is no 奈 in font nullfont!
Missing character: There is no 米 in font nullfont!
Missing character: There is no 光 in font nullfont!
Missing character: There is no 學 in font nullfont!
Missing character: There is no 元 in font nullfont!
Missing character: There is no 件 in font nullfont!
Missing character: There is no 的 in font nullfont!
Missing character: There is no 傳 in font nullfont!
Missing character: There is no 統 in font nullfont!
Missing character: There is no 設 in font nullfont!
Missing character: There is no 計 in font nullfont!
Missing character: There is no 方 in font nullfont!
Missing character: There is no 法 in font nullfont!
Missing character: There is no 中 in font nullfont!
Missing character: There is no ， in font nullfont!
Missing character: There is no 通 in font nullfont!
Missing character: There is no 常 in font nullfont!
Missing character: There is no 採 in font nullfont!
Missing character: There is no 用 in font nullfont!
Missing character: There is no 正 in font nullfont!
Missing character: There is no 向 in font nullfont!
Missing character: There is no 設 in font nullfont!
Missing character: There is no 計 in font nullfont!
Missing character: There is no （ in font nullfont!
Missing character: There is no f in font nullfont!
Missing character: There is no o in font nullfont!
Missing character: There is no r in font nullfont!
Missing character: There is no w in font nullfont!
Missing character: There is no a in font nullfont!
Missing character: There is no r in font nullfont!
Missing character: There is no d in font nullfont!
Missing character: There is no d in font nullfont!
Missing character: There is no e in font nullfont!
Missing character: There is no s in font nullfont!
Missing character: There is no i in font nullfont!
Missing character: There is no g in font nullfont!
Missing character: There is no n in font nullfont!
Missing character: There is no ） in font nullfont!
Missing character: There is no ， in font nullfont!
Missing character: There is no 即 in font nullfont!
Missing character: There is no 依 in font nullfont!
Missing character: There is no 賴 in font nullfont!
Missing character: There is no 物 in font nullfont!
Missing character: There is no 理 in font nullfont!
Missing character: There is no 直 in font nullfont!
Missing character: There is no 覺 in font nullfont!
Missing character: There is no 或 in font nullfont!
Missing character: There is no 既 in font nullfont!
Missing character: There is no 有 in font nullfont!
Missing character: There is no 的 in font nullfont!
Missing character: There is no 經 in font nullfont!
Missing character: There is no 驗 in font nullfont!
Missing character: There is no 幾 in font nullfont!
Missing character: There is no 何 in font nullfont!
Missing character: There is no 圖 in font nullfont!
Missing character: There is no 形 in font nullfont!
Missing character: There is no （ in font nullfont!
Missing character: There is no 如 in font nullfont!
Missing character: There is no 圓 in font nullfont!
Missing character: There is no 柱 in font nullfont!
Missing character: There is no 、 in font nullfont!
Missing character: There is no 矩 in font nullfont!
Missing character: There is no 形 in font nullfont!
Missing character: There is no 天 in font nullfont!
Missing character: There is no 線 in font nullfont!
Missing character: There is no ） in font nullfont!
Missing character: There is no 進 in font nullfont!
Missing character: There is no 行 in font nullfont!
Missing character: There is no 有 in font nullfont!
Missing character: There is no 限 in font nullfont!
Missing character: There is no 的 in font nullfont!
Missing character: There is no 參 in font nullfont!
Missing character: There is no 數 in font nullfont!
Missing character: There is no 掃 in font nullfont!
Missing character: There is no 描 in font nullfont!
Missing character: There is no （ in font nullfont!
Missing character: There is no p in font nullfont!
Missing character: There is no a in font nullfont!
Missing character: There is no r in font nullfont!
Missing character: There is no a in font nullfont!
Missing character: There is no m in font nullfont!
Missing character: There is no e in font nullfont!
Missing character: There is no t in font nullfont!
Missing character: There is no r in font nullfont!
Missing character: There is no i in font nullfont!
Missing character: There is no c in font nullfont!
Missing character: There is no s in font nullfont!
Missing character: There is no w in font nullfont!
Missing character: There is no e in font nullfont!
Missing character: There is no e in font nullfont!
Missing character: There is no p in font nullfont!
Missing character: There is no ） in font nullfont!
Missing character: There is no 。 in font nullfont!
Missing character: There is no 然 in font nullfont!
Missing character: There is no 而 in font nullfont!
Missing character: There is no ， in font nullfont!
Missing character: There is no 這 in font nullfont!
Missing character: There is no 種 in font nullfont!
Missing character: There is no 方 in font nullfont!
Missing character: There is no 法 in font nullfont!
Missing character: There is no 強 in font nullfont!
Missing character: There is no 烈 in font nullfont!
Missing character: There is no 受 in font nullfont!
Missing character: There is no 限 in font nullfont!
Missing character: There is no 於 in font nullfont!
Missing character: There is no 人 in font nullfont!
Missing character: There is no 類 in font nullfont!
Missing character: There is no 的 in font nullfont!
Missing character: There is no 幾 in font nullfont!
Missing character: There is no 何 in font nullfont!
Missing character: There is no 直 in font nullfont!
Missing character: There is no 覺 in font nullfont!
Missing character: There is no ， in font nullfont!
Missing character: There is no 且 in font nullfont!
Missing character: There is no 僅 in font nullfont!
Missing character: There is no 能 in font nullfont!
Missing character: There is no 調 in font nullfont!
Missing character: There is no 控 in font nullfont!
Missing character: There is no 極 in font nullfont!
Missing character: There is no 少 in font nullfont!
Missing character: There is no 數 in font nullfont!
Missing character: There is no 的 in font nullfont!
Missing character: There is no 自 in font nullfont!
Missing character: There is no 由 in font nullfont!
Missing character: There is no 度 in font nullfont!
Missing character: There is no ， in font nullfont!
Missing character: There is no 難 in font nullfont!
Missing character: There is no 以 in font nullfont!
Missing character: There is no 應 in font nullfont!
Missing character: There is no 對 in font nullfont!
Missing character: There is no 非 in font nullfont!
Missing character: There is no 直 in font nullfont!
Missing character: There is no 覺 in font nullfont!
Missing character: There is no 、 in font nullfont!
Missing character: There is no 多 in font nullfont!
Missing character: There is no 功 in font nullfont!
Missing character: There is no 能 in font nullfont!
Missing character: There is no 或 in font nullfont!
Missing character: There is no 極 in font nullfont!
Missing character: There is no 端 in font nullfont!
Missing character: There is no 非 in font nullfont!
Missing character: There is no 對 in font nullfont!
Missing character: There is no 稱 in font nullfont!
Missing character: There is no 的 in font nullfont!
Missing character: There is no 高 in font nullfont!
Missing character: There is no 難 in font nullfont!
Missing character: There is no 度 in font nullfont!
Missing character: There is no 光 in font nullfont!
Missing character: There is no 場 in font nullfont!
Missing character: There is no 調 in font nullfont!
Missing character: There is no 控 in font nullfont!
Missing character: There is no 需 in font nullfont!
Missing character: There is no 求 in font nullfont!
Missing character: There is no 。 in font nullfont!

Overfull \hbox (20.0pt too wide) in paragraph at lines 106--107
[]
 []


! LaTeX Error: Missing \begin{document}.

See the LaTeX manual or LaTeX Companion for explanation.
Type  H <return>  for immediate help.
 ...                                              
                                                  
l.108 為
       了突破傳統設計的瓶頸，反向設計（inverse design）方法應運而生。反向設計將光學元件設計轉化為一個嚴謹的數學最佳化問題：首先定義...

You're in trouble here.  Try typing  <return>  to proceed.
If that doesn't work, type  X <return>  to quit.

Missing character: There is no 為 in font nullfont!
Missing character: There is no 了 in font nullfont!
Missing character: There is no 突 in font nullfont!
Missing character: There is no 破 in font nullfont!
Missing character: There is no 傳 in font nullfont!
Missing character: There is no 統 in font nullfont!
Missing character: There is no 設 in font nullfont!
Missing character: There is no 計 in font nullfont!
Missing character: There is no 的 in font nullfont!
Missing character: There is no 瓶 in font nullfont!
Missing character: There is no 頸 in font nullfont!
Missing character: There is no ， in font nullfont!
Missing character: There is no 反 in font nullfont!
Missing character: There is no 向 in font nullfont!
Missing character: There is no 設 in font nullfont!
Missing character: There is no 計 in font nullfont!
Missing character: There is no （ in font nullfont!
Missing character: There is no i in font nullfont!
Missing character: There is no n in font nullfont!
Missing character: There is no v in font nullfont!
Missing character: There is no e in font nullfont!
Missing character: There is no r in font nullfont!
Missing character: There is no s in font nullfont!
Missing character: There is no e in font nullfont!
Missing character: There is no d in font nullfont!
Missing character: There is no e in font nullfont!
Missing character: There is no s in font nullfont!
Missing character: There is no i in font nullfont!
Missing character: There is no g in font nullfont!
Missing character: There is no n in font nullfont!
Missing character: There is no ） in font nullfont!
Missing character: There is no 方 in font nullfont!
Missing character: There is no 法 in font nullfont!
Missing character: There is no 應 in font nullfont!
Missing character: There is no 運 in font nullfont!
Missing character: There is no 而 in font nullfont!
Missing character: There is no 生 in font nullfont!
Missing character: There is no 。 in font nullfont!
Missing character: There is no 反 in font nullfont!
Missing character: There is no 向 in font nullfont!
Missing character: There is no 設 in font nullfont!
Missing character: There is no 計 in font nullfont!
Missing character: There is no 將 in font nullfont!
Missing character: There is no 光 in font nullfont!
Missing character: There is no 學 in font nullfont!
Missing character: There is no 元 in font nullfont!
Missing character: There is no 件 in font nullfont!
Missing character: There is no 設 in font nullfont!
Missing character: There is no 計 in font nullfont!
Missing character: There is no 轉 in font nullfont!
Missing character: There is no 化 in font nullfont!
Missing character: There is no 為 in font nullfont!
Missing character: There is no 一 in font nullfont!
Missing character: There is no 個 in font nullfont!
Missing character: There is no 嚴 in font nullfont!
Missing character: There is no 謹 in font nullfont!
Missing character: There is no 的 in font nullfont!
Missing character: There is no 數 in font nullfont!
Missing character: There is no 學 in font nullfont!
Missing character: There is no 最 in font nullfont!
Missing character: There is no 佳 in font nullfont!
Missing character: There is no 化 in font nullfont!
Missing character: There is no 問 in font nullfont!
Missing character: There is no 題 in font nullfont!
Missing character: There is no ： in font nullfont!
Missing character: There is no 首 in font nullfont!
Missing character: There is no 先 in font nullfont!
Missing character: There is no 定 in font nullfont!
Missing character: There is no 義 in font nullfont!
Missing character: There is no 一 in font nullfont!
Missing character: There is no 個 in font nullfont!
Missing character: There is no 具 in font nullfont!
Missing character: There is no 體 in font nullfont!
Missing character: There is no 描 in font nullfont!
Missing character: There is no 述 in font nullfont!
Missing character: There is no 目 in font nullfont!
Missing character: There is no 標 in font nullfont!
Missing character: There is no 性 in font nullfont!
Missing character: There is no 能 in font nullfont!
Missing character: There is no 的 in font nullfont!
Missing character: There is no 目 in font nullfont!
Missing character: There is no 標 in font nullfont!
Missing character: There is no 函 in font nullfont!
Missing character: There is no 數 in font nullfont!
Missing character: There is no （ in font nullfont!
Missing character: There is no F in font nullfont!
Missing character: There is no i in font nullfont!
Missing character: There is no g in font nullfont!
Missing character: There is no u in font nullfont!
Missing character: There is no r in font nullfont!
Missing character: There is no e in font nullfont!
Missing character: There is no o in font nullfont!
Missing character: There is no f in font nullfont!
Missing character: There is no M in font nullfont!
Missing character: There is no e in font nullfont!
Missing character: There is no r in font nullfont!
Missing character: There is no i in font nullfont!
Missing character: There is no t in font nullfont!
Missing character: There is no , in font nullfont!
Missing character: There is no F in font nullfont!
Missing character: There is no O in font nullfont!
Missing character: There is no M in font nullfont!
Missing character: There is no ） in font nullfont!
Missing character: There is no ， in font nullfont!
Missing character: There is no 再 in font nullfont!
Missing character: There is no 從 in font nullfont!
Missing character: There is no 目 in font nullfont!
Missing character: There is no 標 in font nullfont!
Missing character: There is no 結 in font nullfont!
Missing character: There is no 果 in font nullfont!
Missing character: There is no 出 in font nullfont!
Missing character: There is no 發 in font nullfont!
Missing character: There is no ， in font nullfont!
Missing character: There is no 反 in font nullfont!
Missing character: There is no 向 in font nullfont!
Missing character: There is no 尋 in font nullfont!
Missing character: There is no 找 in font nullfont!
Missing character: There is no 最 in font nullfont!
Missing character: There is no 優 in font nullfont!
Missing character: There is no 的 in font nullfont!
Missing character: There is no 空 in font nullfont!
Missing character: There is no 間 in font nullfont!
Missing character: There is no 介 in font nullfont!
Missing character: There is no 電 in font nullfont!
Missing character: There is no 常 in font nullfont!
Missing character: There is no 數 in font nullfont!
Missing character: There is no 分 in font nullfont!
Missing character: There is no 佈 in font nullfont!
Missing character: There is no 。 in font nullfont!

Overfull \hbox (20.0pt too wide) in paragraph at lines 108--109
[]
 []


! LaTeX Error: Missing \begin{document}.

See the LaTeX manual or LaTeX Companion for explanation.
Type  H <return>  for immediate help.
 ...                                              
                                                  
l.110 在
       面對高維度設計空間（high-dimensional design space）時，結合伴隨狀態法（adjoint method）的拓樸最...

You're in trouble here.  Try typing  <return>  to proceed.
If that doesn't work, type  X <return>  to quit.

Missing character: There is no 在 in font nullfont!
Missing character: There is no 面 in font nullfont!
Missing character: There is no 對 in font nullfont!
Missing character: There is no 高 in font nullfont!
Missing character: There is no 維 in font nullfont!
Missing character: There is no 度 in font nullfont!
Missing character: There is no 設 in font nullfont!
Missing character: There is no 計 in font nullfont!
Missing character: There is no 空 in font nullfont!
Missing character: There is no 間 in font nullfont!
Missing character: There is no （ in font nullfont!
Missing character: There is no h in font nullfont!
Missing character: There is no i in font nullfont!
Missing character: There is no g in font nullfont!
Missing character: There is no h in font nullfont!
Missing character: There is no - in font nullfont!
Missing character: There is no d in font nullfont!
Missing character: There is no i in font nullfont!
Missing character: There is no m in font nullfont!
Missing character: There is no e in font nullfont!
Missing character: There is no n in font nullfont!
Missing character: There is no s in font nullfont!
Missing character: There is no i in font nullfont!
Missing character: There is no o in font nullfont!
Missing character: There is no n in font nullfont!
Missing character: There is no a in font nullfont!
Missing character: There is no l in font nullfont!
Missing character: There is no d in font nullfont!
Missing character: There is no e in font nullfont!
Missing character: There is no s in font nullfont!
Missing character: There is no i in font nullfont!
Missing character: There is no g in font nullfont!
Missing character: There is no n in font nullfont!
Missing character: There is no s in font nullfont!
Missing character: There is no p in font nullfont!
Missing character: There is no a in font nullfont!
Missing character: There is no c in font nullfont!
Missing character: There is no e in font nullfont!
Missing character: There is no ） in font nullfont!
Missing character: There is no 時 in font nullfont!
Missing character: There is no ， in font nullfont!
Missing character: There is no 結 in font nullfont!
Missing character: There is no 合 in font nullfont!
Missing character: There is no 伴 in font nullfont!
Missing character: There is no 隨 in font nullfont!
Missing character: There is no 狀 in font nullfont!
Missing character: There is no 態 in font nullfont!
Missing character: There is no 法 in font nullfont!
Missing character: There is no （ in font nullfont!
Missing character: There is no a in font nullfont!
Missing character: There is no d in font nullfont!
Missing character: There is no j in font nullfont!
Missing character: There is no o in font nullfont!
Missing character: There is no i in font nullfont!
Missing character: There is no n in font nullfont!
Missing character: There is no t in font nullfont!
Missing character: There is no m in font nullfont!
Missing character: There is no e in font nullfont!
Missing character: There is no t in font nullfont!
Missing character: There is no h in font nullfont!
Missing character: There is no o in font nullfont!
Missing character: There is no d in font nullfont!
Missing character: There is no ） in font nullfont!
Missing character: There is no 的 in font nullfont!
Missing character: There is no 拓 in font nullfont!
Missing character: There is no 樸 in font nullfont!
Missing character: There is no 最 in font nullfont!
Missing character: There is no 佳 in font nullfont!
Missing character: There is no 化 in font nullfont!
Missing character: There is no （ in font nullfont!
Missing character: There is no t in font nullfont!
Missing character: There is no o in font nullfont!
Missing character: There is no p in font nullfont!
Missing character: There is no o in font nullfont!
Missing character: There is no l in font nullfont!
Missing character: There is no o in font nullfont!
Missing character: There is no g in font nullfont!
Missing character: There is no y in font nullfont!
Missing character: There is no o in font nullfont!
Missing character: There is no p in font nullfont!
Missing character: There is no t in font nullfont!
Missing character: There is no i in font nullfont!
Missing character: There is no m in font nullfont!
Missing character: There is no i in font nullfont!
Missing character: There is no z in font nullfont!
Missing character: There is no a in font nullfont!
Missing character: There is no t in font nullfont!
Missing character: There is no i in font nullfont!
Missing character: There is no o in font nullfont!
Missing character: There is no n in font nullfont!
Missing character: There is no ） in font nullfont!
Missing character: There is no 展 in font nullfont!
Missing character: There is no 現 in font nullfont!
Missing character: There is no 出 in font nullfont!
Missing character: There is no 極 in font nullfont!
Missing character: There is no 大 in font nullfont!
Missing character: There is no 的 in font nullfont!
Missing character: There is no 數 in font nullfont!
Missing character: There is no 值 in font nullfont!
Missing character: There is no 優 in font nullfont!
Missing character: There is no 勢 in font nullfont!
Missing character: There is no 。 in font nullfont!
Missing character: There is no 伴 in font nullfont!
Missing character: There is no 隨 in font nullfont!
Missing character: There is no 狀 in font nullfont!
Missing character: There is no 態 in font nullfont!
Missing character: There is no 法 in font nullfont!
Missing character: There is no 僅 in font nullfont!
Missing character: There is no 需 in font nullfont!
Missing character: There is no 進 in font nullfont!
Missing character: There is no 行 in font nullfont!
Missing character: There is no 兩 in font nullfont!
Missing character: There is no 次 in font nullfont!
Missing character: There is no 全 in font nullfont!
Missing character: There is no 波 in font nullfont!
Missing character: There is no 電 in font nullfont!
Missing character: There is no 磁 in font nullfont!
Missing character: There is no 模 in font nullfont!
Missing character: There is no 擬 in font nullfont!
Missing character: There is no （ in font nullfont!
Missing character: There is no 正 in font nullfont!
Missing character: There is no 向 in font nullfont!
Missing character: There is no 模 in font nullfont!
Missing character: There is no 擬 in font nullfont!
Missing character: There is no 與 in font nullfont!
Missing character: There is no 反 in font nullfont!
Missing character: There is no 向 in font nullfont!
Missing character: There is no 伴 in font nullfont!
Missing character: There is no 隨 in font nullfont!
Missing character: There is no 模 in font nullfont!
Missing character: There is no 擬 in font nullfont!
Missing character: There is no ） in font nullfont!
Missing character: There is no ， in font nullfont!
Missing character: There is no 即 in font nullfont!
Missing character: There is no 可 in font nullfont!
Missing character: There is no 高 in font nullfont!
Missing character: There is no 效 in font nullfont!
Missing character: There is no 計 in font nullfont!
Missing character: There is no 算 in font nullfont!
Missing character: There is no 出 in font nullfont!
Missing character: There is no 目 in font nullfont!
Missing character: There is no 標 in font nullfont!
Missing character: There is no 函 in font nullfont!
Missing character: There is no 數 in font nullfont!
Missing character: There is no 對 in font nullfont!
Missing character: There is no 於 in font nullfont!
Missing character: There is no 成 in font nullfont!
Missing character: There is no 千 in font nullfont!
Missing character: There is no 上 in font nullfont!
Missing character: There is no 萬 in font nullfont!
Missing character: There is no 個 in font nullfont!
Missing character: There is no 空 in font nullfont!
Missing character: There is no 間 in font nullfont!
Missing character: There is no 網 in font nullfont!
Missing character: There is no 格 in font nullfont!
Missing character: There is no （ in font nullfont!
Missing character: There is no p in font nullfont!
Missing character: There is no i in font nullfont!
Missing character: There is no x in font nullfont!
Missing character: There is no e in font nullfont!
Missing character: There is no l in font nullfont!
Missing character: There is no s in font nullfont!
Missing character: There is no ） in font nullfont!
Missing character: There is no 的 in font nullfont!
Missing character: There is no 精 in font nullfont!
Missing character: There is no 確 in font nullfont!
Missing character: There is no 梯 in font nullfont!
Missing character: There is no 度 in font nullfont!
Missing character: There is no （ in font nullfont!
Missing character: There is no g in font nullfont!
Missing character: There is no r in font nullfont!
Missing character: There is no a in font nullfont!
Missing character: There is no d in font nullfont!
Missing character: There is no i in font nullfont!
Missing character: There is no e in font nullfont!
Missing character: There is no n in font nullfont!
Missing character: There is no t in font nullfont!
Missing character: There is no ） in font nullfont!
Missing character: There is no 。 in font nullfont!
Missing character: There is no 藉 in font nullfont!
Missing character: There is no 由 in font nullfont!
Missing character: There is no 梯 in font nullfont!
Missing character: There is no 度 in font nullfont!
Missing character: There is no 下 in font nullfont!
Missing character: There is no 降 in font nullfont!
Missing character: There is no 等 in font nullfont!
Missing character: There is no 優 in font nullfont!
Missing character: There is no 化 in font nullfont!
Missing character: There is no 演 in font nullfont!
Missing character: There is no 算 in font nullfont!
Missing character: There is no 法 in font nullfont!
Missing character: There is no ， in font nullfont!
Missing character: There is no 拓 in font nullfont!
Missing character: There is no 樸 in font nullfont!
Missing character: There is no 最 in font nullfont!
Missing character: There is no 佳 in font nullfont!
Missing character: There is no 化 in font nullfont!
Missing character: There is no 能 in font nullfont!
Missing character: There is no 在 in font nullfont!
Missing character: There is no 奈 in font nullfont!
Missing character: There is no 米 in font nullfont!
Missing character: There is no 尺 in font nullfont!
Missing character: There is no 度 in font nullfont!
Missing character: There is no 下 in font nullfont!
Missing character: There is no 自 in font nullfont!
Missing character: There is no 由 in font nullfont!
Missing character: There is no 調 in font nullfont!
Missing character: There is no 整 in font nullfont!
Missing character: There is no 物 in font nullfont!
Missing character: There is no 質 in font nullfont!
Missing character: There is no 的 in font nullfont!
Missing character: There is no 幾 in font nullfont!
Missing character: There is no 何 in font nullfont!
Missing character: There is no 邊 in font nullfont!
Missing character: There is no 界 in font nullfont!
Missing character: There is no 與 in font nullfont!
Missing character: There is no 拓 in font nullfont!
Missing character: There is no 撲 in font nullfont!
Missing character: There is no 結 in font nullfont!
Missing character: There is no 構 in font nullfont!
Missing character: There is no ， in font nullfont!
Missing character: There is no 從 in font nullfont!
Missing character: There is no 而 in font nullfont!
Missing character: There is no 在 in font nullfont!
Missing character: There is no 龐 in font nullfont!
Missing character: There is no 大 in font nullfont!
Missing character: There is no 的 in font nullfont!
Missing character: There is no 參 in font nullfont!
Missing character: There is no 數 in font nullfont!
Missing character: There is no 空 in font nullfont!
Missing character: There is no 間 in font nullfont!
Missing character: There is no 中 in font nullfont!
Missing character: There is no 自 in font nullfont!
Missing character: There is no 動 in font nullfont!
Missing character: There is no 演 in font nullfont!
Missing character: There is no 化 in font nullfont!
Missing character: There is no 出 in font nullfont!
Missing character: There is no 超 in font nullfont!
Missing character: There is no 越 in font nullfont!
Missing character: There is no 傳 in font nullfont!
Missing character: There is no 統 in font nullfont!
Missing character: There is no 直 in font nullfont!
Missing character: There is no 覺 in font nullfont!
Missing character: There is no 的 in font nullfont!
Missing character: There is no 高 in font nullfont!
Missing character: There is no 性 in font nullfont!
Missing character: There is no 能 in font nullfont!
Missing character: There is no 光 in font nullfont!
Missing character: There is no 學 in font nullfont!
Missing character: There is no 結 in font nullfont!
Missing character: There is no 構 in font nullfont!
Missing character: There is no ， in font nullfont!
Missing character: There is no 為 in font nullfont!
Missing character: There is no 實 in font nullfont!
Missing character: There is no 現 in font nullfont!
Missing character: There is no 理 in font nullfont!
Missing character: There is no 想 in font nullfont!
Missing character: There is no 光 in font nullfont!
Missing character: There is no 學 in font nullfont!
Missing character: There is no 結 in font nullfont!
Missing character: There is no 構 in font nullfont!
Missing character: There is no 提 in font nullfont!
Missing character: There is no 供 in font nullfont!
Missing character: There is no 了 in font nullfont!
Missing character: There is no 強 in font nullfont!
Missing character: There is no 大 in font nullfont!
Missing character: There is no 的 in font nullfont!
Missing character: There is no 核 in font nullfont!
Missing character: There is no 心 in font nullfont!
Missing character: There is no 數 in font nullfont!
Missing character: There is no 值 in font nullfont!
Missing character: There is no 方 in font nullfont!
Missing character: There is no 法 in font nullfont!
Missing character: There is no 支 in font nullfont!
Missing character: There is no 撐 in font nullfont!
Missing character: There is no 。 in font nullfont!

Overfull \hbox (20.0pt too wide) in paragraph at lines 110--111
[]
 []

! Undefined control sequence.
l.113 \section
              {State of Related Research}
The control sequence at the end of the top line
of your error message was never \def'ed. If you have
misspelled it (e.g., `\hobx'), type `I' and the correct
spelling (e.g., `I\hbox'). Otherwise just continue,
and I'll forget about whatever was undefined.


! LaTeX Error: Missing \begin{document}.

See the LaTeX manual or LaTeX Companion for explanation.
Type  H <return>  for immediate help.
 ...                                              
                                                  
l.113 \section{S
                tate of Related Research}
You're in trouble here.  Try typing  <return>  to proceed.
If that doesn't work, type  X <return>  to quit.

Missing character: There is no S in font nullfont!
Missing character: There is no t in font nullfont!
Missing character: There is no a in font nullfont!
Missing character: There is no t in font nullfont!
Missing character: There is no e in font nullfont!
Missing character: There is no o in font nullfont!
Missing character: There is no f in font nullfont!
Missing character: There is no R in font nullfont!
Missing character: There is no e in font nullfont!
Missing character: There is no l in font nullfont!
Missing character: There is no a in font nullfont!
Missing character: There is no t in font nullfont!
Missing character: There is no e in font nullfont!
Missing character: There is no d in font nullfont!
Missing character: There is no R in font nullfont!
Missing character: There is no e in font nullfont!
Missing character: There is no s in font nullfont!
Missing character: There is no e in font nullfont!
Missing character: There is no a in font nullfont!
Missing character: There is no r in font nullfont!
Missing character: There is no c in font nullfont!
Missing character: There is no h in font nullfont!
! Undefined control sequence.
l.114 \subsection
                 {Metasurface-based OAM Generation}
The control sequence at the end of the top line
of your error message was never \def'ed. If you have
misspelled it (e.g., `\hobx'), type `I' and the correct
spelling (e.g., `I\hbox'). Otherwise just continue,
and I'll forget about whatever was undefined.

Missing character: There is no M in font nullfont!
Missing character: There is no e in font nullfont!
Missing character: There is no t in font nullfont!
Missing character: There is no a in font nullfont!
Missing character: There is no s in font nullfont!
Missing character: There is no u in font nullfont!
Missing character: There is no r in font nullfont!
Missing character: There is no f in font nullfont!
Missing character: There is no a in font nullfont!
Missing character: There is no c in font nullfont!
Missing character: There is no e in font nullfont!
Missing character: There is no - in font nullfont!
Missing character: There is no b in font nullfont!
Missing character: There is no a in font nullfont!
Missing character: There is no s in font nullfont!
Missing character: There is no e in font nullfont!
Missing character: There is no d in font nullfont!
Missing character: There is no O in font nullfont!
Missing character: There is no A in font nullfont!
Missing character: There is no M in font nullfont!
Missing character: There is no G in font nullfont!
Missing character: There is no e in font nullfont!
Missing character: There is no n in font nullfont!
Missing character: There is no e in font nullfont!
Missing character: There is no r in font nullfont!
Missing character: There is no a in font nullfont!
Missing character: There is no t in font nullfont!
Missing character: There is no i in font nullfont!
Missing character: There is no o in font nullfont!
Missing character: There is no n in font nullfont!

Overfull \hbox (20.0pt too wide) in paragraph at lines 113--115
[]
 []


! LaTeX Error: Missing \begin{document}.

See the LaTeX manual or LaTeX Companion for explanation.
Type  H <return>  for immediate help.
 ...                                              
                                                  
l.116 模
       態純度已成為最重要的指標之一，用於評估 OAM 產生器的性能。
You're in trouble here.  Try typing  <return>  to proceed.
If that doesn't work, type  X <return>  to quit.

Missing character: There is no 模 in font nullfont!
Missing character: There is no 態 in font nullfont!
Missing character: There is no 純 in font nullfont!
Missing character: There is no 度 in font nullfont!
Missing character: There is no 已 in font nullfont!
Missing character: There is no 成 in font nullfont!
Missing character: There is no 為 in font nullfont!
Missing character: There is no 最 in font nullfont!
Missing character: There is no 重 in font nullfont!
Missing character: There is no 要 in font nullfont!
Missing character: There is no 的 in font nullfont!
Missing character: There is no 指 in font nullfont!
Missing character: There is no 標 in font nullfont!
Missing character: There is no 之 in font nullfont!
Missing character: There is no 一 in font nullfont!
Missing character: There is no ， in font nullfont!
Missing character: There is no 用 in font nullfont!
Missing character: There is no 於 in font nullfont!
Missing character: There is no 評 in font nullfont!
Missing character: There is no 估 in font nullfont!
Missing character: There is no O in font nullfont!
Missing character: There is no A in font nullfont!
Missing character: There is no M in font nullfont!
Missing character: There is no 產 in font nullfont!
Missing character: There is no 生 in font nullfont!
Missing character: There is no 器 in font nullfont!
Missing character: There is no 的 in font nullfont!
Missing character: There is no 性 in font nullfont!
Missing character: There is no 能 in font nullfont!
Missing character: There is no 。 in font nullfont!

Overfull \hbox (20.0pt too wide) in paragraph at lines 116--117
[]
 []


! LaTeX Error: Missing \begin{document}.

See the LaTeX manual or LaTeX Companion for explanation.
Type  H <return>  for immediate help.
 ...                                              
                                                  
l.118 早
       期的 OAM 超穎表面多採用電漿子金屬奈米天線陣列，例如 Karimi 等人於2014年利用空間漸變的超薄 L 型金奈米結構，在可見光波段...

You're in trouble here.  Try typing  <return>  to proceed.
If that doesn't work, type  X <return>  to quit.

Missing character: There is no 早 in font nullfont!
Missing character: There is no 期 in font nullfont!
Missing character: There is no 的 in font nullfont!
Missing character: There is no O in font nullfont!
Missing character: There is no A in font nullfont!
Missing character: There is no M in font nullfont!
Missing character: There is no 超 in font nullfont!
Missing character: There is no 穎 in font nullfont!
Missing character: There is no 表 in font nullfont!
Missing character: There is no 面 in font nullfont!
Missing character: There is no 多 in font nullfont!
Missing character: There is no 採 in font nullfont!
Missing character: There is no 用 in font nullfont!
Missing character: There is no 電 in font nullfont!
Missing character: There is no 漿 in font nullfont!
Missing character: There is no 子 in font nullfont!
Missing character: There is no 金 in font nullfont!
Missing character: There is no 屬 in font nullfont!
Missing character: There is no 奈 in font nullfont!
Missing character: There is no 米 in font nullfont!
Missing character: There is no 天 in font nullfont!
Missing character: There is no 線 in font nullfont!
Missing character: There is no 陣 in font nullfont!
Missing character: There is no 列 in font nullfont!
Missing character: There is no ， in font nullfont!
Missing character: There is no 例 in font nullfont!
Missing character: There is no 如 in font nullfont!
Missing character: There is no K in font nullfont!
Missing character: There is no a in font nullfont!
Missing character: There is no r in font nullfont!
Missing character: There is no i in font nullfont!
Missing character: There is no m in font nullfont!
Missing character: There is no i in font nullfont!
Missing character: There is no 等 in font nullfont!
Missing character: There is no 人 in font nullfont!
Missing character: There is no 於 in font nullfont!
Missing character: There is no 2 in font nullfont!
Missing character: There is no 0 in font nullfont!
Missing character: There is no 1 in font nullfont!
Missing character: There is no 4 in font nullfont!
Missing character: There is no 年 in font nullfont!
Missing character: There is no 利 in font nullfont!
Missing character: There is no 用 in font nullfont!
Missing character: There is no 空 in font nullfont!
Missing character: There is no 間 in font nullfont!
Missing character: There is no 漸 in font nullfont!
Missing character: There is no 變 in font nullfont!
Missing character: There is no 的 in font nullfont!
Missing character: There is no 超 in font nullfont!
Missing character: There is no 薄 in font nullfont!
Missing character: There is no L in font nullfont!
Missing character: There is no 型 in font nullfont!
Missing character: There is no 金 in font nullfont!
Missing character: There is no 奈 in font nullfont!
Missing character: There is no 米 in font nullfont!
Missing character: There is no 結 in font nullfont!
Missing character: There is no 構 in font nullfont!
Missing character: There is no ， in font nullfont!
Missing character: There is no 在 in font nullfont!
Missing character: There is no 可 in font nullfont!
Missing character: There is no 見 in font nullfont!
Missing character: There is no 光 in font nullfont!
Missing character: There is no 波 in font nullfont!
Missing character: There is no 段 in font nullfont!
Missing character: There is no 實 in font nullfont!
Missing character: There is no 現 in font nullfont!
Missing character: There is no 了 in font nullfont!
Missing character: There is no 基 in font nullfont!
Missing character: There is no 於 in font nullfont!
Missing character: There is no 幾 in font nullfont!
Missing character: There is no 何 in font nullfont!
Missing character: There is no 相 in font nullfont!
Missing character: There is no 位 in font nullfont!
Missing character: There is no 的 in font nullfont!
Missing character: There is no O in font nullfont!
Missing character: There is no A in font nullfont!
Missing character: There is no M in font nullfont!
Missing character: There is no 渦 in font nullfont!
Missing character: There is no 旋 in font nullfont!
Missing character: There is no 產 in font nullfont!
Missing character: There is no 生 in font nullfont!
Missing character: There is no 器 in font nullfont!
Missing character: There is no [ in font nullfont!
\citation{karimi2014generating}
! Undefined control sequence.
<write> ...: Citation `\@citeb ' on page \thepage 
                                                  \space undefined\on@line .^^J
l.118 ...相位的 OAM 渦旋產生器 \cite{karimi2014generating}
                                                  。然而，純粹依賴離散奈米天線的相位調控易產生相位雜訊...
The control sequence at the end of the top line
of your error message was never \def'ed. If you have
misspelled it (e.g., `\hobx'), type `I' and the correct
spelling (e.g., `I\hbox'). Otherwise just continue,
and I'll forget about whatever was undefined.


LaTeX Warning: Citation `karimi2014generating' on page  undefined on input line
 118.

Missing character: There is no ] in font nullfont!
Missing character: There is no 。 in font nullfont!
Missing character: There is no 然 in font nullfont!
Missing character: There is no 而 in font nullfont!
Missing character: There is no ， in font nullfont!
Missing character: There is no 純 in font nullfont!
Missing character: There is no 粹 in font nullfont!
Missing character: There is no 依 in font nullfont!
Missing character: There is no 賴 in font nullfont!
Missing character: There is no 離 in font nullfont!
Missing character: There is no 散 in font nullfont!
Missing character: There is no 奈 in font nullfont!
Missing character: There is no 米 in font nullfont!
Missing character: There is no 天 in font nullfont!
Missing character: There is no 線 in font nullfont!
Missing character: There is no 的 in font nullfont!
Missing character: There is no 相 in font nullfont!
Missing character: There is no 位 in font nullfont!
Missing character: There is no 調 in font nullfont!
Missing character: There is no 控 in font nullfont!
Missing character: There is no 易 in font nullfont!
Missing character: There is no 產 in font nullfont!
Missing character: There is no 生 in font nullfont!
Missing character: There is no 相 in font nullfont!
Missing character: There is no 位 in font nullfont!
Missing character: There is no 雜 in font nullfont!
Missing character: There is no 訊 in font nullfont!
Missing character: There is no ， in font nullfont!
Missing character: There is no 激 in font nullfont!
Missing character: There is no 發 in font nullfont!
Missing character: There is no 的 in font nullfont!
Missing character: There is no 高 in font nullfont!
Missing character: There is no 階 in font nullfont!
Missing character: There is no 徑 in font nullfont!
Missing character: There is no 向 in font nullfont!
Missing character: There is no 模 in font nullfont!
Missing character: There is no 態 in font nullfont!
Missing character: There is no 常 in font nullfont!
Missing character: There is no 使 in font nullfont!
Missing character: There is no 出 in font nullfont!
Missing character: There is no 射 in font nullfont!
Missing character: There is no 光 in font nullfont!
Missing character: There is no 束 in font nullfont!
Missing character: There is no 產 in font nullfont!
Missing character: There is no 生 in font nullfont!
Missing character: There is no 多 in font nullfont!
Missing character: There is no 重 in font nullfont!
Missing character: There is no 同 in font nullfont!
Missing character: There is no 心 in font nullfont!
Missing character: There is no 圓 in font nullfont!
Missing character: There is no 環 in font nullfont!
Missing character: There is no 的 in font nullfont!
Missing character: There is no 非 in font nullfont!
Missing character: There is no 理 in font nullfont!
Missing character: There is no 想 in font nullfont!
Missing character: There is no 光 in font nullfont!
Missing character: There is no 場 in font nullfont!
Missing character: There is no 分 in font nullfont!
Missing character: There is no 佈 in font nullfont!
Missing character: There is no [ in font nullfont!
\citation{karimi2014generating}
! Undefined control sequence.
<write> ...: Citation `\@citeb ' on page \thepage 
                                                  \space undefined\on@line .^^J
l.118 ...重同心圓環的非理想光場分佈 \cite{karimi2014generating}
                                                  。為了解決上述缺陷並提升模態純度，Guo 等人提出將...
The control sequence at the end of the top line
of your error message was never \def'ed. If you have
misspelled it (e.g., `\hobx'), type `I' and the correct
spelling (e.g., `I\hbox'). Otherwise just continue,
and I'll forget about whatever was undefined.


LaTeX Warning: Citation `karimi2014generating' on page  undefined on input line
 118.

Missing character: There is no ] in font nullfont!
Missing character: There is no 。 in font nullfont!
Missing character: There is no 為 in font nullfont!
Missing character: There is no 了 in font nullfont!
Missing character: There is no 解 in font nullfont!
Missing character: There is no 決 in font nullfont!
Missing character: There is no 上 in font nullfont!
Missing character: There is no 述 in font nullfont!
Missing character: There is no 缺 in font nullfont!
Missing character: There is no 陷 in font nullfont!
Missing character: There is no 並 in font nullfont!
Missing character: There is no 提 in font nullfont!
Missing character: There is no 升 in font nullfont!
Missing character: There is no 模 in font nullfont!
Missing character: There is no 態 in font nullfont!
Missing character: There is no 純 in font nullfont!
Missing character: There is no 度 in font nullfont!
Missing character: There is no ， in font nullfont!
Missing character: There is no G in font nullfont!
Missing character: There is no u in font nullfont!
Missing character: There is no o in font nullfont!
Missing character: There is no 等 in font nullfont!
Missing character: There is no 人 in font nullfont!
Missing character: There is no 提 in font nullfont!
Missing character: There is no 出 in font nullfont!
Missing character: There is no 將 in font nullfont!
Missing character: There is no 幾 in font nullfont!
Missing character: There is no 何 in font nullfont!
Missing character: There is no 相 in font nullfont!
Missing character: There is no 位 in font nullfont!
Missing character: There is no 與 in font nullfont!
Missing character: There is no 電 in font nullfont!
Missing character: There is no 漿 in font nullfont!
Missing character: There is no 子 in font nullfont!
Missing character: There is no 延 in font nullfont!
Missing character: There is no 遲 in font nullfont!
Missing character: There is no 相 in font nullfont!
Missing character: There is no 位 in font nullfont!
Missing character: There is no 結 in font nullfont!
Missing character: There is no 合 in font nullfont!
Missing character: There is no 於 in font nullfont!
Missing character: There is no 連 in font nullfont!
Missing character: There is no 續 in font nullfont!
Missing character: There is no 形 in font nullfont!
Missing character: There is no 狀 in font nullfont!
Missing character: There is no 的 in font nullfont!
Missing character: There is no 超 in font nullfont!
Missing character: There is no 穎 in font nullfont!
Missing character: There is no 表 in font nullfont!
Missing character: There is no 面 in font nullfont!
Missing character: There is no 中 in font nullfont!
Missing character: There is no ， in font nullfont!
Missing character: There is no 成 in font nullfont!
Missing character: There is no 功 in font nullfont!
Missing character: There is no 將 in font nullfont!
Missing character: There is no 拓 in font nullfont!
Missing character: There is no 樸 in font nullfont!
Missing character: There is no 電 in font nullfont!
Missing character: There is no 荷 in font nullfont!
Missing character: There is no 的 in font nullfont!
Missing character: There is no 光 in font nullfont!
Missing character: There is no 學 in font nullfont!
Missing character: There is no 渦 in font nullfont!
Missing character: There is no 旋 in font nullfont!
Missing character: There is no 純 in font nullfont!
Missing character: There is no 度 in font nullfont!
Missing character: There is no 從 in font nullfont!
Missing character: There is no 離 in font nullfont!
Missing character: There is no 散 in font nullfont!
Missing character: There is no 結 in font nullfont!
Missing character: There is no 構 in font nullfont!
Missing character: There is no 的 in font nullfont!
Missing character: There is no 提 in font nullfont!
Missing character: There is no 升 in font nullfont!
Missing character: There is no 至 in font nullfont!
Missing character: There is no 以 in font nullfont!
Missing character: There is no 上 in font nullfont!
Missing character: There is no [ in font nullfont!
\citation{guo2016merging}
! Undefined control sequence.
<write> ...: Citation `\@citeb ' on page \thepage 
                                                  \space undefined\on@line .^^J
l.118 ...64\%$ 提升至 $90\%$ 以上 \cite{guo2016merging}
                                                  ，特別強調了相位分佈的幾何連續性對於抑制模態串擾和提...
The control sequence at the end of the top line
of your error message was never \def'ed. If you have
misspelled it (e.g., `\hobx'), type `I' and the correct
spelling (e.g., `I\hbox'). Otherwise just continue,
and I'll forget about whatever was undefined.


LaTeX Warning: Citation `guo2016merging' on page  undefined on input line 118.

Missing character: There is no ] in font nullfont!
Missing character: There is no ， in font nullfont!
Missing character: There is no 特 in font nullfont!
Missing character: There is no 別 in font nullfont!
Missing character: There is no 強 in font nullfont!
Missing character: There is no 調 in font nullfont!
Missing character: There is no 了 in font nullfont!
Missing character: There is no 相 in font nullfont!
Missing character: There is no 位 in font nullfont!
Missing character: There is no 分 in font nullfont!
Missing character: There is no 佈 in font nullfont!
Missing character: There is no 的 in font nullfont!
Missing character: There is no 幾 in font nullfont!
Missing character: There is no 何 in font nullfont!
Missing character: There is no 連 in font nullfont!
Missing character: There is no 續 in font nullfont!
Missing character: There is no 性 in font nullfont!
Missing character: There is no 對 in font nullfont!
Missing character: There is no 於 in font nullfont!
Missing character: There is no 抑 in font nullfont!
Missing character: There is no 制 in font nullfont!
Missing character: There is no 模 in font nullfont!
Missing character: There is no 態 in font nullfont!
Missing character: There is no 串 in font nullfont!
Missing character: There is no 擾 in font nullfont!
Missing character: There is no 和 in font nullfont!
Missing character: There is no 提 in font nullfont!
Missing character: There is no 高 in font nullfont!
Missing character: There is no O in font nullfont!
Missing character: There is no A in font nullfont!
Missing character: There is no M in font nullfont!
Missing character: There is no 純 in font nullfont!
Missing character: There is no 度 in font nullfont!
Missing character: There is no 方 in font nullfont!
Missing character: There is no 面 in font nullfont!
Missing character: There is no 的 in font nullfont!
Missing character: There is no 重 in font nullfont!
Missing character: There is no 要 in font nullfont!
Missing character: There is no 性 in font nullfont!
Missing character: There is no 。 in font nullfont!

Overfull \hbox (20.0pt too wide) in paragraph at lines 118--119
[]
 []


Overfull \hbox (5.43pt too wide) in paragraph at lines 118--119
[]
 []


Overfull \hbox (5.43pt too wide) in paragraph at lines 118--119
[]
 []


Overfull \hbox (14.7222pt too wide) in paragraph at lines 118--119
\OML/cmm/m/it/10 ` \OT1/cmr/m/n/10 =
 []


Overfull \hbox (5.00002pt too wide) in paragraph at lines 118--119
\OT1/cmr/m/n/10 2$
 []


Overfull \hbox (18.33339pt too wide) in paragraph at lines 118--119
\OT1/cmr/m/n/10 64%$
 []


Overfull \hbox (18.33339pt too wide) in paragraph at lines 118--119
\OT1/cmr/m/n/10 90%$
 []


Overfull \hbox (5.43pt too wide) in paragraph at lines 118--119
[]
 []


! LaTeX Error: Missing \begin{document}.

See the LaTeX manual or LaTeX Companion for explanation.
Type  H <return>  for immediate help.
 ...                                              
                                                  
l.120 為
       突破電漿子材料的損耗限制，近年的研究主流轉向低損耗的介電質平面光學與全介電質超穎表面。針對傳統 OAM 光環尺寸隨拓撲電荷增加而發散的應用...

You're in trouble here.  Try typing  <return>  to proceed.
If that doesn't work, type  X <return>  to quit.

Missing character: There is no 為 in font nullfont!
Missing character: There is no 突 in font nullfont!
Missing character: There is no 破 in font nullfont!
Missing character: There is no 電 in font nullfont!
Missing character: There is no 漿 in font nullfont!
Missing character: There is no 子 in font nullfont!
Missing character: There is no 材 in font nullfont!
Missing character: There is no 料 in font nullfont!
Missing character: There is no 的 in font nullfont!
Missing character: There is no 損 in font nullfont!
Missing character: There is no 耗 in font nullfont!
Missing character: There is no 限 in font nullfont!
Missing character: There is no 制 in font nullfont!
Missing character: There is no ， in font nullfont!
Missing character: There is no 近 in font nullfont!
Missing character: There is no 年 in font nullfont!
Missing character: There is no 的 in font nullfont!
Missing character: There is no 研 in font nullfont!
Missing character: There is no 究 in font nullfont!
Missing character: There is no 主 in font nullfont!
Missing character: There is no 流 in font nullfont!
Missing character: There is no 轉 in font nullfont!
Missing character: There is no 向 in font nullfont!
Missing character: There is no 低 in font nullfont!
Missing character: There is no 損 in font nullfont!
Missing character: There is no 耗 in font nullfont!
Missing character: There is no 的 in font nullfont!
Missing character: There is no 介 in font nullfont!
Missing character: There is no 電 in font nullfont!
Missing character: There is no 質 in font nullfont!
Missing character: There is no 平 in font nullfont!
Missing character: There is no 面 in font nullfont!
Missing character: There is no 光 in font nullfont!
Missing character: There is no 學 in font nullfont!
Missing character: There is no 與 in font nullfont!
Missing character: There is no 全 in font nullfont!
Missing character: There is no 介 in font nullfont!
Missing character: There is no 電 in font nullfont!
Missing character: There is no 質 in font nullfont!
Missing character: There is no 超 in font nullfont!
Missing character: There is no 穎 in font nullfont!
Missing character: There is no 表 in font nullfont!
Missing character: There is no 面 in font nullfont!
Missing character: There is no 。 in font nullfont!
Missing character: There is no 針 in font nullfont!
Missing character: There is no 對 in font nullfont!
Missing character: There is no 傳 in font nullfont!
Missing character: There is no 統 in font nullfont!
Missing character: There is no O in font nullfont!
Missing character: There is no A in font nullfont!
Missing character: There is no M in font nullfont!
Missing character: There is no 光 in font nullfont!
Missing character: There is no 環 in font nullfont!
Missing character: There is no 尺 in font nullfont!
Missing character: There is no 寸 in font nullfont!
Missing character: There is no 隨 in font nullfont!
Missing character: There is no 拓 in font nullfont!
Missing character: There is no 撲 in font nullfont!
Missing character: There is no 電 in font nullfont!
Missing character: There is no 荷 in font nullfont!
Missing character: There is no 增 in font nullfont!
Missing character: There is no 加 in font nullfont!
Missing character: There is no 而 in font nullfont!
Missing character: There is no 發 in font nullfont!
Missing character: There is no 散 in font nullfont!
Missing character: There is no 的 in font nullfont!
Missing character: There is no 應 in font nullfont!
Missing character: There is no 用 in font nullfont!
Missing character: There is no 瓶 in font nullfont!
Missing character: There is no 頸 in font nullfont!
Missing character: There is no ， in font nullfont!
Missing character: There is no L in font nullfont!
Missing character: There is no i in font nullfont!
Missing character: There is no u in font nullfont!
Missing character: There is no 等 in font nullfont!
Missing character: There is no 人 in font nullfont!
Missing character: There is no 於 in font nullfont!
Missing character: There is no 2 in font nullfont!
Missing character: There is no 0 in font nullfont!
Missing character: There is no 1 in font nullfont!
Missing character: There is no 7 in font nullfont!
Missing character: There is no 年 in font nullfont!
Missing character: There is no 提 in font nullfont!
Missing character: There is no 出 in font nullfont!
Missing character: There is no 利 in font nullfont!
Missing character: There is no 用 in font nullfont!
Missing character: There is no 超 in font nullfont!
Missing character: There is no 薄 in font nullfont!
Missing character: There is no 的 in font nullfont!
Missing character: There is no 石 in font nullfont!
Missing character: There is no 英 in font nullfont!
Missing character: There is no 玻 in font nullfont!
Missing character: There is no 璃 in font nullfont!
Missing character: There is no 平 in font nullfont!
Missing character: There is no 面 in font nullfont!
Missing character: There is no P in font nullfont!
Missing character: There is no a in font nullfont!
Missing character: There is no n in font nullfont!
Missing character: There is no c in font nullfont!
Missing character: There is no h in font nullfont!
Missing character: There is no a in font nullfont!
Missing character: There is no r in font nullfont!
Missing character: There is no a in font nullfont!
Missing character: There is no t in font nullfont!
Missing character: There is no n in font nullfont!
Missing character: There is no a in font nullfont!
Missing character: There is no m in font nullfont!
Missing character: There is no - in font nullfont!
Missing character: There is no B in font nullfont!
Missing character: There is no e in font nullfont!
Missing character: There is no r in font nullfont!
Missing character: There is no r in font nullfont!
Missing character: There is no y in font nullfont!
Missing character: There is no ( in font nullfont!
Missing character: There is no P in font nullfont!
Missing character: There is no B in font nullfont!
Missing character: There is no ) in font nullfont!
Missing character: There is no 相 in font nullfont!
Missing character: There is no 位 in font nullfont!
Missing character: There is no 元 in font nullfont!
Missing character: There is no 件 in font nullfont!
Missing character: There is no ， in font nullfont!
Missing character: There is no 實 in font nullfont!
Missing character: There is no 驗 in font nullfont!
Missing character: There is no 上 in font nullfont!
Missing character: There is no 成 in font nullfont!
Missing character: There is no 功 in font nullfont!
Missing character: There is no 產 in font nullfont!
Missing character: There is no 生 in font nullfont!
Missing character: There is no 了 in font nullfont!
Missing character: There is no 光 in font nullfont!
Missing character: There is no 環 in font nullfont!
Missing character: There is no 尺 in font nullfont!
Missing character: There is no 寸 in font nullfont!
Missing character: There is no 獨 in font nullfont!
Missing character: There is no 立 in font nullfont!
Missing character: There is no 於 in font nullfont!
Missing character: There is no 拓 in font nullfont!
Missing character: There is no 撲 in font nullfont!
Missing character: There is no 電 in font nullfont!
Missing character: There is no 荷 in font nullfont!
Missing character: There is no 的 in font nullfont!
Missing character: There is no 完 in font nullfont!
Missing character: There is no 美 in font nullfont!
Missing character: There is no 渦 in font nullfont!
Missing character: There is no 旋 in font nullfont!
Missing character: There is no 光 in font nullfont!
Missing character: There is no 束 in font nullfont!
Missing character: There is no （ in font nullfont!
Missing character: There is no P in font nullfont!
Missing character: There is no e in font nullfont!
Missing character: There is no r in font nullfont!
Missing character: There is no f in font nullfont!
Missing character: There is no e in font nullfont!
Missing character: There is no c in font nullfont!
Missing character: There is no t in font nullfont!
Missing character: There is no V in font nullfont!
Missing character: There is no o in font nullfont!
Missing character: There is no r in font nullfont!
Missing character: There is no t in font nullfont!
Missing character: There is no e in font nullfont!
Missing character: There is no x in font nullfont!
Missing character: There is no B in font nullfont!
Missing character: There is no e in font nullfont!
Missing character: There is no a in font nullfont!
Missing character: There is no m in font nullfont!
Missing character: There is no , in font nullfont!
Missing character: There is no P in font nullfont!
Missing character: There is no V in font nullfont!
Missing character: There is no B in font nullfont!
Missing character: There is no ） in font nullfont!
Missing character: There is no ， in font nullfont!
Missing character: There is no 大 in font nullfont!
Missing character: There is no 幅 in font nullfont!
Missing character: There is no 縮 in font nullfont!
Missing character: There is no 小 in font nullfont!
Missing character: There is no 了 in font nullfont!
Missing character: There is no 傳 in font nullfont!
Missing character: There is no 統 in font nullfont!
Missing character: There is no 光 in font nullfont!
Missing character: There is no 學 in font nullfont!
Missing character: There is no 系 in font nullfont!
Missing character: There is no 統 in font nullfont!
Missing character: There is no 的 in font nullfont!
Missing character: There is no 體 in font nullfont!
Missing character: There is no 積 in font nullfont!
Missing character: There is no [ in font nullfont!
\citation{liu2017generation}
! Undefined control sequence.
<write> ...: Citation `\@citeb ' on page \thepage 
                                                  \space undefined\on@line .^^J
l.120 ...），大幅縮小了傳統光學系統的體積 \cite{liu2017generation}
                                                  。這些高純度的腔外（extracavity）調控技術...
The control sequence at the end of the top line
of your error message was never \def'ed. If you have
misspelled it (e.g., `\hobx'), type `I' and the correct
spelling (e.g., `I\hbox'). Otherwise just continue,
and I'll forget about whatever was undefined.


LaTeX Warning: Citation `liu2017generation' on page  undefined on input line 12
0.

Missing character: There is no ] in font nullfont!
Missing character: There is no 。 in font nullfont!
Missing character: There is no 這 in font nullfont!
Missing character: There is no 些 in font nullfont!
Missing character: There is no 高 in font nullfont!
Missing character: There is no 純 in font nullfont!
Missing character: There is no 度 in font nullfont!
Missing character: There is no 的 in font nullfont!
Missing character: There is no 腔 in font nullfont!
Missing character: There is no 外 in font nullfont!
Missing character: There is no （ in font nullfont!
Missing character: There is no e in font nullfont!
Missing character: There is no x in font nullfont!
Missing character: There is no t in font nullfont!
Missing character: There is no r in font nullfont!
Missing character: There is no a in font nullfont!
Missing character: There is no c in font nullfont!
Missing character: There is no a in font nullfont!
Missing character: There is no v in font nullfont!
Missing character: There is no i in font nullfont!
Missing character: There is no t in font nullfont!
Missing character: There is no y in font nullfont!
Missing character: There is no ） in font nullfont!
Missing character: There is no 調 in font nullfont!
Missing character: There is no 控 in font nullfont!
Missing character: There is no 技 in font nullfont!
Missing character: There is no 術 in font nullfont!
Missing character: There is no 進 in font nullfont!
Missing character: There is no 一 in font nullfont!
Missing character: There is no 步 in font nullfont!
Missing character: There is no 促 in font nullfont!
Missing character: There is no 成 in font nullfont!
Missing character: There is no 了 in font nullfont!
Missing character: There is no 光 in font nullfont!
Missing character: There is no 電 in font nullfont!
Missing character: There is no 系 in font nullfont!
Missing character: There is no 統 in font nullfont!
Missing character: There is no 的 in font nullfont!
Missing character: There is no 發 in font nullfont!
Missing character: There is no 展 in font nullfont!
Missing character: There is no ， in font nullfont!
Missing character: There is no 例 in font nullfont!
Missing character: There is no 如 in font nullfont!
Missing character: There is no B in font nullfont!
Missing character: There is no i in font nullfont!
Missing character: There is no 等 in font nullfont!
Missing character: There is no 人 in font nullfont!
Missing character: There is no （ in font nullfont!
Missing character: There is no 2 in font nullfont!
Missing character: There is no 0 in font nullfont!
Missing character: There is no 1 in font nullfont!
Missing character: There is no 8 in font nullfont!
Missing character: There is no ） in font nullfont!
Missing character: There is no 與 in font nullfont!
Missing character: There is no T in font nullfont!
Missing character: There is no a in font nullfont!
Missing character: There is no n in font nullfont!
Missing character: There is no 等 in font nullfont!
Missing character: There is no 人 in font nullfont!
Missing character: There is no （ in font nullfont!
Missing character: There is no 2 in font nullfont!
Missing character: There is no 0 in font nullfont!
Missing character: There is no 1 in font nullfont!
Missing character: There is no 9 in font nullfont!
Missing character: There is no ） in font nullfont!
Missing character: There is no 分 in font nullfont!
Missing character: There is no 別 in font nullfont!
Missing character: There is no 在 in font nullfont!
Missing character: There is no 毫 in font nullfont!
Missing character: There is no 米 in font nullfont!
Missing character: There is no 波 in font nullfont!
Missing character: There is no 段 in font nullfont!
Missing character: There is no 與 in font nullfont!
Missing character: There is no 自 in font nullfont!
Missing character: There is no 由 in font nullfont!
Missing character: There is no 空 in font nullfont!
Missing character: There is no 間 in font nullfont!
Missing character: There is no 光 in font nullfont!
Missing character: There is no 通 in font nullfont!
Missing character: There is no 訊 in font nullfont!
Missing character: There is no 中 in font nullfont!
Missing character: There is no 實 in font nullfont!
Missing character: There is no 現 in font nullfont!
Missing character: There is no 了 in font nullfont!
Missing character: There is no 寬 in font nullfont!
Missing character: There is no 頻 in font nullfont!
Missing character: There is no 與 in font nullfont!
Missing character: There is no 多 in font nullfont!
Missing character: There is no 工 in font nullfont!
Missing character: There is no 傳 in font nullfont!
Missing character: There is no 輸 in font nullfont!
Missing character: There is no [ in font nullfont!
\citation{bi2018metasurface}
! Undefined control sequence.
<write> ...: Citation `\@citeb ' on page \thepage 
                                                  \space undefined\on@line .^^J
l.120 ...工傳輸 \cite{bi2018metasurface, tan2019free}
                                                  。另一方面，如何在複雜的多工影像重建中保持 OAM ...
The control sequence at the end of the top line
of your error message was never \def'ed. If you have
misspelled it (e.g., `\hobx'), type `I' and the correct
spelling (e.g., `I\hbox'). Otherwise just continue,
and I'll forget about whatever was undefined.


LaTeX Warning: Citation `bi2018metasurface' on page  undefined on input line 12
0.

Missing character: There is no , in font nullfont!
\citation{tan2019free}
! Undefined control sequence.
<write> ...: Citation `\@citeb ' on page \thepage 
                                                  \space undefined\on@line .^^J
l.120 ...工傳輸 \cite{bi2018metasurface, tan2019free}
                                                  。另一方面，如何在複雜的多工影像重建中保持 OAM ...
The control sequence at the end of the top line
of your error message was never \def'ed. If you have
misspelled it (e.g., `\hobx'), type `I' and the correct
spelling (e.g., `I\hbox'). Otherwise just continue,
and I'll forget about whatever was undefined.


LaTeX Warning: Citation `tan2019free' on page  undefined on input line 120.

Missing character: There is no ] in font nullfont!
Missing character: There is no 。 in font nullfont!
Missing character: There is no 另 in font nullfont!
Missing character: There is no 一 in font nullfont!
Missing character: There is no 方 in font nullfont!
Missing character: There is no 面 in font nullfont!
Missing character: There is no ， in font nullfont!
Missing character: There is no 如 in font nullfont!
Missing character: There is no 何 in font nullfont!
Missing character: There is no 在 in font nullfont!
Missing character: There is no 複 in font nullfont!
Missing character: There is no 雜 in font nullfont!
Missing character: There is no 的 in font nullfont!
Missing character: There is no 多 in font nullfont!
Missing character: There is no 工 in font nullfont!
Missing character: There is no 影 in font nullfont!
Missing character: There is no 像 in font nullfont!
Missing character: There is no 重 in font nullfont!
Missing character: There is no 建 in font nullfont!
Missing character: There is no 中 in font nullfont!
Missing character: There is no 保 in font nullfont!
Missing character: There is no 持 in font nullfont!
Missing character: There is no O in font nullfont!
Missing character: There is no A in font nullfont!
Missing character: There is no M in font nullfont!
Missing character: There is no 的 in font nullfont!
Missing character: There is no 空 in font nullfont!
Missing character: There is no 間 in font nullfont!
Missing character: There is no 相 in font nullfont!
Missing character: There is no 位 in font nullfont!
Missing character: There is no 特 in font nullfont!
Missing character: There is no 徵 in font nullfont!
Missing character: There is no 並 in font nullfont!
Missing character: There is no 抑 in font nullfont!
Missing character: There is no 制 in font nullfont!
Missing character: There is no 像 in font nullfont!
Missing character: There is no 素 in font nullfont!
Missing character: There is no 間 in font nullfont!
Missing character: There is no 的 in font nullfont!
Missing character: There is no 模 in font nullfont!
Missing character: There is no 態 in font nullfont!
Missing character: There is no 串 in font nullfont!
Missing character: There is no 擾 in font nullfont!
Missing character: There is no ， in font nullfont!
Missing character: There is no R in font nullfont!
Missing character: There is no e in font nullfont!
Missing character: There is no n in font nullfont!
Missing character: There is no 等 in font nullfont!
Missing character: There is no 人 in font nullfont!
Missing character: There is no 於 in font nullfont!
Missing character: There is no 2 in font nullfont!
Missing character: There is no 0 in font nullfont!
Missing character: There is no 1 in font nullfont!
Missing character: There is no 9 in font nullfont!
Missing character: There is no 年 in font nullfont!
Missing character: There is no 提 in font nullfont!
Missing character: There is no 出 in font nullfont!
Missing character: There is no 了 in font nullfont!
Missing character: There is no 空 in font nullfont!
Missing character: There is no 間 in font nullfont!
Missing character: There is no 頻 in font nullfont!
Missing character: There is no 率 in font nullfont!
Missing character: There is no 採 in font nullfont!
Missing character: There is no 樣 in font nullfont!
Missing character: There is no 與 in font nullfont!
Missing character: There is no 相 in font nullfont!
Missing character: There is no 位 in font nullfont!
Missing character: There is no 補 in font nullfont!
Missing character: There is no 償 in font nullfont!
Missing character: There is no 技 in font nullfont!
Missing character: There is no 術 in font nullfont!
Missing character: There is no [ in font nullfont!
\citation{ren2019metasurface}
! Undefined control sequence.
<write> ...: Citation `\@citeb ' on page \thepage 
                                                  \space undefined\on@line .^^J
l.120 ...出了空間頻率採樣與相位補償技術 \cite{ren2019metasurface}
                                                  ，該研究揭示了遠場干涉對 OAM 螺旋波前的破壞機制...
The control sequence at the end of the top line
of your error message was never \def'ed. If you have
misspelled it (e.g., `\hobx'), type `I' and the correct
spelling (e.g., `I\hbox'). Otherwise just continue,
and I'll forget about whatever was undefined.


LaTeX Warning: Citation `ren2019metasurface' on page  undefined on input line 1
20.

Missing character: There is no ] in font nullfont!
Missing character: There is no ， in font nullfont!
Missing character: There is no 該 in font nullfont!
Missing character: There is no 研 in font nullfont!
Missing character: There is no 究 in font nullfont!
Missing character: There is no 揭 in font nullfont!
Missing character: There is no 示 in font nullfont!
Missing character: There is no 了 in font nullfont!
Missing character: There is no 遠 in font nullfont!
Missing character: There is no 場 in font nullfont!
Missing character: There is no 干 in font nullfont!
Missing character: There is no 涉 in font nullfont!
Missing character: There is no 對 in font nullfont!
Missing character: There is no O in font nullfont!
Missing character: There is no A in font nullfont!
Missing character: There is no M in font nullfont!
Missing character: There is no 螺 in font nullfont!
Missing character: There is no 旋 in font nullfont!
Missing character: There is no 波 in font nullfont!
Missing character: There is no 前 in font nullfont!
Missing character: There is no 的 in font nullfont!
Missing character: There is no 破 in font nullfont!
Missing character: There is no 壞 in font nullfont!
Missing character: There is no 機 in font nullfont!
Missing character: There is no 制 in font nullfont!
Missing character: There is no ， in font nullfont!
Missing character: There is no 並 in font nullfont!
Missing character: There is no 藉 in font nullfont!
Missing character: There is no 由 in font nullfont!
Missing character: There is no 傅 in font nullfont!
Missing character: There is no 立 in font nullfont!
Missing character: There is no 葉 in font nullfont!
Missing character: There is no 空 in font nullfont!
Missing character: There is no 間 in font nullfont!
Missing character: There is no 離 in font nullfont!
Missing character: There is no 散 in font nullfont!
Missing character: There is no 採 in font nullfont!
Missing character: There is no 樣 in font nullfont!
Missing character: There is no 與 in font nullfont!
Missing character: There is no 基 in font nullfont!
Missing character: There is no 態 in font nullfont!
Missing character: There is no 濾 in font nullfont!
Missing character: There is no 波 in font nullfont!
Missing character: There is no 技 in font nullfont!
Missing character: There is no 術 in font nullfont!
Missing character: There is no ， in font nullfont!
Missing character: There is no 成 in font nullfont!
Missing character: There is no 功 in font nullfont!
Missing character: There is no 抑 in font nullfont!
Missing character: There is no 制 in font nullfont!
Missing character: There is no 了 in font nullfont!
Missing character: There is no 重 in font nullfont!
Missing character: There is no 建 in font nullfont!
Missing character: There is no 像 in font nullfont!
Missing character: There is no 素 in font nullfont!
Missing character: There is no 間 in font nullfont!
Missing character: There is no 的 in font nullfont!
Missing character: There is no 螺 in font nullfont!
Missing character: There is no 旋 in font nullfont!
Missing character: There is no 波 in font nullfont!
Missing character: There is no 前 in font nullfont!
Missing character: There is no 干 in font nullfont!
Missing character: There is no 涉 in font nullfont!
Missing character: There is no 與 in font nullfont!
Missing character: There is no 模 in font nullfont!
Missing character: There is no 態 in font nullfont!
Missing character: There is no 串 in font nullfont!
Missing character: There is no 擾 in font nullfont!
Missing character: There is no ， in font nullfont!
Missing character: There is no 為 in font nullfont!
Missing character: There is no 高 in font nullfont!
Missing character: There is no 容 in font nullfont!
Missing character: There is no 量 in font nullfont!
Missing character: There is no 空 in font nullfont!
Missing character: There is no 間 in font nullfont!
Missing character: There is no 光 in font nullfont!
Missing character: There is no 學 in font nullfont!
Missing character: There is no 多 in font nullfont!
Missing character: There is no 工 in font nullfont!
Missing character: There is no 系 in font nullfont!
Missing character: There is no 統 in font nullfont!
Missing character: There is no 奠 in font nullfont!
Missing character: There is no 定 in font nullfont!
Missing character: There is no 基 in font nullfont!
Missing character: There is no 礎 in font nullfont!
Missing character: There is no 。 in font nullfont!

Overfull \hbox (20.0pt too wide) in paragraph at lines 120--121
[]
 []


Overfull \hbox (5.43pt too wide) in paragraph at lines 120--121
[]
 []


Overfull \hbox (5.43pt too wide) in paragraph at lines 120--121
[]
 []


Overfull \hbox (5.43pt too wide) in paragraph at lines 120--121
[]
 []


Overfull \hbox (5.43pt too wide) in paragraph at lines 120--121
[]
 []


! LaTeX Error: Missing \begin{document}.

See the LaTeX manual or LaTeX Companion for explanation.
Type  H <return>  for immediate help.
 ...                                              
                                                  
l.122 儘
       管上述腔外系統取得諸多進展，其純度依然受限於元件加工精度與傳播繞射。為突破此純度極限，Sroor 等人於 2020 年首創將二氧化鈦全介電...

You're in trouble here.  Try typing  <return>  to proceed.
If that doesn't work, type  X <return>  to quit.

Missing character: There is no 儘 in font nullfont!
Missing character: There is no 管 in font nullfont!
Missing character: There is no 上 in font nullfont!
Missing character: There is no 述 in font nullfont!
Missing character: There is no 腔 in font nullfont!
Missing character: There is no 外 in font nullfont!
Missing character: There is no 系 in font nullfont!
Missing character: There is no 統 in font nullfont!
Missing character: There is no 取 in font nullfont!
Missing character: There is no 得 in font nullfont!
Missing character: There is no 諸 in font nullfont!
Missing character: There is no 多 in font nullfont!
Missing character: There is no 進 in font nullfont!
Missing character: There is no 展 in font nullfont!
Missing character: There is no ， in font nullfont!
Missing character: There is no 其 in font nullfont!
Missing character: There is no 純 in font nullfont!
Missing character: There is no 度 in font nullfont!
Missing character: There is no 依 in font nullfont!
Missing character: There is no 然 in font nullfont!
Missing character: There is no 受 in font nullfont!
Missing character: There is no 限 in font nullfont!
Missing character: There is no 於 in font nullfont!
Missing character: There is no 元 in font nullfont!
Missing character: There is no 件 in font nullfont!
Missing character: There is no 加 in font nullfont!
Missing character: There is no 工 in font nullfont!
Missing character: There is no 精 in font nullfont!
Missing character: There is no 度 in font nullfont!
Missing character: There is no 與 in font nullfont!
Missing character: There is no 傳 in font nullfont!
Missing character: There is no 播 in font nullfont!
Missing character: There is no 繞 in font nullfont!
Missing character: There is no 射 in font nullfont!
Missing character: There is no 。 in font nullfont!
Missing character: There is no 為 in font nullfont!
Missing character: There is no 突 in font nullfont!
Missing character: There is no 破 in font nullfont!
Missing character: There is no 此 in font nullfont!
Missing character: There is no 純 in font nullfont!
Missing character: There is no 度 in font nullfont!
Missing character: There is no 極 in font nullfont!
Missing character: There is no 限 in font nullfont!
Missing character: There is no ， in font nullfont!
Missing character: There is no S in font nullfont!
Missing character: There is no r in font nullfont!
Missing character: There is no o in font nullfont!
Missing character: There is no o in font nullfont!
Missing character: There is no r in font nullfont!
Missing character: There is no 等 in font nullfont!
Missing character: There is no 人 in font nullfont!
Missing character: There is no 於 in font nullfont!
Missing character: There is no 2 in font nullfont!
Missing character: There is no 0 in font nullfont!
Missing character: There is no 2 in font nullfont!
Missing character: There is no 0 in font nullfont!
Missing character: There is no 年 in font nullfont!
Missing character: There is no 首 in font nullfont!
Missing character: There is no 創 in font nullfont!
Missing character: There is no 將 in font nullfont!
Missing character: There is no 二 in font nullfont!
Missing character: There is no 氧 in font nullfont!
Missing character: There is no 化 in font nullfont!
Missing character: There is no 鈦 in font nullfont!
Missing character: There is no 全 in font nullfont!
Missing character: There is no 介 in font nullfont!
Missing character: There is no 電 in font nullfont!
Missing character: There is no 質 in font nullfont!
Missing character: There is no 超 in font nullfont!
Missing character: There is no 穎 in font nullfont!
Missing character: There is no 表 in font nullfont!
Missing character: There is no 面 in font nullfont!
Missing character: There is no 整 in font nullfont!
Missing character: There is no 合 in font nullfont!
Missing character: There is no 至 in font nullfont!
Missing character: There is no 雷 in font nullfont!
Missing character: There is no 射 in font nullfont!
Missing character: There is no 共 in font nullfont!
Missing character: There is no 振 in font nullfont!
Missing character: There is no 腔 in font nullfont!
Missing character: There is no 內 in font nullfont!
Missing character: There is no [ in font nullfont!
\citation{sroor2020high}
! Undefined control sequence.
<write> ...: Citation `\@citeb ' on page \thepage 
                                                  \space undefined\on@line .^^J
l.122 ...二氧化鈦全介電質超穎表面整合至雷射共振腔內\cite{sroor2020high}
                                                  。該研究證實，雷射腔內的繞射、共振與增益輔助濾波機制...
The control sequence at the end of the top line
of your error message was never \def'ed. If you have
misspelled it (e.g., `\hobx'), type `I' and the correct
spelling (e.g., `I\hbox'). Otherwise just continue,
and I'll forget about whatever was undefined.


LaTeX Warning: Citation `sroor2020high' on page  undefined on input line 122.

Missing character: There is no ] in font nullfont!
Missing character: There is no 。 in font nullfont!
Missing character: There is no 該 in font nullfont!
Missing character: There is no 研 in font nullfont!
Missing character: There is no 究 in font nullfont!
Missing character: There is no 證 in font nullfont!
Missing character: There is no 實 in font nullfont!
Missing character: There is no ， in font nullfont!
Missing character: There is no 雷 in font nullfont!
Missing character: There is no 射 in font nullfont!
Missing character: There is no 腔 in font nullfont!
Missing character: There is no 內 in font nullfont!
Missing character: There is no 的 in font nullfont!
Missing character: There is no 繞 in font nullfont!
Missing character: There is no 射 in font nullfont!
Missing character: There is no 、 in font nullfont!
Missing character: There is no 共 in font nullfont!
Missing character: There is no 振 in font nullfont!
Missing character: There is no 與 in font nullfont!
Missing character: There is no 增 in font nullfont!
Missing character: There is no 益 in font nullfont!
Missing character: There is no 輔 in font nullfont!
Missing character: There is no 助 in font nullfont!
Missing character: There is no 濾 in font nullfont!
Missing character: There is no 波 in font nullfont!
Missing character: There is no 機 in font nullfont!
Missing character: There is no 制 in font nullfont!
Missing character: There is no 能 in font nullfont!
Missing character: There is no 自 in font nullfont!
Missing character: There is no 然 in font nullfont!
Missing character: There is no 過 in font nullfont!
Missing character: There is no 濾 in font nullfont!
Missing character: There is no 掉 in font nullfont!
Missing character: There is no 不 in font nullfont!
Missing character: There is no 需 in font nullfont!
Missing character: There is no 要 in font nullfont!
Missing character: There is no 的 in font nullfont!
Missing character: There is no 徑 in font nullfont!
Missing character: There is no 向 in font nullfont!
Missing character: There is no 散 in font nullfont!
Missing character: There is no 射 in font nullfont!
Missing character: There is no 模 in font nullfont!
Missing character: There is no 態 in font nullfont!
Missing character: There is no ， in font nullfont!
Missing character: There is no 即 in font nullfont!
Missing character: There is no 使 in font nullfont!
Missing character: There is no 在 in font nullfont!
Missing character: There is no 的 in font nullfont!
Missing character: There is no 極 in font nullfont!
Missing character: There is no 高 in font nullfont!
Missing character: There is no 階 in font nullfont!
Missing character: There is no O in font nullfont!
Missing character: There is no A in font nullfont!
Missing character: There is no M in font nullfont!
Missing character: There is no 狀 in font nullfont!
Missing character: There is no 態 in font nullfont!
Missing character: There is no 下 in font nullfont!
Missing character: There is no ， in font nullfont!
Missing character: There is no 依 in font nullfont!
Missing character: There is no 然 in font nullfont!
Missing character: There is no 能 in font nullfont!
Missing character: There is no 有 in font nullfont!
Missing character: There is no 效 in font nullfont!
Missing character: There is no 抑 in font nullfont!
Missing character: There is no 制 in font nullfont!
Missing character: There is no 高 in font nullfont!
Missing character: There is no 階 in font nullfont!
Missing character: There is no 徑 in font nullfont!
Missing character: There is no 向 in font nullfont!
Missing character: There is no 模 in font nullfont!
Missing character: There is no 態 in font nullfont!
Missing character: There is no ， in font nullfont!
Missing character: There is no 將 in font nullfont!
Missing character: There is no 的 in font nullfont!
Missing character: There is no 目 in font nullfont!
Missing character: There is no 標 in font nullfont!
Missing character: There is no 模 in font nullfont!
Missing character: There is no 態 in font nullfont!
Missing character: There is no 純 in font nullfont!
Missing character: There is no 度 in font nullfont!
Missing character: There is no 維 in font nullfont!
Missing character: There is no 持 in font nullfont!
Missing character: There is no 在 in font nullfont!
Missing character: There is no 近 in font nullfont!
Missing character: There is no 。 in font nullfont!
Missing character: There is no 在 in font nullfont!
Missing character: There is no 此 in font nullfont!
Missing character: There is no 技 in font nullfont!
Missing character: There is no 術 in font nullfont!
Missing character: There is no 發 in font nullfont!
Missing character: There is no 展 in font nullfont!
Missing character: There is no 的 in font nullfont!
Missing character: There is no 基 in font nullfont!
Missing character: There is no 礎 in font nullfont!
Missing character: There is no 上 in font nullfont!
Missing character: There is no ， in font nullfont!
Missing character: There is no 為 in font nullfont!
Missing character: There is no 了 in font nullfont!
Missing character: There is no 進 in font nullfont!
Missing character: There is no 一 in font nullfont!
Missing character: There is no 步 in font nullfont!
Missing character: There is no 提 in font nullfont!
Missing character: There is no 升 in font nullfont!
Missing character: There is no 設 in font nullfont!
Missing character: There is no 計 in font nullfont!
Missing character: There is no 自 in font nullfont!
Missing character: There is no 由 in font nullfont!
Missing character: There is no 度 in font nullfont!
Missing character: There is no ， in font nullfont!
Missing character: There is no Z in font nullfont!
Missing character: There is no h in font nullfont!
Missing character: There is no o in font nullfont!
Missing character: There is no u in font nullfont!
Missing character: There is no 等 in font nullfont!
Missing character: There is no 人 in font nullfont!
Missing character: There is no 於 in font nullfont!
Missing character: There is no 2 in font nullfont!
Missing character: There is no 0 in font nullfont!
Missing character: There is no 2 in font nullfont!
Missing character: There is no 1 in font nullfont!
Missing character: There is no 年 in font nullfont!
Missing character: There is no 利 in font nullfont!
Missing character: There is no 用 in font nullfont!
Missing character: There is no 二 in font nullfont!
Missing character: There is no 氧 in font nullfont!
Missing character: There is no 化 in font nullfont!
Missing character: There is no 鈦 in font nullfont!
Missing character: There is no 全 in font nullfont!
Missing character: There is no 介 in font nullfont!
Missing character: There is no 電 in font nullfont!
Missing character: There is no 質 in font nullfont!
Missing character: There is no 幾 in font nullfont!
Missing character: There is no 何 in font nullfont!
Missing character: There is no 超 in font nullfont!
Missing character: There is no 穎 in font nullfont!
Missing character: There is no 表 in font nullfont!
Missing character: There is no 面 in font nullfont!
Missing character: There is no ， in font nullfont!
Missing character: There is no 成 in font nullfont!
Missing character: There is no 功 in font nullfont!
Missing character: There is no 生 in font nullfont!
Missing character: There is no 成 in font nullfont!
Missing character: There is no 了 in font nullfont!
Missing character: There is no 光 in font nullfont!
Missing character: There is no 環 in font nullfont!
Missing character: There is no 半 in font nullfont!
Missing character: There is no 徑 in font nullfont!
Missing character: There is no 獨 in font nullfont!
Missing character: There is no 立 in font nullfont!
Missing character: There is no 於 in font nullfont!
Missing character: There is no 拓 in font nullfont!
Missing character: There is no 撲 in font nullfont!
Missing character: There is no 電 in font nullfont!
Missing character: There is no 荷 in font nullfont!
Missing character: There is no 變 in font nullfont!
Missing character: There is no 化 in font nullfont!
Missing character: There is no 的 in font nullfont!
Missing character: There is no 完 in font nullfont!
Missing character: There is no 美 in font nullfont!
Missing character: There is no 渦 in font nullfont!
Missing character: There is no 旋 in font nullfont!
Missing character: There is no 光 in font nullfont!
Missing character: There is no 束 in font nullfont!
Missing character: There is no ， in font nullfont!
Missing character: There is no 展 in font nullfont!
Missing character: There is no 示 in font nullfont!
Missing character: There is no 了 in font nullfont!
Missing character: There is no 能 in font nullfont!
Missing character: There is no 在 in font nullfont!
Missing character: There is no 單 in font nullfont!
Missing character: There is no 一 in font nullfont!
Missing character: There is no 元 in font nullfont!
Missing character: There is no 件 in font nullfont!
Missing character: There is no 上 in font nullfont!
Missing character: There is no ， in font nullfont!
Missing character: There is no 同 in font nullfont!
Missing character: There is no 時 in font nullfont!
Missing character: There is no 獨 in font nullfont!
Missing character: There is no 立 in font nullfont!
Missing character: There is no 調 in font nullfont!
Missing character: There is no 控 in font nullfont!
Missing character: There is no 光 in font nullfont!
Missing character: There is no 束 in font nullfont!
Missing character: There is no 尺 in font nullfont!
Missing character: There is no 寸 in font nullfont!
Missing character: There is no 與 in font nullfont!
Missing character: There is no 橢 in font nullfont!
Missing character: There is no 圓 in font nullfont!
Missing character: There is no 率 in font nullfont!
Missing character: There is no 等 in font nullfont!
Missing character: There is no 多 in font nullfont!
Missing character: There is no 維 in font nullfont!
Missing character: There is no 度 in font nullfont!
Missing character: There is no 特 in font nullfont!
Missing character: There is no 徵 in font nullfont!
Missing character: There is no 的 in font nullfont!
Missing character: There is no 能 in font nullfont!
Missing character: There is no 力 in font nullfont!
Missing character: There is no [ in font nullfont!
\citation{zhou2021generation}
! Undefined control sequence.
<write> ...: Citation `\@citeb ' on page \thepage 
                                                  \space undefined\on@line .^^J
l.122 ...尺寸與橢圓率等多維度特徵的能力 \cite{zhou2021generation}
                                                  。
The control sequence at the end of the top line
of your error message was never \def'ed. If you have
misspelled it (e.g., `\hobx'), type `I' and the correct
spelling (e.g., `I\hbox'). Otherwise just continue,
and I'll forget about whatever was undefined.


LaTeX Warning: Citation `zhou2021generation' on page  undefined on input line 1
22.

Missing character: There is no ] in font nullfont!
Missing character: There is no 。 in font nullfont!

Overfull \hbox (20.0pt too wide) in paragraph at lines 122--123
[]
 []


Overfull \hbox (5.43pt too wide) in paragraph at lines 122--123
[]
 []


Overfull \hbox (14.7222pt too wide) in paragraph at lines 122--123
\OML/cmm/m/it/10 ` \OT1/cmr/m/n/10 =
 []


Overfull \hbox (15.00005pt too wide) in paragraph at lines 122--123
\OT1/cmr/m/n/10 100$
 []


Overfull \hbox (15.58676pt too wide) in paragraph at lines 122--123
\OML/cmm/m/it/10 p \OT1/cmr/m/n/10 =
 []


Overfull \hbox (5.00002pt too wide) in paragraph at lines 122--123
\OT1/cmr/m/n/10 0$
 []


Overfull \hbox (18.33339pt too wide) in paragraph at lines 122--123
\OT1/cmr/m/n/10 90%$
 []


Overfull \hbox (5.43pt too wide) in paragraph at lines 122--123
[] 
 []


! LaTeX Error: Missing \begin{document}.

See the LaTeX manual or LaTeX Companion for explanation.
Type  H <return>  for immediate help.
 ...                                              
                                                  
l.124 儘
       管現有的 OAM 超穎表面已展現卓越性能，但現行元件主要仍依賴基於單元結構的正向設計方法，即透過排列特定形狀的奈米天線來實現相位調控。預先...

You're in trouble here.  Try typing  <return>  to proceed.
If that doesn't work, type  X <return>  to quit.

Missing character: There is no 儘 in font nullfont!
Missing character: There is no 管 in font nullfont!
Missing character: There is no 現 in font nullfont!
Missing character: There is no 有 in font nullfont!
Missing character: There is no 的 in font nullfont!
Missing character: There is no O in font nullfont!
Missing character: There is no A in font nullfont!
Missing character: There is no M in font nullfont!
Missing character: There is no 超 in font nullfont!
Missing character: There is no 穎 in font nullfont!
Missing character: There is no 表 in font nullfont!
Missing character: There is no 面 in font nullfont!
Missing character: There is no 已 in font nullfont!
Missing character: There is no 展 in font nullfont!
Missing character: There is no 現 in font nullfont!
Missing character: There is no 卓 in font nullfont!
Missing character: There is no 越 in font nullfont!
Missing character: There is no 性 in font nullfont!
Missing character: There is no 能 in font nullfont!
Missing character: There is no ， in font nullfont!
Missing character: There is no 但 in font nullfont!
Missing character: There is no 現 in font nullfont!
Missing character: There is no 行 in font nullfont!
Missing character: There is no 元 in font nullfont!
Missing character: There is no 件 in font nullfont!
Missing character: There is no 主 in font nullfont!
Missing character: There is no 要 in font nullfont!
Missing character: There is no 仍 in font nullfont!
Missing character: There is no 依 in font nullfont!
Missing character: There is no 賴 in font nullfont!
Missing character: There is no 基 in font nullfont!
Missing character: There is no 於 in font nullfont!
Missing character: There is no 單 in font nullfont!
Missing character: There is no 元 in font nullfont!
Missing character: There is no 結 in font nullfont!
Missing character: There is no 構 in font nullfont!
Missing character: There is no 的 in font nullfont!
Missing character: There is no 正 in font nullfont!
Missing character: There is no 向 in font nullfont!
Missing character: There is no 設 in font nullfont!
Missing character: There is no 計 in font nullfont!
Missing character: There is no 方 in font nullfont!
Missing character: There is no 法 in font nullfont!
Missing character: There is no ， in font nullfont!
Missing character: There is no 即 in font nullfont!
Missing character: There is no 透 in font nullfont!
Missing character: There is no 過 in font nullfont!
Missing character: There is no 排 in font nullfont!
Missing character: There is no 列 in font nullfont!
Missing character: There is no 特 in font nullfont!
Missing character: There is no 定 in font nullfont!
Missing character: There is no 形 in font nullfont!
Missing character: There is no 狀 in font nullfont!
Missing character: There is no 的 in font nullfont!
Missing character: There is no 奈 in font nullfont!
Missing character: There is no 米 in font nullfont!
Missing character: There is no 天 in font nullfont!
Missing character: There is no 線 in font nullfont!
Missing character: There is no 來 in font nullfont!
Missing character: There is no 實 in font nullfont!
Missing character: There is no 現 in font nullfont!
Missing character: There is no 相 in font nullfont!
Missing character: There is no 位 in font nullfont!
Missing character: There is no 調 in font nullfont!
Missing character: There is no 控 in font nullfont!
Missing character: There is no 。 in font nullfont!
Missing character: There is no 預 in font nullfont!
Missing character: There is no 先 in font nullfont!
Missing character: There is no 定 in font nullfont!
Missing character: There is no 義 in font nullfont!
Missing character: There is no 的 in font nullfont!
Missing character: There is no 幾 in font nullfont!
Missing character: There is no 何 in font nullfont!
Missing character: There is no 模 in font nullfont!
Missing character: There is no 板 in font nullfont!
Missing character: There is no 嚴 in font nullfont!
Missing character: There is no 格 in font nullfont!
Missing character: There is no 限 in font nullfont!
Missing character: There is no 制 in font nullfont!
Missing character: There is no 了 in font nullfont!
Missing character: There is no 此 in font nullfont!
Missing character: There is no 類 in font nullfont!
Missing character: There is no 設 in font nullfont!
Missing character: There is no 計 in font nullfont!
Missing character: There is no 的 in font nullfont!
Missing character: There is no 自 in font nullfont!
Missing character: There is no 由 in font nullfont!
Missing character: There is no 度 in font nullfont!
Missing character: There is no 。 in font nullfont!
Missing character: There is no 雖 in font nullfont!
Missing character: There is no 然 in font nullfont!
Missing character: There is no 高 in font nullfont!
Missing character: There is no 純 in font nullfont!
Missing character: There is no 度 in font nullfont!
Missing character: There is no 的 in font nullfont!
Missing character: There is no O in font nullfont!
Missing character: There is no A in font nullfont!
Missing character: There is no M in font nullfont!
Missing character: There is no 光 in font nullfont!
Missing character: There is no 束 in font nullfont!
Missing character: There is no 已 in font nullfont!
Missing character: There is no 在 in font nullfont!
Missing character: There is no 上 in font nullfont!
Missing character: There is no 述 in font nullfont!
Missing character: There is no 文 in font nullfont!
Missing character: There is no 獻 in font nullfont!
Missing character: There is no 中 in font nullfont!
Missing character: There is no 被 in font nullfont!
Missing character: There is no 個 in font nullfont!
Missing character: There is no 別 in font nullfont!
Missing character: There is no 驗 in font nullfont!
Missing character: There is no 證 in font nullfont!
Missing character: There is no ， in font nullfont!
Missing character: There is no 但 in font nullfont!
Missing character: There is no 其 in font nullfont!
Missing character: There is no 元 in font nullfont!
Missing character: There is no 件 in font nullfont!
Missing character: There is no 表 in font nullfont!
Missing character: There is no 現 in font nullfont!
Missing character: There is no 依 in font nullfont!
Missing character: There is no 然 in font nullfont!
Missing character: There is no 強 in font nullfont!
Missing character: There is no 烈 in font nullfont!
Missing character: There is no 依 in font nullfont!
Missing character: There is no 賴 in font nullfont!
Missing character: There is no 這 in font nullfont!
Missing character: There is no 些 in font nullfont!
Missing character: There is no 特 in font nullfont!
Missing character: There is no 定 in font nullfont!
Missing character: There is no 的 in font nullfont!
Missing character: There is no 原 in font nullfont!
Missing character: There is no 子 in font nullfont!
Missing character: There is no 幾 in font nullfont!
Missing character: There is no 何 in font nullfont!
Missing character: There is no 與 in font nullfont!
Missing character: There is no 相 in font nullfont!
Missing character: There is no 位 in font nullfont!
Missing character: There is no 工 in font nullfont!
Missing character: There is no 程 in font nullfont!
Missing character: There is no 策 in font nullfont!
Missing character: There is no 略 in font nullfont!
Missing character: There is no ， in font nullfont!
Missing character: There is no 難 in font nullfont!
Missing character: There is no 以 in font nullfont!
Missing character: There is no 在 in font nullfont!
Missing character: There is no 多 in font nullfont!
Missing character: There is no 目 in font nullfont!
Missing character: There is no 標 in font nullfont!
Missing character: There is no 光 in font nullfont!
Missing character: There is no 場 in font nullfont!
Missing character: There is no 調 in font nullfont!
Missing character: There is no 控 in font nullfont!
Missing character: There is no 中 in font nullfont!
Missing character: There is no 達 in font nullfont!
Missing character: There is no 到 in font nullfont!
Missing character: There is no 全 in font nullfont!
Missing character: There is no 局 in font nullfont!
Missing character: There is no 最 in font nullfont!
Missing character: There is no 佳 in font nullfont!
Missing character: There is no 化 in font nullfont!
Missing character: There is no 。 in font nullfont!
Missing character: There is no 因 in font nullfont!
Missing character: There is no 此 in font nullfont!
Missing character: There is no ， in font nullfont!
Missing character: There is no 如 in font nullfont!
Missing character: There is no 何 in font nullfont!
Missing character: There is no 實 in font nullfont!
Missing character: There is no 現 in font nullfont!
Missing character: There is no 全 in font nullfont!
Missing character: There is no 局 in font nullfont!
Missing character: There is no 優 in font nullfont!
Missing character: There is no 化 in font nullfont!
Missing character: There is no 的 in font nullfont!
Missing character: There is no 模 in font nullfont!
Missing character: There is no 態 in font nullfont!
Missing character: There is no 純 in font nullfont!
Missing character: There is no 度 in font nullfont!
Missing character: There is no 依 in font nullfont!
Missing character: There is no 然 in font nullfont!
Missing character: There is no 是 in font nullfont!
Missing character: There is no 一 in font nullfont!
Missing character: There is no 項 in font nullfont!
Missing character: There is no 重 in font nullfont!
Missing character: There is no 大 in font nullfont!
Missing character: There is no 的 in font nullfont!
Missing character: There is no 挑 in font nullfont!
Missing character: There is no 戰 in font nullfont!
Missing character: There is no ， in font nullfont!
Missing character: There is no 這 in font nullfont!
Missing character: There is no 也 in font nullfont!
Missing character: There is no 激 in font nullfont!
Missing character: There is no 發 in font nullfont!
Missing character: There is no 了 in font nullfont!
Missing character: There is no 學 in font nullfont!
Missing character: There is no 界 in font nullfont!
Missing character: There is no 探 in font nullfont!
Missing character: There is no 索 in font nullfont!
Missing character: There is no 更 in font nullfont!
Missing character: There is no 具 in font nullfont!
Missing character: There is no 廣 in font nullfont!
Missing character: There is no 義 in font nullfont!
Missing character: There is no 性 in font nullfont!
Missing character: There is no 之 in font nullfont!
Missing character: There is no 反 in font nullfont!
Missing character: There is no 向 in font nullfont!
Missing character: There is no 設 in font nullfont!
Missing character: There is no 計 in font nullfont!
Missing character: There is no 方 in font nullfont!
Missing character: There is no 法 in font nullfont!
Missing character: There is no ， in font nullfont!
Missing character: There is no 相 in font nullfont!
Missing character: There is no 關 in font nullfont!
Missing character: There is no 內 in font nullfont!
Missing character: There is no 容 in font nullfont!
Missing character: There is no 將 in font nullfont!
Missing character: There is no 於 in font nullfont!
Missing character: There is no S in font nullfont!
Missing character: There is no e in font nullfont!
Missing character: There is no c in font nullfont!
Missing character: There is no t in font nullfont!
Missing character: There is no i in font nullfont!
Missing character: There is no o in font nullfont!
Missing character: There is no n in font nullfont!
Missing character: There is no 2 in font nullfont!
Missing character: There is no . in font nullfont!
Missing character: There is no 2 in font nullfont!
Missing character: There is no . in font nullfont!
Missing character: There is no 5 in font nullfont!
Missing character: There is no 中 in font nullfont!
Missing character: There is no 詳 in font nullfont!
Missing character: There is no 細 in font nullfont!
Missing character: There is no 論 in font nullfont!
Missing character: There is no 述 in font nullfont!
Missing character: There is no 。 in font nullfont!

Overfull \hbox (20.0pt too wide) in paragraph at lines 124--125
[]
 []

! Undefined control sequence.
l.126 \subsection
                 {Valley-controlled Chiral Photonics}
The control sequence at the end of the top line
of your error message was never \def'ed. If you have
misspelled it (e.g., `\hobx'), type `I' and the correct
spelling (e.g., `I\hbox'). Otherwise just continue,
and I'll forget about whatever was undefined.


! LaTeX Error: Missing \begin{document}.

See the LaTeX manual or LaTeX Companion for explanation.
Type  H <return>  for immediate help.
 ...                                              
                                                  
l.126 \subsection{V
                   alley-controlled Chiral Photonics}
You're in trouble here.  Try typing  <return>  to proceed.
If that doesn't work, type  X <return>  to quit.

Missing character: There is no V in font nullfont!
Missing character: There is no a in font nullfont!
Missing character: There is no l in font nullfont!
Missing character: There is no l in font nullfont!
Missing character: There is no e in font nullfont!
Missing character: There is no y in font nullfont!
Missing character: There is no - in font nullfont!
Missing character: There is no c in font nullfont!
Missing character: There is no o in font nullfont!
Missing character: There is no n in font nullfont!
Missing character: There is no t in font nullfont!
Missing character: There is no r in font nullfont!
Missing character: There is no o in font nullfont!
Missing character: There is no l in font nullfont!
Missing character: There is no l in font nullfont!
Missing character: There is no e in font nullfont!
Missing character: There is no d in font nullfont!
Missing character: There is no C in font nullfont!
Missing character: There is no h in font nullfont!
Missing character: There is no i in font nullfont!
Missing character: There is no r in font nullfont!
Missing character: There is no a in font nullfont!
Missing character: There is no l in font nullfont!
Missing character: There is no P in font nullfont!
Missing character: There is no h in font nullfont!
Missing character: There is no o in font nullfont!
Missing character: There is no t in font nullfont!
Missing character: There is no o in font nullfont!
Missing character: There is no n in font nullfont!
Missing character: There is no i in font nullfont!
Missing character: There is no c in font nullfont!
Missing character: There is no s in font nullfont!

Overfull \hbox (20.0pt too wide) in paragraph at lines 126--127
[]
 []


! LaTeX Error: Missing \begin{document}.

See the LaTeX manual or LaTeX Companion for explanation.
Type  H <return>  for immediate help.
 ...                                              
                                                  
l.131 單
       層過渡金屬硫屬化物 (Transition Metal Dichalcogenides, TMDs) 因空間反轉對稱性破缺與強自旋軌道耦合...

You're in trouble here.  Try typing  <return>  to proceed.
If that doesn't work, type  X <return>  to quit.

Missing character: There is no 單 in font nullfont!
Missing character: There is no 層 in font nullfont!
Missing character: There is no 過 in font nullfont!
Missing character: There is no 渡 in font nullfont!
Missing character: There is no 金 in font nullfont!
Missing character: There is no 屬 in font nullfont!
Missing character: There is no 硫 in font nullfont!
Missing character: There is no 屬 in font nullfont!
Missing character: There is no 化 in font nullfont!
Missing character: There is no 物 in font nullfont!
Missing character: There is no ( in font nullfont!
Missing character: There is no T in font nullfont!
Missing character: There is no r in font nullfont!
Missing character: There is no a in font nullfont!
Missing character: There is no n in font nullfont!
Missing character: There is no s in font nullfont!
Missing character: There is no i in font nullfont!
Missing character: There is no t in font nullfont!
Missing character: There is no i in font nullfont!
Missing character: There is no o in font nullfont!
Missing character: There is no n in font nullfont!
Missing character: There is no M in font nullfont!
Missing character: There is no e in font nullfont!
Missing character: There is no t in font nullfont!
Missing character: There is no a in font nullfont!
Missing character: There is no l in font nullfont!
Missing character: There is no D in font nullfont!
Missing character: There is no i in font nullfont!
Missing character: There is no c in font nullfont!
Missing character: There is no h in font nullfont!
Missing character: There is no a in font nullfont!
Missing character: There is no l in font nullfont!
Missing character: There is no c in font nullfont!
Missing character: There is no o in font nullfont!
Missing character: There is no g in font nullfont!
Missing character: There is no e in font nullfont!
Missing character: There is no n in font nullfont!
Missing character: There is no i in font nullfont!
Missing character: There is no d in font nullfont!
Missing character: There is no e in font nullfont!
Missing character: There is no s in font nullfont!
Missing character: There is no , in font nullfont!
Missing character: There is no T in font nullfont!
Missing character: There is no M in font nullfont!
Missing character: There is no D in font nullfont!
Missing character: There is no s in font nullfont!
Missing character: There is no ) in font nullfont!
Missing character: There is no 因 in font nullfont!
Missing character: There is no 空 in font nullfont!
Missing character: There is no 間 in font nullfont!
Missing character: There is no 反 in font nullfont!
Missing character: There is no 轉 in font nullfont!
Missing character: There is no 對 in font nullfont!
Missing character: There is no 稱 in font nullfont!
Missing character: There is no 性 in font nullfont!
Missing character: There is no 破 in font nullfont!
Missing character: There is no 缺 in font nullfont!
Missing character: There is no 與 in font nullfont!
Missing character: There is no 強 in font nullfont!
Missing character: There is no 自 in font nullfont!
Missing character: There is no 旋 in font nullfont!
Missing character: There is no 軌 in font nullfont!
Missing character: There is no 道 in font nullfont!
Missing character: There is no 耦 in font nullfont!
Missing character: There is no 合 in font nullfont!
Missing character: There is no 的 in font nullfont!
Missing character: There is no 協 in font nullfont!
Missing character: There is no 同 in font nullfont!
Missing character: There is no 作 in font nullfont!
Missing character: There is no 用 in font nullfont!
Missing character: There is no ， in font nullfont!
Missing character: There is no 催 in font nullfont!
Missing character: There is no 生 in font nullfont!
Missing character: There is no 了 in font nullfont!
Missing character: There is no 獨 in font nullfont!
Missing character: There is no 特 in font nullfont!
Missing character: There is no 的 in font nullfont!
Missing character: There is no 自 in font nullfont!
Missing character: There is no 旋 in font nullfont!
Missing character: There is no - in font nullfont!
Missing character: There is no 谷 in font nullfont!
Missing character: There is no 鎖 in font nullfont!
Missing character: There is no 定 in font nullfont!
Missing character: There is no 效 in font nullfont!
Missing character: There is no 應 in font nullfont!
Missing character: There is no [ in font nullfont!
\citation{xiao2012coupled}
! Undefined control sequence.
<write> ...: Citation `\@citeb ' on page \thepage 
                                                  \space undefined\on@line .^^J
l.131 ...同作用，催生了獨特的自旋-谷鎖定效應 \cite{xiao2012coupled}
                                                  。圓偏振光可選擇性調控電子的谷自由度，並能透過偏振解...
The control sequence at the end of the top line
of your error message was never \def'ed. If you have
misspelled it (e.g., `\hobx'), type `I' and the correct
spelling (e.g., `I\hbox'). Otherwise just continue,
and I'll forget about whatever was undefined.


LaTeX Warning: Citation `xiao2012coupled' on page  undefined on input line 131.


Missing character: There is no ] in font nullfont!
Missing character: There is no 。 in font nullfont!
Missing character: There is no 圓 in font nullfont!
Missing character: There is no 偏 in font nullfont!
Missing character: There is no 振 in font nullfont!
Missing character: There is no 光 in font nullfont!
Missing character: There is no 可 in font nullfont!
Missing character: There is no 選 in font nullfont!
Missing character: There is no 擇 in font nullfont!
Missing character: There is no 性 in font nullfont!
Missing character: There is no 調 in font nullfont!
Missing character: There is no 控 in font nullfont!
Missing character: There is no 電 in font nullfont!
Missing character: There is no 子 in font nullfont!
Missing character: There is no 的 in font nullfont!
Missing character: There is no 谷 in font nullfont!
Missing character: There is no 自 in font nullfont!
Missing character: There is no 由 in font nullfont!
Missing character: There is no 度 in font nullfont!
Missing character: There is no ， in font nullfont!
Missing character: There is no 並 in font nullfont!
Missing character: There is no 能 in font nullfont!
Missing character: There is no 透 in font nullfont!
Missing character: There is no 過 in font nullfont!
Missing character: There is no 偏 in font nullfont!
Missing character: There is no 振 in font nullfont!
Missing character: There is no 解 in font nullfont!
Missing character: There is no 析 in font nullfont!
Missing character: There is no 光 in font nullfont!
Missing character: There is no 致 in font nullfont!
Missing character: There is no 發 in font nullfont!
Missing character: There is no 光 in font nullfont!
Missing character: There is no 光 in font nullfont!
Missing character: There is no 譜 in font nullfont!
Missing character: There is no 進 in font nullfont!
Missing character: There is no 行 in font nullfont!
Missing character: There is no 高 in font nullfont!
Missing character: There is no 效 in font nullfont!
Missing character: There is no 的 in font nullfont!
Missing character: There is no 光 in font nullfont!
Missing character: There is no 學 in font nullfont!
Missing character: There is no 初 in font nullfont!
Missing character: There is no 始 in font nullfont!
Missing character: There is no 化 in font nullfont!
Missing character: There is no 與 in font nullfont!
Missing character: There is no 檢 in font nullfont!
Missing character: There is no 測 in font nullfont!
Missing character: There is no [ in font nullfont!
\citation{mak2012control}
! Undefined control sequence.
<write> ...: Citation `\@citeb ' on page \thepage 
                                                  \space undefined\on@line .^^J
l.131 ...ng2012valley, schaibley2016valleytronics}
                                                  。
The control sequence at the end of the top line
of your error message was never \def'ed. If you have
misspelled it (e.g., `\hobx'), type `I' and the correct
spelling (e.g., `I\hbox'). Otherwise just continue,
and I'll forget about whatever was undefined.


LaTeX Warning: Citation `mak2012control' on page  undefined on input line 131.

Missing character: There is no , in font nullfont!
\citation{zeng2012valley}
! Undefined control sequence.
<write> ...: Citation `\@citeb ' on page \thepage 
                                                  \space undefined\on@line .^^J
l.131 ...ng2012valley, schaibley2016valleytronics}
                                                  。
The control sequence at the end of the top line
of your error message was never \def'ed. If you have
misspelled it (e.g., `\hobx'), type `I' and the correct
spelling (e.g., `I\hbox'). Otherwise just continue,
and I'll forget about whatever was undefined.


LaTeX Warning: Citation `zeng2012valley' on page  undefined on input line 131.

Missing character: There is no , in font nullfont!
\citation{schaibley2016valleytronics}
! Undefined control sequence.
<write> ...: Citation `\@citeb ' on page \thepage 
                                                  \space undefined\on@line .^^J
l.131 ...ng2012valley, schaibley2016valleytronics}
                                                  。
The control sequence at the end of the top line
of your error message was never \def'ed. If you have
misspelled it (e.g., `\hobx'), type `I' and the correct
spelling (e.g., `I\hbox'). Otherwise just continue,
and I'll forget about whatever was undefined.


LaTeX Warning: Citation `schaibley2016valleytronics' on page  undefined on inpu
t line 131.

Missing character: There is no ] in font nullfont!
Missing character: There is no 。 in font nullfont!

Overfull \hbox (20.0pt too wide) in paragraph at lines 131--132
[]
 []


Overfull \hbox (5.43pt too wide) in paragraph at lines 131--132
[]
 []


Overfull \hbox (5.43pt too wide) in paragraph at lines 131--132
[]
 []


Overfull \hbox (5.43pt too wide) in paragraph at lines 131--132
[]
 []


Overfull \hbox (5.43pt too wide) in paragraph at lines 131--132
[] 
 []


! LaTeX Error: Missing \begin{document}.

See the LaTeX manual or LaTeX Companion for explanation.
Type  H <return>  for immediate help.
 ...                                              
                                                  
l.133 然
       而，單層 TMDs 中的激子壽命與谷極化壽命通常極短（僅約數個皮秒），這極大地限制了谷資訊的邏輯運算與在晶片上的長距離空間傳輸 \cite...

You're in trouble here.  Try typing  <return>  to proceed.
If that doesn't work, type  X <return>  to quit.

Missing character: There is no 然 in font nullfont!
Missing character: There is no 而 in font nullfont!
Missing character: There is no ， in font nullfont!
Missing character: There is no 單 in font nullfont!
Missing character: There is no 層 in font nullfont!
Missing character: There is no T in font nullfont!
Missing character: There is no M in font nullfont!
Missing character: There is no D in font nullfont!
Missing character: There is no s in font nullfont!
Missing character: There is no 中 in font nullfont!
Missing character: There is no 的 in font nullfont!
Missing character: There is no 激 in font nullfont!
Missing character: There is no 子 in font nullfont!
Missing character: There is no 壽 in font nullfont!
Missing character: There is no 命 in font nullfont!
Missing character: There is no 與 in font nullfont!
Missing character: There is no 谷 in font nullfont!
Missing character: There is no 極 in font nullfont!
Missing character: There is no 化 in font nullfont!
Missing character: There is no 壽 in font nullfont!
Missing character: There is no 命 in font nullfont!
Missing character: There is no 通 in font nullfont!
Missing character: There is no 常 in font nullfont!
Missing character: There is no 極 in font nullfont!
Missing character: There is no 短 in font nullfont!
Missing character: There is no （ in font nullfont!
Missing character: There is no 僅 in font nullfont!
Missing character: There is no 約 in font nullfont!
Missing character: There is no 數 in font nullfont!
Missing character: There is no 個 in font nullfont!
Missing character: There is no 皮 in font nullfont!
Missing character: There is no 秒 in font nullfont!
Missing character: There is no ） in font nullfont!
Missing character: There is no ， in font nullfont!
Missing character: There is no 這 in font nullfont!
Missing character: There is no 極 in font nullfont!
Missing character: There is no 大 in font nullfont!
Missing character: There is no 地 in font nullfont!
Missing character: There is no 限 in font nullfont!
Missing character: There is no 制 in font nullfont!
Missing character: There is no 了 in font nullfont!
Missing character: There is no 谷 in font nullfont!
Missing character: There is no 資 in font nullfont!
Missing character: There is no 訊 in font nullfont!
Missing character: There is no 的 in font nullfont!
Missing character: There is no 邏 in font nullfont!
Missing character: There is no 輯 in font nullfont!
Missing character: There is no 運 in font nullfont!
Missing character: There is no 算 in font nullfont!
Missing character: There is no 與 in font nullfont!
Missing character: There is no 在 in font nullfont!
Missing character: There is no 晶 in font nullfont!
Missing character: There is no 片 in font nullfont!
Missing character: There is no 上 in font nullfont!
Missing character: There is no 的 in font nullfont!
Missing character: There is no 長 in font nullfont!
Missing character: There is no 距 in font nullfont!
Missing character: There is no 離 in font nullfont!
Missing character: There is no 空 in font nullfont!
Missing character: There is no 間 in font nullfont!
Missing character: There is no 傳 in font nullfont!
Missing character: There is no 輸 in font nullfont!
Missing character: There is no [ in font nullfont!
\citation{schaibley2016valleytronics}
! Undefined control sequence.
<write> ...: Citation `\@citeb ' on page \thepage 
                                                  \space undefined\on@line .^^J
l.133 ...bley2016valleytronics, gong2018nanoscale}
                                                  。為了克服此關鍵退相干與損耗瓶頸，學界主要沿著兩條互...
The control sequence at the end of the top line
of your error message was never \def'ed. If you have
misspelled it (e.g., `\hobx'), type `I' and the correct
spelling (e.g., `I\hbox'). Otherwise just continue,
and I'll forget about whatever was undefined.


LaTeX Warning: Citation `schaibley2016valleytronics' on page  undefined on inpu
t line 133.

Missing character: There is no , in font nullfont!
\citation{gong2018nanoscale}
! Undefined control sequence.
<write> ...: Citation `\@citeb ' on page \thepage 
                                                  \space undefined\on@line .^^J
l.133 ...bley2016valleytronics, gong2018nanoscale}
                                                  。為了克服此關鍵退相干與損耗瓶頸，學界主要沿著兩條互...
The control sequence at the end of the top line
of your error message was never \def'ed. If you have
misspelled it (e.g., `\hobx'), type `I' and the correct
spelling (e.g., `I\hbox'). Otherwise just continue,
and I'll forget about whatever was undefined.


LaTeX Warning: Citation `gong2018nanoscale' on page  undefined on input line 13
3.

Missing character: There is no ] in font nullfont!
Missing character: There is no 。 in font nullfont!
Missing character: There is no 為 in font nullfont!
Missing character: There is no 了 in font nullfont!
Missing character: There is no 克 in font nullfont!
Missing character: There is no 服 in font nullfont!
Missing character: There is no 此 in font nullfont!
Missing character: There is no 關 in font nullfont!
Missing character: There is no 鍵 in font nullfont!
Missing character: There is no 退 in font nullfont!
Missing character: There is no 相 in font nullfont!
Missing character: There is no 干 in font nullfont!
Missing character: There is no 與 in font nullfont!
Missing character: There is no 損 in font nullfont!
Missing character: There is no 耗 in font nullfont!
Missing character: There is no 瓶 in font nullfont!
Missing character: There is no 頸 in font nullfont!
Missing character: There is no ， in font nullfont!
Missing character: There is no 學 in font nullfont!
Missing character: There is no 界 in font nullfont!
Missing character: There is no 主 in font nullfont!
Missing character: There is no 要 in font nullfont!
Missing character: There is no 沿 in font nullfont!
Missing character: There is no 著 in font nullfont!
Missing character: There is no 兩 in font nullfont!
Missing character: There is no 條 in font nullfont!
Missing character: There is no 互 in font nullfont!
Missing character: There is no 補 in font nullfont!
Missing character: There is no 的 in font nullfont!
Missing character: There is no 技 in font nullfont!
Missing character: There is no 術 in font nullfont!
Missing character: There is no 路 in font nullfont!
Missing character: There is no 徑 in font nullfont!
Missing character: There is no 展 in font nullfont!
Missing character: There is no 開 in font nullfont!
Missing character: There is no 探 in font nullfont!
Missing character: There is no 索 in font nullfont!
Missing character: There is no ： in font nullfont!
Missing character: There is no 一 in font nullfont!
Missing character: There is no 是 in font nullfont!
Missing character: There is no 聚 in font nullfont!
Missing character: There is no 焦 in font nullfont!
Missing character: There is no 於 in font nullfont!
Missing character: There is no 利 in font nullfont!
Missing character: There is no 用 in font nullfont!
Missing character: There is no 微 in font nullfont!
Missing character: There is no 奈 in font nullfont!
Missing character: There is no 米 in font nullfont!
Missing character: There is no 光 in font nullfont!
Missing character: There is no 學 in font nullfont!
Missing character: There is no 共 in font nullfont!
Missing character: There is no 振 in font nullfont!
Missing character: There is no 腔 in font nullfont!
Missing character: There is no 的 in font nullfont!
Missing character: There is no P in font nullfont!
Missing character: There is no u in font nullfont!
Missing character: There is no r in font nullfont!
Missing character: There is no c in font nullfont!
Missing character: There is no e in font nullfont!
Missing character: There is no l in font nullfont!
Missing character: There is no l in font nullfont!
Missing character: There is no 效 in font nullfont!
Missing character: There is no 應 in font nullfont!
Missing character: There is no 提 in font nullfont!
Missing character: There is no 高 in font nullfont!
Missing character: There is no 局 in font nullfont!
Missing character: There is no 域 in font nullfont!
Missing character: There is no 光 in font nullfont!
Missing character: There is no 子 in font nullfont!
Missing character: There is no 態 in font nullfont!
Missing character: There is no 密 in font nullfont!
Missing character: There is no 度 in font nullfont!
Missing character: There is no ( in font nullfont!
Missing character: There is no L in font nullfont!
Missing character: There is no D in font nullfont!
Missing character: There is no O in font nullfont!
Missing character: There is no S in font nullfont!
Missing character: There is no ) in font nullfont!
Missing character: There is no ， in font nullfont!
Missing character: There is no 以 in font nullfont!
Missing character: There is no 加 in font nullfont!
Missing character: There is no 速 in font nullfont!
Missing character: There is no 單 in font nullfont!
Missing character: There is no 層 in font nullfont!
Missing character: There is no T in font nullfont!
Missing character: There is no M in font nullfont!
Missing character: There is no D in font nullfont!
Missing character: There is no s in font nullfont!
Missing character: There is no 的 in font nullfont!
Missing character: There is no 激 in font nullfont!
Missing character: There is no 子 in font nullfont!
Missing character: There is no 自 in font nullfont!
Missing character: There is no 發 in font nullfont!
Missing character: There is no 輻 in font nullfont!
Missing character: There is no 射 in font nullfont!
Missing character: There is no 速 in font nullfont!
Missing character: There is no 率 in font nullfont!
Missing character: There is no 並 in font nullfont!
Missing character: There is no 提 in font nullfont!
Missing character: There is no 升 in font nullfont!
Missing character: There is no 其 in font nullfont!
Missing character: There is no 發 in font nullfont!
Missing character: There is no 光 in font nullfont!
Missing character: There is no 效 in font nullfont!
Missing character: There is no 率 in font nullfont!
Missing character: There is no [ in font nullfont!
\citation{mak2016photonics}
! Undefined control sequence.
<write> ...: Citation `\@citeb ' on page \thepage 
                                                  \space undefined\on@line .^^J
l.133 ...ite{mak2016photonics, gan2013controlling}
                                                  ；然而，傳統微腔往往缺乏手性選擇性，無法主動維持或操...
The control sequence at the end of the top line
of your error message was never \def'ed. If you have
misspelled it (e.g., `\hobx'), type `I' and the correct
spelling (e.g., `I\hbox'). Otherwise just continue,
and I'll forget about whatever was undefined.


LaTeX Warning: Citation `mak2016photonics' on page  undefined on input line 133
.

Missing character: There is no , in font nullfont!
\citation{gan2013controlling}
! Undefined control sequence.
<write> ...: Citation `\@citeb ' on page \thepage 
                                                  \space undefined\on@line .^^J
l.133 ...ite{mak2016photonics, gan2013controlling}
                                                  ；然而，傳統微腔往往缺乏手性選擇性，無法主動維持或操...
The control sequence at the end of the top line
of your error message was never \def'ed. If you have
misspelled it (e.g., `\hobx'), type `I' and the correct
spelling (e.g., `I\hbox'). Otherwise just continue,
and I'll forget about whatever was undefined.


LaTeX Warning: Citation `gan2013controlling' on page  undefined on input line 1
33.

Missing character: There is no ] in font nullfont!
Missing character: There is no ； in font nullfont!
Missing character: There is no 然 in font nullfont!
Missing character: There is no 而 in font nullfont!
Missing character: There is no ， in font nullfont!
Missing character: There is no 傳 in font nullfont!
Missing character: There is no 統 in font nullfont!
Missing character: There is no 微 in font nullfont!
Missing character: There is no 腔 in font nullfont!
Missing character: There is no 往 in font nullfont!
Missing character: There is no 往 in font nullfont!
Missing character: There is no 缺 in font nullfont!
Missing character: There is no 乏 in font nullfont!
Missing character: There is no 手 in font nullfont!
Missing character: There is no 性 in font nullfont!
Missing character: There is no 選 in font nullfont!
Missing character: There is no 擇 in font nullfont!
Missing character: There is no 性 in font nullfont!
Missing character: There is no ， in font nullfont!
Missing character: There is no 無 in font nullfont!
Missing character: There is no 法 in font nullfont!
Missing character: There is no 主 in font nullfont!
Missing character: There is no 動 in font nullfont!
Missing character: There is no 維 in font nullfont!
Missing character: There is no 持 in font nullfont!
Missing character: There is no 或 in font nullfont!
Missing character: There is no 操 in font nullfont!
Missing character: There is no 縱 in font nullfont!
Missing character: There is no 激 in font nullfont!
Missing character: There is no 子 in font nullfont!
Missing character: There is no 的 in font nullfont!
Missing character: There is no 谷 in font nullfont!
Missing character: There is no 極 in font nullfont!
Missing character: There is no 化 in font nullfont!
Missing character: There is no 特 in font nullfont!
Missing character: There is no 徵 in font nullfont!
Missing character: There is no [ in font nullfont!
\citation{mak2016photonics}
! Undefined control sequence.
<write> ...: Citation `\@citeb ' on page \thepage 
                                                  \space undefined\on@line .^^J
l.133 ...無法主動維持或操縱激子的谷極化特徵 \cite{mak2016photonics}
                                                  。另一條更具針對性的路徑，則是利用二維材料固有的谷選...
The control sequence at the end of the top line
of your error message was never \def'ed. If you have
misspelled it (e.g., `\hobx'), type `I' and the correct
spelling (e.g., `I\hbox'). Otherwise just continue,
and I'll forget about whatever was undefined.


LaTeX Warning: Citation `mak2016photonics' on page  undefined on input line 133
.

Missing character: There is no ] in font nullfont!
Missing character: There is no 。 in font nullfont!
Missing character: There is no 另 in font nullfont!
Missing character: There is no 一 in font nullfont!
Missing character: There is no 條 in font nullfont!
Missing character: There is no 更 in font nullfont!
Missing character: There is no 具 in font nullfont!
Missing character: There is no 針 in font nullfont!
Missing character: There is no 對 in font nullfont!
Missing character: There is no 性 in font nullfont!
Missing character: There is no 的 in font nullfont!
Missing character: There is no 路 in font nullfont!
Missing character: There is no 徑 in font nullfont!
Missing character: There is no ， in font nullfont!
Missing character: There is no 則 in font nullfont!
Missing character: There is no 是 in font nullfont!
Missing character: There is no 利 in font nullfont!
Missing character: There is no 用 in font nullfont!
Missing character: There is no 二 in font nullfont!
Missing character: There is no 維 in font nullfont!
Missing character: There is no 材 in font nullfont!
Missing character: There is no 料 in font nullfont!
Missing character: There is no 固 in font nullfont!
Missing character: There is no 有 in font nullfont!
Missing character: There is no 的 in font nullfont!
Missing character: There is no 谷 in font nullfont!
Missing character: There is no 選 in font nullfont!
Missing character: There is no 擇 in font nullfont!
Missing character: There is no 性 in font nullfont!
Missing character: There is no 圓 in font nullfont!
Missing character: There is no 偏 in font nullfont!
Missing character: There is no 振 in font nullfont!
Missing character: There is no 光 in font nullfont!
Missing character: There is no 學 in font nullfont!
Missing character: There is no 躍 in font nullfont!
Missing character: There is no 遷 in font nullfont!
Missing character: There is no 定 in font nullfont!
Missing character: There is no 則 in font nullfont!
Missing character: There is no [ in font nullfont!
\citation{xiao2012coupled}
! Undefined control sequence.
<write> ...: Citation `\@citeb ' on page \thepage 
                                                  \space undefined\on@line .^^J
l.133 ...材料固有的谷選擇性圓偏振光學躍遷定則 \cite{xiao2012coupled}
                                                  ，將其與具備光學自旋-動量鎖定特性的一維導波結構進行...
The control sequence at the end of the top line
of your error message was never \def'ed. If you have
misspelled it (e.g., `\hobx'), type `I' and the correct
spelling (e.g., `I\hbox'). Otherwise just continue,
and I'll forget about whatever was undefined.


LaTeX Warning: Citation `xiao2012coupled' on page  undefined on input line 133.


Missing character: There is no ] in font nullfont!
Missing character: There is no ， in font nullfont!
Missing character: There is no 將 in font nullfont!
Missing character: There is no 其 in font nullfont!
Missing character: There is no 與 in font nullfont!
Missing character: There is no 具 in font nullfont!
Missing character: There is no 備 in font nullfont!
Missing character: There is no 光 in font nullfont!
Missing character: There is no 學 in font nullfont!
Missing character: There is no 自 in font nullfont!
Missing character: There is no 旋 in font nullfont!
Missing character: There is no - in font nullfont!
Missing character: There is no 動 in font nullfont!
Missing character: There is no 量 in font nullfont!
Missing character: There is no 鎖 in font nullfont!
Missing character: There is no 定 in font nullfont!
Missing character: There is no 特 in font nullfont!
Missing character: There is no 性 in font nullfont!
Missing character: There is no 的 in font nullfont!
Missing character: There is no 一 in font nullfont!
Missing character: There is no 維 in font nullfont!
Missing character: There is no 導 in font nullfont!
Missing character: There is no 波 in font nullfont!
Missing character: There is no 結 in font nullfont!
Missing character: There is no 構 in font nullfont!
Missing character: There is no 進 in font nullfont!
Missing character: There is no 行 in font nullfont!
Missing character: There is no 近 in font nullfont!
Missing character: There is no 場 in font nullfont!
Missing character: There is no 耦 in font nullfont!
Missing character: There is no 合 in font nullfont!
Missing character: There is no ， in font nullfont!
Missing character: There is no 從 in font nullfont!
Missing character: There is no 而 in font nullfont!
Missing character: There is no 建 in font nullfont!
Missing character: There is no 立 in font nullfont!
Missing character: There is no 奈 in font nullfont!
Missing character: There is no 米 in font nullfont!
Missing character: There is no 尺 in font nullfont!
Missing character: There is no 度 in font nullfont!
Missing character: There is no 下 in font nullfont!
Missing character: There is no 的 in font nullfont!
Missing character: There is no 手 in font nullfont!
Missing character: There is no 性 in font nullfont!
Missing character: There is no 谷 in font nullfont!
Missing character: There is no - in font nullfont!
Missing character: There is no 光 in font nullfont!
Missing character: There is no 子 in font nullfont!
Missing character: There is no 介 in font nullfont!
Missing character: There is no 面 in font nullfont!
Missing character: There is no ， in font nullfont!
Missing character: There is no 實 in font nullfont!
Missing character: There is no 現 in font nullfont!
Missing character: There is no 谷 in font nullfont!
Missing character: There is no 極 in font nullfont!
Missing character: There is no 化 in font nullfont!
Missing character: There is no 資 in font nullfont!
Missing character: There is no 訊 in font nullfont!
Missing character: There is no 的 in font nullfont!
Missing character: There is no 定 in font nullfont!
Missing character: There is no 向 in font nullfont!
Missing character: There is no 提 in font nullfont!
Missing character: There is no 取 in font nullfont!
Missing character: There is no 與 in font nullfont!
Missing character: There is no 晶 in font nullfont!
Missing character: There is no 片 in font nullfont!
Missing character: There is no 上 in font nullfont!
Missing character: There is no 傳 in font nullfont!
Missing character: There is no 輸 in font nullfont!
Missing character: There is no 。 in font nullfont!

Overfull \hbox (20.0pt too wide) in paragraph at lines 133--134
[]
 []


Overfull \hbox (5.43pt too wide) in paragraph at lines 133--134
[]
 []


Overfull \hbox (5.43pt too wide) in paragraph at lines 133--134
[]
 []


Overfull \hbox (5.43pt too wide) in paragraph at lines 133--134
[]
 []


Overfull \hbox (5.43pt too wide) in paragraph at lines 133--134
[]
 []


Overfull \hbox (5.43pt too wide) in paragraph at lines 133--134
[]
 []


Overfull \hbox (5.43pt too wide) in paragraph at lines 133--134
[] 
 []


! LaTeX Error: Missing \begin{document}.

See the LaTeX manual or LaTeX Companion for explanation.
Type  H <return>  for immediate help.
 ...                                              
                                                  
l.138 其
       中最具代表性的是Gong 等人於2018年的研究 \cite{gong2018nanoscale}。在具體實作上，該研究將少層 $\tex...

You're in trouble here.  Try typing  <return>  to proceed.
If that doesn't work, type  X <return>  to quit.

Missing character: There is no 其 in font nullfont!
Missing character: There is no 中 in font nullfont!
Missing character: There is no 最 in font nullfont!
Missing character: There is no 具 in font nullfont!
Missing character: There is no 代 in font nullfont!
Missing character: There is no 表 in font nullfont!
Missing character: There is no 性 in font nullfont!
Missing character: There is no 的 in font nullfont!
Missing character: There is no 是 in font nullfont!
Missing character: There is no G in font nullfont!
Missing character: There is no o in font nullfont!
Missing character: There is no n in font nullfont!
Missing character: There is no g in font nullfont!
Missing character: There is no 等 in font nullfont!
Missing character: There is no 人 in font nullfont!
Missing character: There is no 於 in font nullfont!
Missing character: There is no 2 in font nullfont!
Missing character: There is no 0 in font nullfont!
Missing character: There is no 1 in font nullfont!
Missing character: There is no 8 in font nullfont!
Missing character: There is no 年 in font nullfont!
Missing character: There is no 的 in font nullfont!
Missing character: There is no 研 in font nullfont!
Missing character: There is no 究 in font nullfont!
Missing character: There is no [ in font nullfont!
\citation{gong2018nanoscale}
! Undefined control sequence.
<write> ...: Citation `\@citeb ' on page \thepage 
                                                  \space undefined\on@line .^^J
l.138 ...Gong 等人於2018年的研究 \cite{gong2018nanoscale}
                                                  。在具體實作上，該研究將少層 $\text{WS}2...
The control sequence at the end of the top line
of your error message was never \def'ed. If you have
misspelled it (e.g., `\hobx'), type `I' and the correct
spelling (e.g., `I\hbox'). Otherwise just continue,
and I'll forget about whatever was undefined.


LaTeX Warning: Citation `gong2018nanoscale' on page  undefined on input line 13
8.

Missing character: There is no ] in font nullfont!
Missing character: There is no 。 in font nullfont!
Missing character: There is no 在 in font nullfont!
Missing character: There is no 具 in font nullfont!
Missing character: There is no 體 in font nullfont!
Missing character: There is no 實 in font nullfont!
Missing character: There is no 作 in font nullfont!
Missing character: There is no 上 in font nullfont!
Missing character: There is no ， in font nullfont!
Missing character: There is no 該 in font nullfont!
Missing character: There is no 研 in font nullfont!
Missing character: There is no 究 in font nullfont!
Missing character: There is no 將 in font nullfont!
Missing character: There is no 少 in font nullfont!
Missing character: There is no 層 in font nullfont!
! Undefined control sequence.
<recently read> \text 
                      
l.138 ...e{gong2018nanoscale}。在具體實作上，該研究將少層 $\text
                                                  {WS}2$ 與單根銀奈米線近場耦合。利用表面電漿子...
The control sequence at the end of the top line
of your error message was never \def'ed. If you have
misspelled it (e.g., `\hobx'), type `I' and the correct
spelling (e.g., `I\hbox'). Otherwise just continue,
and I'll forget about whatever was undefined.

Missing character: There is no 與 in font nullfont!
Missing character: There is no 單 in font nullfont!
Missing character: There is no 根 in font nullfont!
Missing character: There is no 銀 in font nullfont!
Missing character: There is no 奈 in font nullfont!
Missing character: There is no 米 in font nullfont!
Missing character: There is no 線 in font nullfont!
Missing character: There is no 近 in font nullfont!
Missing character: There is no 場 in font nullfont!
Missing character: There is no 耦 in font nullfont!
Missing character: There is no 合 in font nullfont!
Missing character: There is no 。 in font nullfont!
Missing character: There is no 利 in font nullfont!
Missing character: There is no 用 in font nullfont!
Missing character: There is no 表 in font nullfont!
Missing character: There is no 面 in font nullfont!
Missing character: There is no 電 in font nullfont!
Missing character: There is no 漿 in font nullfont!
Missing character: There is no 子 in font nullfont!
Missing character: There is no 極 in font nullfont!
Missing character: There is no 化 in font nullfont!
Missing character: There is no 子 in font nullfont!
Missing character: There is no ( in font nullfont!
Missing character: There is no S in font nullfont!
Missing character: There is no P in font nullfont!
Missing character: There is no P in font nullfont!
Missing character: There is no s in font nullfont!
Missing character: There is no ) in font nullfont!
Missing character: There is no 波 in font nullfont!
Missing character: There is no 導 in font nullfont!
Missing character: There is no 模 in font nullfont!
Missing character: There is no 態 in font nullfont!
Missing character: There is no 因 in font nullfont!
Missing character: There is no 光 in font nullfont!
Missing character: There is no 學 in font nullfont!
Missing character: There is no 自 in font nullfont!
Missing character: There is no 旋 in font nullfont!
Missing character: There is no 軌 in font nullfont!
Missing character: There is no 道 in font nullfont!
Missing character: There is no 耦 in font nullfont!
Missing character: There is no 合 in font nullfont!
Missing character: There is no 所 in font nullfont!
Missing character: There is no 攜 in font nullfont!
Missing character: There is no 帶 in font nullfont!
Missing character: There is no 的 in font nullfont!
Missing character: There is no 本 in font nullfont!
Missing character: There is no 徵 in font nullfont!
Missing character: There is no 橫 in font nullfont!
Missing character: There is no 向 in font nullfont!
Missing character: There is no 光 in font nullfont!
Missing character: There is no 學 in font nullfont!
Missing character: There is no 自 in font nullfont!
Missing character: There is no 旋 in font nullfont!
Missing character: There is no 角 in font nullfont!
Missing character: There is no 動 in font nullfont!
Missing character: There is no 量 in font nullfont!
Missing character: There is no ( in font nullfont!
Missing character: There is no t in font nullfont!
Missing character: There is no - in font nullfont!
Missing character: There is no O in font nullfont!
Missing character: There is no S in font nullfont!
Missing character: There is no A in font nullfont!
Missing character: There is no M in font nullfont!
Missing character: There is no ) in font nullfont!
Missing character: There is no ， in font nullfont!
Missing character: There is no 達 in font nullfont!
Missing character: There is no 成 in font nullfont!
Missing character: There is no 光 in font nullfont!
Missing character: There is no 學 in font nullfont!
Missing character: There is no 自 in font nullfont!
Missing character: There is no 旋 in font nullfont!
Missing character: There is no - in font nullfont!
Missing character: There is no 動 in font nullfont!
Missing character: There is no 量 in font nullfont!
Missing character: There is no 鎖 in font nullfont!
Missing character: There is no 定 in font nullfont!
Missing character: There is no ， in font nullfont!
Missing character: There is no 從 in font nullfont!
Missing character: There is no 而 in font nullfont!
Missing character: There is no 將 in font nullfont!
Missing character: There is no 少 in font nullfont!
Missing character: There is no 層 in font nullfont!
Missing character: There is no 材 in font nullfont!
Missing character: There is no 料 in font nullfont!
Missing character: There is no 中 in font nullfont!
Missing character: There is no 谷 in font nullfont!
Missing character: There is no 選 in font nullfont!
Missing character: There is no 擇 in font nullfont!
Missing character: There is no 性 in font nullfont!
Missing character: There is no 激 in font nullfont!
Missing character: There is no 發 in font nullfont!
Missing character: There is no 的 in font nullfont!
Missing character: There is no 近 in font nullfont!
Missing character: There is no 場 in font nullfont!
Missing character: There is no 圓 in font nullfont!
Missing character: There is no 偏 in font nullfont!
Missing character: There is no 振 in font nullfont!
Missing character: There is no 偶 in font nullfont!
Missing character: There is no 極 in font nullfont!
Missing character: There is no 發 in font nullfont!
Missing character: There is no 光 in font nullfont!
Missing character: There is no ， in font nullfont!
Missing character: There is no 高 in font nullfont!
Missing character: There is no 效 in font nullfont!
Missing character: There is no 率 in font nullfont!
Missing character: There is no 地 in font nullfont!
Missing character: There is no 轉 in font nullfont!
Missing character: There is no 化 in font nullfont!
Missing character: There is no 為 in font nullfont!
Missing character: There is no 該 in font nullfont!
Missing character: There is no 模 in font nullfont!
Missing character: There is no 態 in font nullfont!
Missing character: There is no 的 in font nullfont!
Missing character: There is no 單 in font nullfont!
Missing character: There is no 向 in font nullfont!
Missing character: There is no 定 in font nullfont!
Missing character: There is no 向 in font nullfont!
Missing character: There is no 傳 in font nullfont!
Missing character: There is no 輸 in font nullfont!
Missing character: There is no ， in font nullfont!
Missing character: There is no 其 in font nullfont!
Missing character: There is no 定 in font nullfont!
Missing character: There is no 向 in font nullfont!
Missing character: There is no 耦 in font nullfont!
Missing character: There is no 合 in font nullfont!
Missing character: There is no 效 in font nullfont!
Missing character: There is no 率 in font nullfont!
Missing character: There is no 高 in font nullfont!
Missing character: There is no 達 in font nullfont!
Missing character: There is no 。 in font nullfont!
Missing character: There is no 此 in font nullfont!
Missing character: There is no 工 in font nullfont!
Missing character: There is no 作 in font nullfont!
Missing character: There is no 成 in font nullfont!
Missing character: There is no 功 in font nullfont!
Missing character: There is no 建 in font nullfont!
Missing character: There is no 立 in font nullfont!
Missing character: There is no 了 in font nullfont!
Missing character: There is no 奈 in font nullfont!
Missing character: There is no 米 in font nullfont!
Missing character: There is no 尺 in font nullfont!
Missing character: There is no 度 in font nullfont!
Missing character: There is no 下 in font nullfont!
Missing character: There is no 的 in font nullfont!
Missing character: There is no 手 in font nullfont!
Missing character: There is no 性 in font nullfont!
Missing character: There is no 谷 in font nullfont!
Missing character: There is no - in font nullfont!
Missing character: There is no 光 in font nullfont!
Missing character: There is no 子 in font nullfont!
Missing character: There is no 介 in font nullfont!
Missing character: There is no 面 in font nullfont!
Missing character: There is no ， in font nullfont!
Missing character: There is no 也 in font nullfont!
Missing character: There is no 證 in font nullfont!
Missing character: There is no 實 in font nullfont!
Missing character: There is no 了 in font nullfont!
Missing character: There is no 在 in font nullfont!
Missing character: There is no 室 in font nullfont!
Missing character: There is no 溫 in font nullfont!
Missing character: There is no 下 in font nullfont!
Missing character: There is no 進 in font nullfont!
Missing character: There is no 行 in font nullfont!
Missing character: There is no 谷 in font nullfont!
Missing character: There is no 資 in font nullfont!
Missing character: There is no 訊 in font nullfont!
Missing character: There is no 面 in font nullfont!
Missing character: There is no 內 in font nullfont!
Missing character: There is no 傳 in font nullfont!
Missing character: There is no 輸 in font nullfont!
Missing character: There is no 的 in font nullfont!
Missing character: There is no 可 in font nullfont!
Missing character: There is no 行 in font nullfont!
Missing character: There is no 性 in font nullfont!
Missing character: There is no 。 in font nullfont!

Overfull \hbox (20.0pt too wide) in paragraph at lines 138--139
[]
 []


Overfull \hbox (5.43pt too wide) in paragraph at lines 138--139
[]
 []


Overfull \hbox (22.54167pt too wide) in paragraph at lines 138--139
[]\OT1/cmr/m/n/10 2$
 []


Overfull \hbox (17.77783pt too wide) in paragraph at lines 138--139
\OT1/cmr/m/n/10 90 \OMS/cmsy/m/n/10 ^^F
 []


Overfull \hbox (13.33337pt too wide) in paragraph at lines 138--139
\OT1/cmr/m/n/10 1%$ 
 []


! LaTeX Error: Missing \begin{document}.

See the LaTeX manual or LaTeX Companion for explanation.
Type  H <return>  for immediate help.
 ...                                              
                                                  
l.143 儘
       管金屬導波結構能藉由電磁場的強局域化實現極高耦合效率，但金屬本徵的高歐姆損耗（Ohmic Loss）卻嚴重限制了谷資訊的實際傳輸距離。為了...

You're in trouble here.  Try typing  <return>  to proceed.
If that doesn't work, type  X <return>  to quit.

Missing character: There is no 儘 in font nullfont!
Missing character: There is no 管 in font nullfont!
Missing character: There is no 金 in font nullfont!
Missing character: There is no 屬 in font nullfont!
Missing character: There is no 導 in font nullfont!
Missing character: There is no 波 in font nullfont!
Missing character: There is no 結 in font nullfont!
Missing character: There is no 構 in font nullfont!
Missing character: There is no 能 in font nullfont!
Missing character: There is no 藉 in font nullfont!
Missing character: There is no 由 in font nullfont!
Missing character: There is no 電 in font nullfont!
Missing character: There is no 磁 in font nullfont!
Missing character: There is no 場 in font nullfont!
Missing character: There is no 的 in font nullfont!
Missing character: There is no 強 in font nullfont!
Missing character: There is no 局 in font nullfont!
Missing character: There is no 域 in font nullfont!
Missing character: There is no 化 in font nullfont!
Missing character: There is no 實 in font nullfont!
Missing character: There is no 現 in font nullfont!
Missing character: There is no 極 in font nullfont!
Missing character: There is no 高 in font nullfont!
Missing character: There is no 耦 in font nullfont!
Missing character: There is no 合 in font nullfont!
Missing character: There is no 效 in font nullfont!
Missing character: There is no 率 in font nullfont!
Missing character: There is no ， in font nullfont!
Missing character: There is no 但 in font nullfont!
Missing character: There is no 金 in font nullfont!
Missing character: There is no 屬 in font nullfont!
Missing character: There is no 本 in font nullfont!
Missing character: There is no 徵 in font nullfont!
Missing character: There is no 的 in font nullfont!
Missing character: There is no 高 in font nullfont!
Missing character: There is no 歐 in font nullfont!
Missing character: There is no 姆 in font nullfont!
Missing character: There is no 損 in font nullfont!
Missing character: There is no 耗 in font nullfont!
Missing character: There is no （ in font nullfont!
Missing character: There is no O in font nullfont!
Missing character: There is no h in font nullfont!
Missing character: There is no m in font nullfont!
Missing character: There is no i in font nullfont!
Missing character: There is no c in font nullfont!
Missing character: There is no L in font nullfont!
Missing character: There is no o in font nullfont!
Missing character: There is no s in font nullfont!
Missing character: There is no s in font nullfont!
Missing character: There is no ） in font nullfont!
Missing character: There is no 卻 in font nullfont!
Missing character: There is no 嚴 in font nullfont!
Missing character: There is no 重 in font nullfont!
Missing character: There is no 限 in font nullfont!
Missing character: There is no 制 in font nullfont!
Missing character: There is no 了 in font nullfont!
Missing character: There is no 谷 in font nullfont!
Missing character: There is no 資 in font nullfont!
Missing character: There is no 訊 in font nullfont!
Missing character: There is no 的 in font nullfont!
Missing character: There is no 實 in font nullfont!
Missing character: There is no 際 in font nullfont!
Missing character: There is no 傳 in font nullfont!
Missing character: There is no 輸 in font nullfont!
Missing character: There is no 距 in font nullfont!
Missing character: There is no 離 in font nullfont!
Missing character: There is no 。 in font nullfont!
Missing character: There is no 為 in font nullfont!
Missing character: There is no 了 in font nullfont!
Missing character: There is no 解 in font nullfont!
Missing character: There is no 決 in font nullfont!
Missing character: There is no 此 in font nullfont!
Missing character: There is no 損 in font nullfont!
Missing character: There is no 耗 in font nullfont!
Missing character: There is no 瓶 in font nullfont!
Missing character: There is no 頸 in font nullfont!
Missing character: There is no ， in font nullfont!
Missing character: There is no 後 in font nullfont!
Missing character: There is no 續 in font nullfont!
Missing character: There is no 研 in font nullfont!
Missing character: There is no 究 in font nullfont!
Missing character: There is no 開 in font nullfont!
Missing character: There is no 始 in font nullfont!
Missing character: There is no 探 in font nullfont!
Missing character: There is no 索 in font nullfont!
Missing character: There is no T in font nullfont!
Missing character: There is no M in font nullfont!
Missing character: There is no D in font nullfont!
Missing character: There is no s in font nullfont!
Missing character: There is no 與 in font nullfont!
Missing character: There is no 低 in font nullfont!
Missing character: There is no 損 in font nullfont!
Missing character: There is no 耗 in font nullfont!
Missing character: There is no 的 in font nullfont!
Missing character: There is no 全 in font nullfont!
Missing character: There is no 介 in font nullfont!
Missing character: There is no 電 in font nullfont!
Missing character: There is no 質 in font nullfont!
Missing character: There is no 、 in font nullfont!
Missing character: There is no 高 in font nullfont!
Missing character: There is no 折 in font nullfont!
Missing character: There is no 射 in font nullfont!
Missing character: There is no 率 in font nullfont!
Missing character: There is no 奈 in font nullfont!
Missing character: There is no 米 in font nullfont!
Missing character: There is no 波 in font nullfont!
Missing character: There is no 導 in font nullfont!
Missing character: There is no 或 in font nullfont!
Missing character: There is no 光 in font nullfont!
Missing character: There is no 子 in font nullfont!
Missing character: There is no 晶 in font nullfont!
Missing character: There is no 體 in font nullfont!
Missing character: There is no 波 in font nullfont!
Missing character: There is no 導 in font nullfont!
Missing character: There is no 進 in font nullfont!
Missing character: There is no 行 in font nullfont!
Missing character: There is no 耦 in font nullfont!
Missing character: There is no 合 in font nullfont!
Missing character: There is no 。 in font nullfont!
Missing character: There is no 在 in font nullfont!
Missing character: There is no 這 in font nullfont!
Missing character: There is no 一 in font nullfont!
Missing character: There is no 領 in font nullfont!
Missing character: There is no 域 in font nullfont!
Missing character: There is no ， in font nullfont!
Missing character: There is no 將 in font nullfont!
Missing character: There is no 二 in font nullfont!
Missing character: There is no 維 in font nullfont!
Missing character: There is no 材 in font nullfont!
Missing character: There is no 料 in font nullfont!
Missing character: There is no 與 in font nullfont!
Missing character: There is no 低 in font nullfont!
Missing character: There is no 損 in font nullfont!
Missing character: There is no 耗 in font nullfont!
Missing character: There is no 、 in font nullfont!
Missing character: There is no 高 in font nullfont!
Missing character: There is no 折 in font nullfont!
Missing character: There is no 射 in font nullfont!
Missing character: There is no 率 in font nullfont!
Missing character: There is no 全 in font nullfont!
Missing character: There is no 介 in font nullfont!
Missing character: There is no 電 in font nullfont!
Missing character: There is no 質 in font nullfont!
Missing character: There is no 微 in font nullfont!
Missing character: There is no 腔 in font nullfont!
Missing character: There is no 整 in font nullfont!
Missing character: There is no 合 in font nullfont!
Missing character: There is no 以 in font nullfont!
Missing character: There is no 調 in font nullfont!
Missing character: There is no 控 in font nullfont!
Missing character: There is no 激 in font nullfont!
Missing character: There is no 子 in font nullfont!
Missing character: There is no 發 in font nullfont!
Missing character: There is no 光 in font nullfont!
Missing character: There is no 的 in font nullfont!
Missing character: There is no 實 in font nullfont!
Missing character: There is no 驗 in font nullfont!
Missing character: There is no 先 in font nullfont!
Missing character: There is no 驅 in font nullfont!
Missing character: There is no ， in font nullfont!
Missing character: There is no 首 in font nullfont!
Missing character: There is no 推 in font nullfont!
Missing character: There is no G in font nullfont!
Missing character: There is no a in font nullfont!
Missing character: There is no n in font nullfont!
Missing character: There is no 等 in font nullfont!
Missing character: There is no 人 in font nullfont!
Missing character: There is no 於 in font nullfont!
Missing character: There is no 2 in font nullfont!
Missing character: There is no 0 in font nullfont!
Missing character: There is no 1 in font nullfont!
Missing character: There is no 3 in font nullfont!
Missing character: There is no 年 in font nullfont!
Missing character: There is no 的 in font nullfont!
Missing character: There is no 研 in font nullfont!
Missing character: There is no 究 in font nullfont!
Missing character: There is no ， in font nullfont!
Missing character: There is no 以 in font nullfont!
Missing character: There is no 及 in font nullfont!
Missing character: There is no 隨 in font nullfont!
Missing character: There is no 後 in font nullfont!
Missing character: There is no W in font nullfont!
Missing character: There is no u in font nullfont!
Missing character: There is no 等 in font nullfont!
Missing character: There is no 人 in font nullfont!
Missing character: There is no 於 in font nullfont!
Missing character: There is no 2 in font nullfont!
Missing character: There is no 0 in font nullfont!
Missing character: There is no 1 in font nullfont!
Missing character: There is no 4 in font nullfont!
Missing character: There is no 年 in font nullfont!
Missing character: There is no 的 in font nullfont!
Missing character: There is no 研 in font nullfont!
Missing character: There is no 究 in font nullfont!
Missing character: There is no [ in font nullfont!
\citation{gan2013controlling}
! Undefined control sequence.
<write> ...: Citation `\@citeb ' on page \thepage 
                                                  \space undefined\on@line .^^J
l.143 ... \cite{gan2013controlling, Wu2014control}
                                                  。在這些工作中，學者打破了傳統將發光介質嵌入光子晶體...
The control sequence at the end of the top line
of your error message was never \def'ed. If you have
misspelled it (e.g., `\hobx'), type `I' and the correct
spelling (e.g., `I\hbox'). Otherwise just continue,
and I'll forget about whatever was undefined.


LaTeX Warning: Citation `gan2013controlling' on page  undefined on input line 1
43.

Missing character: There is no , in font nullfont!
\citation{Wu2014control}
! Undefined control sequence.
<write> ...: Citation `\@citeb ' on page \thepage 
                                                  \space undefined\on@line .^^J
l.143 ... \cite{gan2013controlling, Wu2014control}
                                                  。在這些工作中，學者打破了傳統將發光介質嵌入光子晶體...
The control sequence at the end of the top line
of your error message was never \def'ed. If you have
misspelled it (e.g., `\hobx'), type `I' and the correct
spelling (e.g., `I\hbox'). Otherwise just continue,
and I'll forget about whatever was undefined.


LaTeX Warning: Citation `Wu2014control' on page  undefined on input line 143.

Missing character: There is no ] in font nullfont!
Missing character: There is no 。 in font nullfont!
Missing character: There is no 在 in font nullfont!
Missing character: There is no 這 in font nullfont!
Missing character: There is no 些 in font nullfont!
Missing character: There is no 工 in font nullfont!
Missing character: There is no 作 in font nullfont!
Missing character: There is no 中 in font nullfont!
Missing character: There is no ， in font nullfont!
Missing character: There is no 學 in font nullfont!
Missing character: There is no 者 in font nullfont!
Missing character: There is no 打 in font nullfont!
Missing character: There is no 破 in font nullfont!
Missing character: There is no 了 in font nullfont!
Missing character: There is no 傳 in font nullfont!
Missing character: There is no 統 in font nullfont!
Missing character: There is no 將 in font nullfont!
Missing character: There is no 發 in font nullfont!
Missing character: There is no 光 in font nullfont!
Missing character: There is no 介 in font nullfont!
Missing character: There is no 質 in font nullfont!
Missing character: There is no 嵌 in font nullfont!
Missing character: There is no 入 in font nullfont!
Missing character: There is no 光 in font nullfont!
Missing character: There is no 子 in font nullfont!
Missing character: There is no 晶 in font nullfont!
Missing character: There is no 體 in font nullfont!
Missing character: There is no 內 in font nullfont!
Missing character: There is no 部 in font nullfont!
Missing character: There is no 的 in font nullfont!
Missing character: There is no 結 in font nullfont!
Missing character: There is no 構 in font nullfont!
Missing character: There is no 限 in font nullfont!
Missing character: There is no 制 in font nullfont!
Missing character: There is no ， in font nullfont!
Missing character: There is no 首 in font nullfont!
Missing character: There is no 次 in font nullfont!
Missing character: There is no 將 in font nullfont!
Missing character: There is no 單 in font nullfont!
Missing character: There is no 層 in font nullfont!
Missing character: There is no 二 in font nullfont!
Missing character: There is no 維 in font nullfont!
Missing character: There is no 材 in font nullfont!
Missing character: There is no 料 in font nullfont!
Missing character: There is no 轉 in font nullfont!
Missing character: There is no 移 in font nullfont!
Missing character: There is no 至 in font nullfont!
Missing character: There is no 預 in font nullfont!
Missing character: There is no 先 in font nullfont!
Missing character: There is no 製 in font nullfont!
Missing character: There is no 備 in font nullfont!
Missing character: There is no 的 in font nullfont!
Missing character: There is no G in font nullfont!
Missing character: There is no a in font nullfont!
Missing character: There is no P in font nullfont!
Missing character: There is no （ in font nullfont!
Missing character: There is no 磷 in font nullfont!
Missing character: There is no 化 in font nullfont!
Missing character: There is no 鎵 in font nullfont!
Missing character: There is no ） in font nullfont!
Missing character: There is no 光 in font nullfont!
Missing character: There is no 子 in font nullfont!
Missing character: There is no 晶 in font nullfont!
Missing character: There is no 體 in font nullfont!
Missing character: There is no 微 in font nullfont!
Missing character: There is no 腔 in font nullfont!
Missing character: There is no 表 in font nullfont!
Missing character: There is no 面 in font nullfont!
Missing character: There is no ； in font nullfont!
Missing character: There is no 這 in font nullfont!
Missing character: There is no 不 in font nullfont!
Missing character: There is no 僅 in font nullfont!
Missing character: There is no 完 in font nullfont!
Missing character: There is no 美 in font nullfont!
Missing character: There is no 避 in font nullfont!
Missing character: There is no 免 in font nullfont!
Missing character: There is no 了 in font nullfont!
Missing character: There is no 蝕 in font nullfont!
Missing character: There is no 刻 in font nullfont!
Missing character: There is no 製 in font nullfont!
Missing character: There is no 程 in font nullfont!
Missing character: There is no 對 in font nullfont!
Missing character: There is no 二 in font nullfont!
Missing character: There is no 維 in font nullfont!
Missing character: There is no 材 in font nullfont!
Missing character: There is no 料 in font nullfont!
Missing character: There is no 激 in font nullfont!
Missing character: There is no 子 in font nullfont!
Missing character: There is no 特 in font nullfont!
Missing character: There is no 性 in font nullfont!
Missing character: There is no 的 in font nullfont!
Missing character: There is no 破 in font nullfont!
Missing character: There is no 壞 in font nullfont!
Missing character: There is no ， in font nullfont!
Missing character: There is no 更 in font nullfont!
Missing character: There is no 在 in font nullfont!
Missing character: There is no 實 in font nullfont!
Missing character: There is no 驗 in font nullfont!
Missing character: There is no 上 in font nullfont!
Missing character: There is no 觀 in font nullfont!
Missing character: There is no 測 in font nullfont!
Missing character: There is no 到 in font nullfont!
Missing character: There is no 自 in font nullfont!
Missing character: There is no 發 in font nullfont!
Missing character: There is no 輻 in font nullfont!
Missing character: There is no 射 in font nullfont!
Missing character: There is no 速 in font nullfont!
Missing character: There is no 率 in font nullfont!
Missing character: There is no 的 in font nullfont!
Missing character: There is no 有 in font nullfont!
Missing character: There is no 效 in font nullfont!
Missing character: There is no 調 in font nullfont!
Missing character: There is no 控 in font nullfont!
Missing character: There is no [ in font nullfont!
\citation{gan2013controlling}
! Undefined control sequence.
<write> ...: Citation `\@citeb ' on page \thepage 
                                                  \space undefined\on@line .^^J
l.143 ... \cite{gan2013controlling, Wu2014control}
                                                  。
The control sequence at the end of the top line
of your error message was never \def'ed. If you have
misspelled it (e.g., `\hobx'), type `I' and the correct
spelling (e.g., `I\hbox'). Otherwise just continue,
and I'll forget about whatever was undefined.


LaTeX Warning: Citation `gan2013controlling' on page  undefined on input line 1
43.

Missing character: There is no , in font nullfont!
\citation{Wu2014control}
! Undefined control sequence.
<write> ...: Citation `\@citeb ' on page \thepage 
                                                  \space undefined\on@line .^^J
l.143 ... \cite{gan2013controlling, Wu2014control}
                                                  。
The control sequence at the end of the top line
of your error message was never \def'ed. If you have
misspelled it (e.g., `\hobx'), type `I' and the correct
spelling (e.g., `I\hbox'). Otherwise just continue,
and I'll forget about whatever was undefined.


LaTeX Warning: Citation `Wu2014control' on page  undefined on input line 143.

Missing character: There is no ] in font nullfont!
Missing character: There is no 。 in font nullfont!

Overfull \hbox (20.0pt too wide) in paragraph at lines 143--144
[]
 []


Overfull \hbox (5.43pt too wide) in paragraph at lines 143--144
[]
 []


Overfull \hbox (5.43pt too wide) in paragraph at lines 143--144
[]
 []


Overfull \hbox (5.43pt too wide) in paragraph at lines 143--144
[]
 []


Overfull \hbox (5.43pt too wide) in paragraph at lines 143--144
[] 
 []


! LaTeX Error: Missing \begin{document}.

See the LaTeX manual or LaTeX Companion for explanation.
Type  H <return>  for immediate help.
 ...                                              
                                                  
l.148 近
       年來的研究進一步朝向更小模態體積與超表面調控的方向發展。例如，Sortino 等人於 2019 年的研究採用了GaP 奈米天線，與單層及雙...

You're in trouble here.  Try typing  <return>  to proceed.
If that doesn't work, type  X <return>  to quit.

Missing character: There is no 近 in font nullfont!
Missing character: There is no 年 in font nullfont!
Missing character: There is no 來 in font nullfont!
Missing character: There is no 的 in font nullfont!
Missing character: There is no 研 in font nullfont!
Missing character: There is no 究 in font nullfont!
Missing character: There is no 進 in font nullfont!
Missing character: There is no 一 in font nullfont!
Missing character: There is no 步 in font nullfont!
Missing character: There is no 朝 in font nullfont!
Missing character: There is no 向 in font nullfont!
Missing character: There is no 更 in font nullfont!
Missing character: There is no 小 in font nullfont!
Missing character: There is no 模 in font nullfont!
Missing character: There is no 態 in font nullfont!
Missing character: There is no 體 in font nullfont!
Missing character: There is no 積 in font nullfont!
Missing character: There is no 與 in font nullfont!
Missing character: There is no 超 in font nullfont!
Missing character: There is no 表 in font nullfont!
Missing character: There is no 面 in font nullfont!
Missing character: There is no 調 in font nullfont!
Missing character: There is no 控 in font nullfont!
Missing character: There is no 的 in font nullfont!
Missing character: There is no 方 in font nullfont!
Missing character: There is no 向 in font nullfont!
Missing character: There is no 發 in font nullfont!
Missing character: There is no 展 in font nullfont!
Missing character: There is no 。 in font nullfont!
Missing character: There is no 例 in font nullfont!
Missing character: There is no 如 in font nullfont!
Missing character: There is no ， in font nullfont!
Missing character: There is no S in font nullfont!
Missing character: There is no o in font nullfont!
Missing character: There is no r in font nullfont!
Missing character: There is no t in font nullfont!
Missing character: There is no i in font nullfont!
Missing character: There is no n in font nullfont!
Missing character: There is no o in font nullfont!
Missing character: There is no 等 in font nullfont!
Missing character: There is no 人 in font nullfont!
Missing character: There is no 於 in font nullfont!
Missing character: There is no 2 in font nullfont!
Missing character: There is no 0 in font nullfont!
Missing character: There is no 1 in font nullfont!
Missing character: There is no 9 in font nullfont!
Missing character: There is no 年 in font nullfont!
Missing character: There is no 的 in font nullfont!
Missing character: There is no 研 in font nullfont!
Missing character: There is no 究 in font nullfont!
Missing character: There is no 採 in font nullfont!
Missing character: There is no 用 in font nullfont!
Missing character: There is no 了 in font nullfont!
Missing character: There is no G in font nullfont!
Missing character: There is no a in font nullfont!
Missing character: There is no P in font nullfont!
Missing character: There is no 奈 in font nullfont!
Missing character: There is no 米 in font nullfont!
Missing character: There is no 天 in font nullfont!
Missing character: There is no 線 in font nullfont!
Missing character: There is no ， in font nullfont!
Missing character: There is no 與 in font nullfont!
Missing character: There is no 單 in font nullfont!
Missing character: There is no 層 in font nullfont!
Missing character: There is no 及 in font nullfont!
Missing character: There is no 雙 in font nullfont!
Missing character: There is no 層 in font nullfont!
! Undefined control sequence.
<recently read> \text 
                      
l.148 ...no 等人於 2019 年的研究採用了GaP 奈米天線，與單層及雙層 $\text
                                                  {WSe}2​$ 進行近場耦合 \cite{sort...
The control sequence at the end of the top line
of your error message was never \def'ed. If you have
misspelled it (e.g., `\hobx'), type `I' and the correct
spelling (e.g., `I\hbox'). Otherwise just continue,
and I'll forget about whatever was undefined.

Missing character: There is no ​ in font cmr10!
Missing character: There is no 進 in font nullfont!
Missing character: There is no 行 in font nullfont!
Missing character: There is no 近 in font nullfont!
Missing character: There is no 場 in font nullfont!
Missing character: There is no 耦 in font nullfont!
Missing character: There is no 合 in font nullfont!
Missing character: There is no [ in font nullfont!
\citation{sortino2019enhanced}
! Undefined control sequence.
<write> ...: Citation `\@citeb ' on page \thepage 
                                                  \space undefined\on@line .^^J
l.148 ...WSe}2​$ 進行近場耦合 \cite{sortino2019enhanced}
                                                  。該研究利用極小模態體積的低損耗 $\text{Ga...
The control sequence at the end of the top line
of your error message was never \def'ed. If you have
misspelled it (e.g., `\hobx'), type `I' and the correct
spelling (e.g., `I\hbox'). Otherwise just continue,
and I'll forget about whatever was undefined.


LaTeX Warning: Citation `sortino2019enhanced' on page  undefined on input line 
148.

Missing character: There is no ] in font nullfont!
Missing character: There is no 。 in font nullfont!
Missing character: There is no 該 in font nullfont!
Missing character: There is no 研 in font nullfont!
Missing character: There is no 究 in font nullfont!
Missing character: There is no 利 in font nullfont!
Missing character: There is no 用 in font nullfont!
Missing character: There is no 極 in font nullfont!
Missing character: There is no 小 in font nullfont!
Missing character: There is no 模 in font nullfont!
Missing character: There is no 態 in font nullfont!
Missing character: There is no 體 in font nullfont!
Missing character: There is no 積 in font nullfont!
Missing character: There is no 的 in font nullfont!
Missing character: There is no 低 in font nullfont!
Missing character: There is no 損 in font nullfont!
Missing character: There is no 耗 in font nullfont!
! Undefined control sequence.
<recently read> \text 
                      
l.148 ...rtino2019enhanced}。該研究利用極小模態體積的低損耗 $\text
                                                  {GaP}$ 共振腔，在完全避免金屬非輻射與歐姆損耗...
The control sequence at the end of the top line
of your error message was never \def'ed. If you have
misspelled it (e.g., `\hobx'), type `I' and the correct
spelling (e.g., `I\hbox'). Otherwise just continue,
and I'll forget about whatever was undefined.

Missing character: There is no 共 in font nullfont!
Missing character: There is no 振 in font nullfont!
Missing character: There is no 腔 in font nullfont!
Missing character: There is no ， in font nullfont!
Missing character: There is no 在 in font nullfont!
Missing character: There is no 完 in font nullfont!
Missing character: There is no 全 in font nullfont!
Missing character: There is no 避 in font nullfont!
Missing character: There is no 免 in font nullfont!
Missing character: There is no 金 in font nullfont!
Missing character: There is no 屬 in font nullfont!
Missing character: There is no 非 in font nullfont!
Missing character: There is no 輻 in font nullfont!
Missing character: There is no 射 in font nullfont!
Missing character: There is no 與 in font nullfont!
Missing character: There is no 歐 in font nullfont!
Missing character: There is no 姆 in font nullfont!
Missing character: There is no 損 in font nullfont!
Missing character: There is no 耗 in font nullfont!
Missing character: There is no 的 in font nullfont!
Missing character: There is no 同 in font nullfont!
Missing character: There is no 時 in font nullfont!
Missing character: There is no ， in font nullfont!
Missing character: There is no 實 in font nullfont!
Missing character: There is no 現 in font nullfont!
Missing character: There is no 了 in font nullfont!
Missing character: There is no 高 in font nullfont!
Missing character: There is no 達 in font nullfont!
Missing character: There is no 以 in font nullfont!
Missing character: There is no 上 in font nullfont!
Missing character: There is no 的 in font nullfont!
Missing character: There is no 光 in font nullfont!
Missing character: There is no 致 in font nullfont!
Missing character: There is no 發 in font nullfont!
Missing character: There is no 光 in font nullfont!
Missing character: There is no 強 in font nullfont!
Missing character: There is no 度 in font nullfont!
Missing character: There is no 增 in font nullfont!
Missing character: There is no 強 in font nullfont!
Missing character: There is no ， in font nullfont!
Missing character: There is no 並 in font nullfont!
Missing character: There is no 透 in font nullfont!
Missing character: There is no 過 in font nullfont!
Missing character: There is no P in font nullfont!
Missing character: There is no u in font nullfont!
Missing character: There is no r in font nullfont!
Missing character: There is no c in font nullfont!
Missing character: There is no e in font nullfont!
Missing character: There is no l in font nullfont!
Missing character: There is no l in font nullfont!
Missing character: There is no 效 in font nullfont!
Missing character: There is no 應 in font nullfont!
Missing character: There is no 使 in font nullfont!
Missing character: There is no 激 in font nullfont!
Missing character: There is no 子 in font nullfont!
Missing character: There is no 輻 in font nullfont!
Missing character: There is no 射 in font nullfont!
Missing character: There is no 衰 in font nullfont!
Missing character: There is no 期 in font nullfont!
Missing character: There is no 縮 in font nullfont!
Missing character: There is no 短 in font nullfont!
Missing character: There is no 至 in font nullfont!
Missing character: There is no 系 in font nullfont!
Missing character: There is no 統 in font nullfont!
Missing character: There is no 偵 in font nullfont!
Missing character: There is no 測 in font nullfont!
Missing character: There is no 極 in font nullfont!
Missing character: There is no 限 in font nullfont!
Missing character: There is no 。 in font nullfont!
Missing character: There is no 這 in font nullfont!
Missing character: There is no 一 in font nullfont!
Missing character: There is no 系 in font nullfont!
Missing character: There is no 列 in font nullfont!
Missing character: There is no 從 in font nullfont!
Missing character: There is no 光 in font nullfont!
Missing character: There is no 子 in font nullfont!
Missing character: There is no 晶 in font nullfont!
Missing character: There is no 體 in font nullfont!
Missing character: There is no 微 in font nullfont!
Missing character: There is no 腔 in font nullfont!
Missing character: There is no 到 in font nullfont!
Missing character: There is no 介 in font nullfont!
Missing character: There is no 電 in font nullfont!
Missing character: There is no 質 in font nullfont!
Missing character: There is no 奈 in font nullfont!
Missing character: There is no 米 in font nullfont!
Missing character: There is no 天 in font nullfont!
Missing character: There is no 線 in font nullfont!
Missing character: There is no 的 in font nullfont!
Missing character: There is no 進 in font nullfont!
Missing character: There is no 展 in font nullfont!
Missing character: There is no 證 in font nullfont!
Missing character: There is no 實 in font nullfont!
Missing character: There is no 了 in font nullfont!
Missing character: There is no ， in font nullfont!
Missing character: There is no 全 in font nullfont!
Missing character: There is no 介 in font nullfont!
Missing character: There is no 電 in font nullfont!
Missing character: There is no 質 in font nullfont!
Missing character: There is no G in font nullfont!
Missing character: There is no a in font nullfont!
Missing character: There is no P in font nullfont!
Missing character: There is no 奈 in font nullfont!
Missing character: There is no 米 in font nullfont!
Missing character: There is no 結 in font nullfont!
Missing character: There is no 構 in font nullfont!
Missing character: There is no 能 in font nullfont!
Missing character: There is no 有 in font nullfont!
Missing character: There is no 效 in font nullfont!
Missing character: There is no 克 in font nullfont!
Missing character: There is no 服 in font nullfont!
Missing character: There is no 金 in font nullfont!
Missing character: There is no 屬 in font nullfont!
Missing character: There is no 的 in font nullfont!
Missing character: There is no 損 in font nullfont!
Missing character: There is no 耗 in font nullfont!
Missing character: There is no 瓶 in font nullfont!
Missing character: There is no 頸 in font nullfont!
Missing character: There is no ， in font nullfont!
Missing character: There is no 成 in font nullfont!
Missing character: There is no 為 in font nullfont!
Missing character: There is no 高 in font nullfont!
Missing character: There is no 效 in font nullfont!
Missing character: There is no 操 in font nullfont!
Missing character: There is no 控 in font nullfont!
Missing character: There is no 二 in font nullfont!
Missing character: There is no 維 in font nullfont!
Missing character: There is no 激 in font nullfont!
Missing character: There is no 子 in font nullfont!
Missing character: There is no 發 in font nullfont!
Missing character: There is no 光 in font nullfont!
Missing character: There is no 的 in font nullfont!
Missing character: There is no 優 in font nullfont!
Missing character: There is no 異 in font nullfont!
Missing character: There is no 平 in font nullfont!
Missing character: There is no 台 in font nullfont!
Missing character: There is no 。 in font nullfont!

Overfull \hbox (20.0pt too wide) in paragraph at lines 148--149
[]
 []


Overfull \hbox (27.19794pt too wide) in paragraph at lines 148--149
[]\OT1/cmr/m/n/10 2$
 []


Overfull \hbox (5.43pt too wide) in paragraph at lines 148--149
[]
 []


Overfull \hbox (20.95741pt too wide) in paragraph at lines 148--149
[]$
 []


Overfull \hbox (14.48616pt too wide) in paragraph at lines 148--149
\OT1/cmr/m/n/10 10[]$
 []


! LaTeX Error: Missing \begin{document}.

See the LaTeX manual or LaTeX Companion for explanation.
Type  H <return>  for immediate help.
 ...                                              
                                                  
l.153 除
       了在晶片表面進行面內的定向波導，如何主動調控谷極化發光在自由空間中的三維輻射行為，亦成為另一關鍵課題。透過在 TMDs 表面建構人工設計的...

You're in trouble here.  Try typing  <return>  to proceed.
If that doesn't work, type  X <return>  to quit.

Missing character: There is no 除 in font nullfont!
Missing character: There is no 了 in font nullfont!
Missing character: There is no 在 in font nullfont!
Missing character: There is no 晶 in font nullfont!
Missing character: There is no 片 in font nullfont!
Missing character: There is no 表 in font nullfont!
Missing character: There is no 面 in font nullfont!
Missing character: There is no 進 in font nullfont!
Missing character: There is no 行 in font nullfont!
Missing character: There is no 面 in font nullfont!
Missing character: There is no 內 in font nullfont!
Missing character: There is no 的 in font nullfont!
Missing character: There is no 定 in font nullfont!
Missing character: There is no 向 in font nullfont!
Missing character: There is no 波 in font nullfont!
Missing character: There is no 導 in font nullfont!
Missing character: There is no ， in font nullfont!
Missing character: There is no 如 in font nullfont!
Missing character: There is no 何 in font nullfont!
Missing character: There is no 主 in font nullfont!
Missing character: There is no 動 in font nullfont!
Missing character: There is no 調 in font nullfont!
Missing character: There is no 控 in font nullfont!
Missing character: There is no 谷 in font nullfont!
Missing character: There is no 極 in font nullfont!
Missing character: There is no 化 in font nullfont!
Missing character: There is no 發 in font nullfont!
Missing character: There is no 光 in font nullfont!
Missing character: There is no 在 in font nullfont!
Missing character: There is no 自 in font nullfont!
Missing character: There is no 由 in font nullfont!
Missing character: There is no 空 in font nullfont!
Missing character: There is no 間 in font nullfont!
Missing character: There is no 中 in font nullfont!
Missing character: There is no 的 in font nullfont!
Missing character: There is no 三 in font nullfont!
Missing character: There is no 維 in font nullfont!
Missing character: There is no 輻 in font nullfont!
Missing character: There is no 射 in font nullfont!
Missing character: There is no 行 in font nullfont!
Missing character: There is no 為 in font nullfont!
Missing character: There is no ， in font nullfont!
Missing character: There is no 亦 in font nullfont!
Missing character: There is no 成 in font nullfont!
Missing character: There is no 為 in font nullfont!
Missing character: There is no 另 in font nullfont!
Missing character: There is no 一 in font nullfont!
Missing character: There is no 關 in font nullfont!
Missing character: There is no 鍵 in font nullfont!
Missing character: There is no 課 in font nullfont!
Missing character: There is no 題 in font nullfont!
Missing character: There is no 。 in font nullfont!
Missing character: There is no 透 in font nullfont!
Missing character: There is no 過 in font nullfont!
Missing character: There is no 在 in font nullfont!
Missing character: There is no T in font nullfont!
Missing character: There is no M in font nullfont!
Missing character: There is no D in font nullfont!
Missing character: There is no s in font nullfont!
Missing character: There is no 表 in font nullfont!
Missing character: There is no 面 in font nullfont!
Missing character: There is no 建 in font nullfont!
Missing character: There is no 構 in font nullfont!
Missing character: There is no 人 in font nullfont!
Missing character: There is no 工 in font nullfont!
Missing character: There is no 設 in font nullfont!
Missing character: There is no 計 in font nullfont!
Missing character: There is no 的 in font nullfont!
Missing character: There is no 全 in font nullfont!
Missing character: There is no 介 in font nullfont!
Missing character: There is no 電 in font nullfont!
Missing character: There is no 質 in font nullfont!
Missing character: There is no 手 in font nullfont!
Missing character: There is no 性 in font nullfont!
Missing character: There is no 超 in font nullfont!
Missing character: There is no 穎 in font nullfont!
Missing character: There is no 表 in font nullfont!
Missing character: There is no 面 in font nullfont!
Missing character: There is no ， in font nullfont!
Missing character: There is no 學 in font nullfont!
Missing character: There is no 者 in font nullfont!
Missing character: There is no 得 in font nullfont!
Missing character: There is no 以 in font nullfont!
Missing character: There is no 在 in font nullfont!
Missing character: There is no 避 in font nullfont!
Missing character: There is no 免 in font nullfont!
Missing character: There is no 歐 in font nullfont!
Missing character: There is no 姆 in font nullfont!
Missing character: There is no 損 in font nullfont!
Missing character: There is no 耗 in font nullfont!
Missing character: There is no 的 in font nullfont!
Missing character: There is no 前 in font nullfont!
Missing character: There is no 提 in font nullfont!
Missing character: There is no 下 in font nullfont!
Missing character: There is no 實 in font nullfont!
Missing character: There is no 現 in font nullfont!
Missing character: There is no 面 in font nullfont!
Missing character: There is no 外 in font nullfont!
Missing character: There is no （ in font nullfont!
Missing character: There is no O in font nullfont!
Missing character: There is no u in font nullfont!
Missing character: There is no t in font nullfont!
Missing character: There is no - in font nullfont!
Missing character: There is no o in font nullfont!
Missing character: There is no f in font nullfont!
Missing character: There is no - in font nullfont!
Missing character: There is no p in font nullfont!
Missing character: There is no l in font nullfont!
Missing character: There is no a in font nullfont!
Missing character: There is no n in font nullfont!
Missing character: There is no e in font nullfont!
Missing character: There is no ） in font nullfont!
Missing character: There is no 波 in font nullfont!
Missing character: There is no 前 in font nullfont!
Missing character: There is no 調 in font nullfont!
Missing character: There is no 控 in font nullfont!
Missing character: There is no ， in font nullfont!
Missing character: There is no 進 in font nullfont!
Missing character: There is no 而 in font nullfont!
Missing character: There is no 發 in font nullfont!
Missing character: There is no 展 in font nullfont!
Missing character: There is no 出 in font nullfont!
Missing character: There is no 低 in font nullfont!
Missing character: There is no 損 in font nullfont!
Missing character: There is no 耗 in font nullfont!
Missing character: There is no 的 in font nullfont!
Missing character: There is no 手 in font nullfont!
Missing character: There is no 性 in font nullfont!
Missing character: There is no 超 in font nullfont!
Missing character: There is no 穎 in font nullfont!
Missing character: There is no 透 in font nullfont!
Missing character: There is no 鏡 in font nullfont!
Missing character: There is no 、 in font nullfont!
Missing character: There is no 谷 in font nullfont!
Missing character: There is no 選 in font nullfont!
Missing character: There is no 擇 in font nullfont!
Missing character: There is no 性 in font nullfont!
Missing character: There is no 全 in font nullfont!
Missing character: There is no 息 in font nullfont!
Missing character: There is no 投 in font nullfont!
Missing character: There is no 影 in font nullfont!
Missing character: There is no 以 in font nullfont!
Missing character: There is no 及 in font nullfont!
Missing character: There is no 攜 in font nullfont!
Missing character: There is no 帶 in font nullfont!
Missing character: There is no 軌 in font nullfont!
Missing character: There is no 道 in font nullfont!
Missing character: There is no 角 in font nullfont!
Missing character: There is no 動 in font nullfont!
Missing character: There is no 量 in font nullfont!
Missing character: There is no 的 in font nullfont!
Missing character: There is no 渦 in font nullfont!
Missing character: There is no 旋 in font nullfont!
Missing character: There is no 光 in font nullfont!
Missing character: There is no 束 in font nullfont!
Missing character: There is no 發 in font nullfont!
Missing character: There is no 射 in font nullfont!
Missing character: There is no 。 in font nullfont!

Overfull \hbox (20.0pt too wide) in paragraph at lines 153--154
[]
 []


! LaTeX Error: Missing \begin{document}.

See the LaTeX manual or LaTeX Companion for explanation.
Type  H <return>  for immediate help.
 ...                                              
                                                  
l.155 在
       面外三維空間調控的實驗中，如何打破系統的面外對稱性以高效提取特定手性的谷極化光子是核心挑戰。為此，Rong 等人於 2020 年的研究取得...

You're in trouble here.  Try typing  <return>  to proceed.
If that doesn't work, type  X <return>  to quit.

Missing character: There is no 在 in font nullfont!
Missing character: There is no 面 in font nullfont!
Missing character: There is no 外 in font nullfont!
Missing character: There is no 三 in font nullfont!
Missing character: There is no 維 in font nullfont!
Missing character: There is no 空 in font nullfont!
Missing character: There is no 間 in font nullfont!
Missing character: There is no 調 in font nullfont!
Missing character: There is no 控 in font nullfont!
Missing character: There is no 的 in font nullfont!
Missing character: There is no 實 in font nullfont!
Missing character: There is no 驗 in font nullfont!
Missing character: There is no 中 in font nullfont!
Missing character: There is no ， in font nullfont!
Missing character: There is no 如 in font nullfont!
Missing character: There is no 何 in font nullfont!
Missing character: There is no 打 in font nullfont!
Missing character: There is no 破 in font nullfont!
Missing character: There is no 系 in font nullfont!
Missing character: There is no 統 in font nullfont!
Missing character: There is no 的 in font nullfont!
Missing character: There is no 面 in font nullfont!
Missing character: There is no 外 in font nullfont!
Missing character: There is no 對 in font nullfont!
Missing character: There is no 稱 in font nullfont!
Missing character: There is no 性 in font nullfont!
Missing character: There is no 以 in font nullfont!
Missing character: There is no 高 in font nullfont!
Missing character: There is no 效 in font nullfont!
Missing character: There is no 提 in font nullfont!
Missing character: There is no 取 in font nullfont!
Missing character: There is no 特 in font nullfont!
Missing character: There is no 定 in font nullfont!
Missing character: There is no 手 in font nullfont!
Missing character: There is no 性 in font nullfont!
Missing character: There is no 的 in font nullfont!
Missing character: There is no 谷 in font nullfont!
Missing character: There is no 極 in font nullfont!
Missing character: There is no 化 in font nullfont!
Missing character: There is no 光 in font nullfont!
Missing character: There is no 子 in font nullfont!
Missing character: There is no 是 in font nullfont!
Missing character: There is no 核 in font nullfont!
Missing character: There is no 心 in font nullfont!
Missing character: There is no 挑 in font nullfont!
Missing character: There is no 戰 in font nullfont!
Missing character: There is no 。 in font nullfont!
Missing character: There is no 為 in font nullfont!
Missing character: There is no 此 in font nullfont!
Missing character: There is no ， in font nullfont!
Missing character: There is no R in font nullfont!
Missing character: There is no o in font nullfont!
Missing character: There is no n in font nullfont!
Missing character: There is no g in font nullfont!
Missing character: There is no 等 in font nullfont!
Missing character: There is no 人 in font nullfont!
Missing character: There is no 於 in font nullfont!
Missing character: There is no 2 in font nullfont!
Missing character: There is no 0 in font nullfont!
Missing character: There is no 2 in font nullfont!
Missing character: There is no 0 in font nullfont!
Missing character: There is no 年 in font nullfont!
Missing character: There is no 的 in font nullfont!
Missing character: There is no 研 in font nullfont!
Missing character: There is no 究 in font nullfont!
Missing character: There is no 取 in font nullfont!
Missing character: There is no 得 in font nullfont!
Missing character: There is no 了 in font nullfont!
Missing character: There is no 突 in font nullfont!
Missing character: There is no 破 in font nullfont!
Missing character: There is no 性 in font nullfont!
Missing character: There is no 進 in font nullfont!
Missing character: There is no 展 in font nullfont!
Missing character: There is no [ in font nullfont!
\citation{rong2020photonic}
! Undefined control sequence.
<write> ...: Citation `\@citeb ' on page \thepage 
                                                  \space undefined\on@line .^^J
l.155 ...2020 年的研究取得了突破性進展 \cite{rong2020photonic}
                                                  。研究使用多晶矽介電質材料以避免金屬損耗，並激發了光...
The control sequence at the end of the top line
of your error message was never \def'ed. If you have
misspelled it (e.g., `\hobx'), type `I' and the correct
spelling (e.g., `I\hbox'). Otherwise just continue,
and I'll forget about whatever was undefined.


LaTeX Warning: Citation `rong2020photonic' on page  undefined on input line 155
.

Missing character: There is no ] in font nullfont!
Missing character: There is no 。 in font nullfont!
Missing character: There is no 研 in font nullfont!
Missing character: There is no 究 in font nullfont!
Missing character: There is no 使 in font nullfont!
Missing character: There is no 用 in font nullfont!
Missing character: There is no 多 in font nullfont!
Missing character: There is no 晶 in font nullfont!
Missing character: There is no 矽 in font nullfont!
Missing character: There is no 介 in font nullfont!
Missing character: There is no 電 in font nullfont!
Missing character: There is no 質 in font nullfont!
Missing character: There is no 材 in font nullfont!
Missing character: There is no 料 in font nullfont!
Missing character: There is no 以 in font nullfont!
Missing character: There is no 避 in font nullfont!
Missing character: There is no 免 in font nullfont!
Missing character: There is no 金 in font nullfont!
Missing character: There is no 屬 in font nullfont!
Missing character: There is no 損 in font nullfont!
Missing character: There is no 耗 in font nullfont!
Missing character: There is no ， in font nullfont!
Missing character: There is no 並 in font nullfont!
Missing character: There is no 激 in font nullfont!
Missing character: There is no 發 in font nullfont!
Missing character: There is no 了 in font nullfont!
Missing character: There is no 光 in font nullfont!
Missing character: There is no 子 in font nullfont!
Missing character: There is no 拉 in font nullfont!
Missing character: There is no 希 in font nullfont!
Missing character: There is no 巴 in font nullfont!
Missing character: There is no （ in font nullfont!
Missing character: There is no R in font nullfont!
Missing character: There is no a in font nullfont!
Missing character: There is no s in font nullfont!
Missing character: There is no h in font nullfont!
Missing character: There is no b in font nullfont!
Missing character: There is no a in font nullfont!
Missing character: There is no ） in font nullfont!
Missing character: There is no 效 in font nullfont!
Missing character: There is no 應 in font nullfont!
Missing character: There is no ， in font nullfont!
Missing character: There is no 成 in font nullfont!
Missing character: There is no 功 in font nullfont!
Missing character: There is no 將 in font nullfont!
Missing character: There is no 單 in font nullfont!
Missing character: There is no 層 in font nullfont!
! Undefined control sequence.
<recently read> \text 
                      
l.155 ...料以避免金屬損耗，並激發了光子拉希巴（Rashba）效應，成功將單層 $\text
                                                  {WSe}2$ 的內稟谷自旋 (Intrinsic ...
The control sequence at the end of the top line
of your error message was never \def'ed. If you have
misspelled it (e.g., `\hobx'), type `I' and the correct
spelling (e.g., `I\hbox'). Otherwise just continue,
and I'll forget about whatever was undefined.

Missing character: There is no 的 in font nullfont!
Missing character: There is no 內 in font nullfont!
Missing character: There is no 稟 in font nullfont!
Missing character: There is no 谷 in font nullfont!
Missing character: There is no 自 in font nullfont!
Missing character: There is no 旋 in font nullfont!
Missing character: There is no ( in font nullfont!
Missing character: There is no I in font nullfont!
Missing character: There is no n in font nullfont!
Missing character: There is no t in font nullfont!
Missing character: There is no r in font nullfont!
Missing character: There is no i in font nullfont!
Missing character: There is no n in font nullfont!
Missing character: There is no s in font nullfont!
Missing character: There is no i in font nullfont!
Missing character: There is no c in font nullfont!
Missing character: There is no V in font nullfont!
Missing character: There is no a in font nullfont!
Missing character: There is no l in font nullfont!
Missing character: There is no l in font nullfont!
Missing character: There is no e in font nullfont!
Missing character: There is no y in font nullfont!
Missing character: There is no ) in font nullfont!
Missing character: There is no 轉 in font nullfont!
Missing character: There is no 化 in font nullfont!
Missing character: There is no 為 in font nullfont!
Missing character: There is no 向 in font nullfont!
Missing character: There is no 自 in font nullfont!
Missing character: There is no 由 in font nullfont!
Missing character: There is no 空 in font nullfont!
Missing character: There is no 間 in font nullfont!
Missing character: There is no 特 in font nullfont!
Missing character: There is no 定 in font nullfont!
Missing character: There is no 方 in font nullfont!
Missing character: There is no 向 in font nullfont!
Missing character: There is no 輻 in font nullfont!
Missing character: There is no 射 in font nullfont!
Missing character: There is no 的 in font nullfont!
Missing character: There is no 自 in font nullfont!
Missing character: There is no 旋 in font nullfont!
Missing character: There is no 鎖 in font nullfont!
Missing character: There is no 定 in font nullfont!
Missing character: There is no 窄 in font nullfont!
Missing character: There is no 光 in font nullfont!
Missing character: There is no 束 in font nullfont!
Missing character: There is no ， in font nullfont!
Missing character: There is no 達 in font nullfont!
Missing character: There is no 成 in font nullfont!
Missing character: There is no 了 in font nullfont!
Missing character: There is no 極 in font nullfont!
Missing character: There is no 高 in font nullfont!
Missing character: There is no 指 in font nullfont!
Missing character: There is no 向 in font nullfont!
Missing character: There is no 性 in font nullfont!
Missing character: There is no 的 in font nullfont!
Missing character: There is no 面 in font nullfont!
Missing character: There is no 外 in font nullfont!
Missing character: There is no 波 in font nullfont!
Missing character: There is no 束 in font nullfont!
Missing character: There is no 成 in font nullfont!
Missing character: There is no 型 in font nullfont!
Missing character: There is no 。 in font nullfont!

Overfull \hbox (20.0pt too wide) in paragraph at lines 155--156
[]
 []


Overfull \hbox (5.43pt too wide) in paragraph at lines 155--156
[]
 []


Overfull \hbox (27.19794pt too wide) in paragraph at lines 155--156
[]\OT1/cmr/m/n/10 2$
 []


! LaTeX Error: Missing \begin{document}.

See the LaTeX manual or LaTeX Companion for explanation.
Type  H <return>  for immediate help.
 ...                                              
                                                  
l.157 隨
       著奈米光學與二維材料光電元件的快速演進，研究視野已從傳統的面內定向導波，跨越至如何高效提取並調控自由空間的面外手性輻射。然而，在建構主動式...

You're in trouble here.  Try typing  <return>  to proceed.
If that doesn't work, type  X <return>  to quit.

Missing character: There is no 隨 in font nullfont!
Missing character: There is no 著 in font nullfont!
Missing character: There is no 奈 in font nullfont!
Missing character: There is no 米 in font nullfont!
Missing character: There is no 光 in font nullfont!
Missing character: There is no 學 in font nullfont!
Missing character: There is no 與 in font nullfont!
Missing character: There is no 二 in font nullfont!
Missing character: There is no 維 in font nullfont!
Missing character: There is no 材 in font nullfont!
Missing character: There is no 料 in font nullfont!
Missing character: There is no 光 in font nullfont!
Missing character: There is no 電 in font nullfont!
Missing character: There is no 元 in font nullfont!
Missing character: There is no 件 in font nullfont!
Missing character: There is no 的 in font nullfont!
Missing character: There is no 快 in font nullfont!
Missing character: There is no 速 in font nullfont!
Missing character: There is no 演 in font nullfont!
Missing character: There is no 進 in font nullfont!
Missing character: There is no ， in font nullfont!
Missing character: There is no 研 in font nullfont!
Missing character: There is no 究 in font nullfont!
Missing character: There is no 視 in font nullfont!
Missing character: There is no 野 in font nullfont!
Missing character: There is no 已 in font nullfont!
Missing character: There is no 從 in font nullfont!
Missing character: There is no 傳 in font nullfont!
Missing character: There is no 統 in font nullfont!
Missing character: There is no 的 in font nullfont!
Missing character: There is no 面 in font nullfont!
Missing character: There is no 內 in font nullfont!
Missing character: There is no 定 in font nullfont!
Missing character: There is no 向 in font nullfont!
Missing character: There is no 導 in font nullfont!
Missing character: There is no 波 in font nullfont!
Missing character: There is no ， in font nullfont!
Missing character: There is no 跨 in font nullfont!
Missing character: There is no 越 in font nullfont!
Missing character: There is no 至 in font nullfont!
Missing character: There is no 如 in font nullfont!
Missing character: There is no 何 in font nullfont!
Missing character: There is no 高 in font nullfont!
Missing character: There is no 效 in font nullfont!
Missing character: There is no 提 in font nullfont!
Missing character: There is no 取 in font nullfont!
Missing character: There is no 並 in font nullfont!
Missing character: There is no 調 in font nullfont!
Missing character: There is no 控 in font nullfont!
Missing character: There is no 自 in font nullfont!
Missing character: There is no 由 in font nullfont!
Missing character: There is no 空 in font nullfont!
Missing character: There is no 間 in font nullfont!
Missing character: There is no 的 in font nullfont!
Missing character: There is no 面 in font nullfont!
Missing character: There is no 外 in font nullfont!
Missing character: There is no 手 in font nullfont!
Missing character: There is no 性 in font nullfont!
Missing character: There is no 輻 in font nullfont!
Missing character: There is no 射 in font nullfont!
Missing character: There is no 。 in font nullfont!
Missing character: There is no 然 in font nullfont!
Missing character: There is no 而 in font nullfont!
Missing character: There is no ， in font nullfont!
Missing character: There is no 在 in font nullfont!
Missing character: There is no 建 in font nullfont!
Missing character: There is no 構 in font nullfont!
Missing character: There is no 主 in font nullfont!
Missing character: There is no 動 in font nullfont!
Missing character: There is no 式 in font nullfont!
Missing character: There is no 手 in font nullfont!
Missing character: There is no 性 in font nullfont!
Missing character: There is no 光 in font nullfont!
Missing character: There is no 源 in font nullfont!
Missing character: There is no 元 in font nullfont!
Missing character: There is no 件 in font nullfont!
Missing character: There is no 時 in font nullfont!
Missing character: There is no ， in font nullfont!
Missing character: There is no 研 in font nullfont!
Missing character: There is no 究 in font nullfont!
Missing character: There is no 面 in font nullfont!
Missing character: There is no 臨 in font nullfont!
Missing character: There is no 著 in font nullfont!
Missing character: There is no 根 in font nullfont!
Missing character: There is no 本 in font nullfont!
Missing character: There is no 性 in font nullfont!
Missing character: There is no 的 in font nullfont!
Missing character: There is no 物 in font nullfont!
Missing character: There is no 理 in font nullfont!
Missing character: There is no 挑 in font nullfont!
Missing character: There is no 戰 in font nullfont!
Missing character: There is no ： in font nullfont!
Missing character: There is no 直 in font nullfont!
Missing character: There is no 接 in font nullfont!
Missing character: There is no 能 in font nullfont!
Missing character: There is no 隙 in font nullfont!
Missing character: There is no 的 in font nullfont!
Missing character: There is no 單 in font nullfont!
Missing character: There is no 層 in font nullfont!
Missing character: There is no T in font nullfont!
Missing character: There is no M in font nullfont!
Missing character: There is no D in font nullfont!
Missing character: There is no s in font nullfont!
Missing character: There is no （ in font nullfont!
Missing character: There is no 如 in font nullfont!
! Undefined control sequence.
<recently read> \text 
                      
l.157 ...光源元件時，研究面臨著根本性的物理挑戰：直接能隙的單層 TMDs（如 $\text
                                                  {WS}2$ 或 $\text{WSe}2$）雖具有...
The control sequence at the end of the top line
of your error message was never \def'ed. If you have
misspelled it (e.g., `\hobx'), type `I' and the correct
spelling (e.g., `I\hbox'). Otherwise just continue,
and I'll forget about whatever was undefined.

Missing character: There is no 或 in font nullfont!
! Undefined control sequence.
<recently read> \text 
                      
l.157 ...物理挑戰：直接能隙的單層 TMDs（如 $\text{WS}2$ 或 $\text
                                                  {WSe}2$）雖具有極高的激子輻射效率與內稟谷自旋...
The control sequence at the end of the top line
of your error message was never \def'ed. If you have
misspelled it (e.g., `\hobx'), type `I' and the correct
spelling (e.g., `I\hbox'). Otherwise just continue,
and I'll forget about whatever was undefined.

Missing character: There is no ） in font nullfont!
Missing character: There is no 雖 in font nullfont!
Missing character: There is no 具 in font nullfont!
Missing character: There is no 有 in font nullfont!
Missing character: There is no 極 in font nullfont!
Missing character: There is no 高 in font nullfont!
Missing character: There is no 的 in font nullfont!
Missing character: There is no 激 in font nullfont!
Missing character: There is no 子 in font nullfont!
Missing character: There is no 輻 in font nullfont!
Missing character: There is no 射 in font nullfont!
Missing character: There is no 效 in font nullfont!
Missing character: There is no 率 in font nullfont!
Missing character: There is no 與 in font nullfont!
Missing character: There is no 內 in font nullfont!
Missing character: There is no 稟 in font nullfont!
Missing character: There is no 谷 in font nullfont!
Missing character: There is no 自 in font nullfont!
Missing character: There is no 旋 in font nullfont!
Missing character: There is no 選 in font nullfont!
Missing character: There is no 擇 in font nullfont!
Missing character: There is no 性 in font nullfont!
Missing character: There is no ， in font nullfont!
Missing character: There is no 但 in font nullfont!
Missing character: There is no 其 in font nullfont!
Missing character: There is no 原 in font nullfont!
Missing character: There is no 子 in font nullfont!
Missing character: There is no 級 in font nullfont!
Missing character: There is no 的 in font nullfont!
Missing character: There is no 超 in font nullfont!
Missing character: There is no 薄 in font nullfont!
Missing character: There is no 厚 in font nullfont!
Missing character: There is no 度 in font nullfont!
Missing character: There is no （ in font nullfont!
Missing character: There is no 約 in font nullfont!
! Undefined control sequence.
l.157 ...極高的激子輻射效率與內稟谷自旋選擇性，但其原子級的超薄厚度（約 $0.7\text
                                                  { nm}$）卻限制了局域電磁場的交互作用與相位調控...
The control sequence at the end of the top line
of your error message was never \def'ed. If you have
misspelled it (e.g., `\hobx'), type `I' and the correct
spelling (e.g., `I\hbox'). Otherwise just continue,
and I'll forget about whatever was undefined.

Missing character: There is no ） in font nullfont!
Missing character: There is no 卻 in font nullfont!
Missing character: There is no 限 in font nullfont!
Missing character: There is no 制 in font nullfont!
Missing character: There is no 了 in font nullfont!
Missing character: There is no 局 in font nullfont!
Missing character: There is no 域 in font nullfont!
Missing character: There is no 電 in font nullfont!
Missing character: There is no 磁 in font nullfont!
Missing character: There is no 場 in font nullfont!
Missing character: There is no 的 in font nullfont!
Missing character: There is no 交 in font nullfont!
Missing character: There is no 互 in font nullfont!
Missing character: There is no 作 in font nullfont!
Missing character: There is no 用 in font nullfont!
Missing character: There is no 與 in font nullfont!
Missing character: There is no 相 in font nullfont!
Missing character: There is no 位 in font nullfont!
Missing character: There is no 調 in font nullfont!
Missing character: There is no 控 in font nullfont!
Missing character: There is no 能 in font nullfont!
Missing character: There is no 力 in font nullfont!
Missing character: There is no ； in font nullfont!
Missing character: There is no 相 in font nullfont!
Missing character: There is no 反 in font nullfont!
Missing character: There is no 地 in font nullfont!
Missing character: There is no ， in font nullfont!
Missing character: There is no 雖 in font nullfont!
Missing character: There is no 然 in font nullfont!
Missing character: There is no 多 in font nullfont!
Missing character: There is no 層 in font nullfont!
Missing character: There is no 材 in font nullfont!
Missing character: There is no 料 in font nullfont!
Missing character: There is no 或 in font nullfont!
Missing character: There is no 直 in font nullfont!
Missing character: There is no 接 in font nullfont!
Missing character: There is no 對 in font nullfont!
Missing character: There is no T in font nullfont!
Missing character: There is no M in font nullfont!
Missing character: There is no D in font nullfont!
Missing character: There is no s in font nullfont!
Missing character: There is no 進 in font nullfont!
Missing character: There is no 行 in font nullfont!
Missing character: There is no 亞 in font nullfont!
Missing character: There is no 波 in font nullfont!
Missing character: There is no 長 in font nullfont!
Missing character: There is no 圖 in font nullfont!
Missing character: There is no 案 in font nullfont!
Missing character: There is no 化 in font nullfont!
Missing character: There is no 的 in font nullfont!
Missing character: There is no 無 in font nullfont!
Missing character: There is no 源 in font nullfont!
Missing character: There is no 器 in font nullfont!
Missing character: There is no 件 in font nullfont!
Missing character: There is no 能 in font nullfont!
Missing character: There is no 提 in font nullfont!
Missing character: There is no 供 in font nullfont!
Missing character: There is no 足 in font nullfont!
Missing character: There is no 夠 in font nullfont!
Missing character: There is no 的 in font nullfont!
Missing character: There is no 幾 in font nullfont!
Missing character: There is no 何 in font nullfont!
Missing character: There is no 相 in font nullfont!
Missing character: There is no 位 in font nullfont!
Missing character: There is no 調 in font nullfont!
Missing character: There is no 控 in font nullfont!
Missing character: There is no ， in font nullfont!
Missing character: There is no 但 in font nullfont!
Missing character: There is no 多 in font nullfont!
Missing character: There is no 層 in font nullfont!
Missing character: There is no T in font nullfont!
Missing character: There is no M in font nullfont!
Missing character: There is no D in font nullfont!
Missing character: There is no s in font nullfont!
Missing character: There is no 因 in font nullfont!
Missing character: There is no 轉 in font nullfont!
Missing character: There is no 變 in font nullfont!
Missing character: There is no 為 in font nullfont!
Missing character: There is no 間 in font nullfont!
Missing character: There is no 接 in font nullfont!
Missing character: There is no 能 in font nullfont!
Missing character: There is no 隙 in font nullfont!
Missing character: There is no ， in font nullfont!
Missing character: There is no 其 in font nullfont!
Missing character: There is no 發 in font nullfont!
Missing character: There is no 光 in font nullfont!
Missing character: There is no 效 in font nullfont!
Missing character: There is no 率 in font nullfont!
Missing character: There is no 呈 in font nullfont!
Missing character: There is no 指 in font nullfont!
Missing character: There is no 數 in font nullfont!
Missing character: There is no 級 in font nullfont!
Missing character: There is no 衰 in font nullfont!
Missing character: There is no 減 in font nullfont!
Missing character: There is no 。 in font nullfont!
Missing character: There is no 因 in font nullfont!
Missing character: There is no 此 in font nullfont!
Missing character: There is no ， in font nullfont!
Missing character: There is no 將 in font nullfont!
Missing character: There is no 高 in font nullfont!
Missing character: There is no 發 in font nullfont!
Missing character: There is no 光 in font nullfont!
Missing character: There is no 效 in font nullfont!
Missing character: There is no 率 in font nullfont!
Missing character: There is no 的 in font nullfont!
Missing character: There is no 單 in font nullfont!
Missing character: There is no 層 in font nullfont!
Missing character: There is no T in font nullfont!
Missing character: There is no M in font nullfont!
Missing character: There is no D in font nullfont!
Missing character: There is no 活 in font nullfont!
Missing character: There is no 性 in font nullfont!
Missing character: There is no 層 in font nullfont!
Missing character: There is no ， in font nullfont!
Missing character: There is no 與 in font nullfont!
Missing character: There is no 低 in font nullfont!
Missing character: There is no 損 in font nullfont!
Missing character: There is no 耗 in font nullfont!
Missing character: There is no 、 in font nullfont!
Missing character: There is no 高 in font nullfont!
Missing character: There is no 折 in font nullfont!
Missing character: There is no 射 in font nullfont!
Missing character: There is no 率 in font nullfont!
Missing character: There is no 介 in font nullfont!
Missing character: There is no 電 in font nullfont!
Missing character: There is no 質 in font nullfont!
Missing character: There is no 超 in font nullfont!
Missing character: There is no 穎 in font nullfont!
Missing character: There is no 表 in font nullfont!
Missing character: There is no 面 in font nullfont!
Missing character: There is no 進 in font nullfont!
Missing character: There is no 行 in font nullfont!
Missing character: There is no 混 in font nullfont!
Missing character: There is no 合 in font nullfont!
Missing character: There is no 整 in font nullfont!
Missing character: There is no 合 in font nullfont!
Missing character: There is no （ in font nullfont!
Missing character: There is no H in font nullfont!
Missing character: There is no y in font nullfont!
Missing character: There is no b in font nullfont!
Missing character: There is no r in font nullfont!
Missing character: There is no i in font nullfont!
Missing character: There is no d in font nullfont!
Missing character: There is no I in font nullfont!
Missing character: There is no n in font nullfont!
Missing character: There is no t in font nullfont!
Missing character: There is no e in font nullfont!
Missing character: There is no g in font nullfont!
Missing character: There is no r in font nullfont!
Missing character: There is no a in font nullfont!
Missing character: There is no t in font nullfont!
Missing character: There is no i in font nullfont!
Missing character: There is no o in font nullfont!
Missing character: There is no n in font nullfont!
Missing character: There is no ） in font nullfont!
Missing character: There is no ， in font nullfont!
Missing character: There is no 已 in font nullfont!
Missing character: There is no 成 in font nullfont!
Missing character: There is no 為 in font nullfont!
Missing character: There is no 構 in font nullfont!
Missing character: There is no 建 in font nullfont!
Missing character: There is no 二 in font nullfont!
Missing character: There is no 維 in font nullfont!
Missing character: There is no 手 in font nullfont!
Missing character: There is no 性 in font nullfont!
Missing character: There is no 光 in font nullfont!
Missing character: There is no 源 in font nullfont!
Missing character: There is no 與 in font nullfont!
Missing character: There is no 雷 in font nullfont!
Missing character: There is no 射 in font nullfont!
Missing character: There is no 晶 in font nullfont!
Missing character: There is no 片 in font nullfont!
Missing character: There is no 的 in font nullfont!
Missing character: There is no 最 in font nullfont!
Missing character: There is no 佳 in font nullfont!
Missing character: There is no 技 in font nullfont!
Missing character: There is no 術 in font nullfont!
Missing character: There is no 路 in font nullfont!
Missing character: There is no 徑 in font nullfont!
Missing character: There is no 。 in font nullfont!

Overfull \hbox (20.0pt too wide) in paragraph at lines 157--158
[]
 []


Overfull \hbox (22.54167pt too wide) in paragraph at lines 157--158
[]\OT1/cmr/m/n/10 2$
 []


Overfull \hbox (27.19794pt too wide) in paragraph at lines 157--158
[]\OT1/cmr/m/n/10 2$
 []


Overfull \hbox (27.5603pt too wide) in paragraph at lines 157--158
\OT1/cmr/m/n/10 0\OML/cmm/m/it/10 :\OT1/cmr/m/n/10 7[]$
 []


! LaTeX Error: Missing \begin{document}.

See the LaTeX manual or LaTeX Companion for explanation.
Type  H <return>  for immediate help.
 ...                                              
                                                  
l.159 在
       這一技術路徑上，近期的研究取得了里程碑式的進展。例如，Rong 等人於 2023 年的研究將單層 $\text{WS}2$ 轉移至 $\t...

You're in trouble here.  Try typing  <return>  to proceed.
If that doesn't work, type  X <return>  to quit.

Missing character: There is no 在 in font nullfont!
Missing character: There is no 這 in font nullfont!
Missing character: There is no 一 in font nullfont!
Missing character: There is no 技 in font nullfont!
Missing character: There is no 術 in font nullfont!
Missing character: There is no 路 in font nullfont!
Missing character: There is no 徑 in font nullfont!
Missing character: There is no 上 in font nullfont!
Missing character: There is no ， in font nullfont!
Missing character: There is no 近 in font nullfont!
Missing character: There is no 期 in font nullfont!
Missing character: There is no 的 in font nullfont!
Missing character: There is no 研 in font nullfont!
Missing character: There is no 究 in font nullfont!
Missing character: There is no 取 in font nullfont!
Missing character: There is no 得 in font nullfont!
Missing character: There is no 了 in font nullfont!
Missing character: There is no 里 in font nullfont!
Missing character: There is no 程 in font nullfont!
Missing character: There is no 碑 in font nullfont!
Missing character: There is no 式 in font nullfont!
Missing character: There is no 的 in font nullfont!
Missing character: There is no 進 in font nullfont!
Missing character: There is no 展 in font nullfont!
Missing character: There is no 。 in font nullfont!
Missing character: There is no 例 in font nullfont!
Missing character: There is no 如 in font nullfont!
Missing character: There is no ， in font nullfont!
Missing character: There is no R in font nullfont!
Missing character: There is no o in font nullfont!
Missing character: There is no n in font nullfont!
Missing character: There is no g in font nullfont!
Missing character: There is no 等 in font nullfont!
Missing character: There is no 人 in font nullfont!
Missing character: There is no 於 in font nullfont!
Missing character: There is no 2 in font nullfont!
Missing character: There is no 0 in font nullfont!
Missing character: There is no 2 in font nullfont!
Missing character: There is no 3 in font nullfont!
Missing character: There is no 年 in font nullfont!
Missing character: There is no 的 in font nullfont!
Missing character: There is no 研 in font nullfont!
Missing character: There is no 究 in font nullfont!
Missing character: There is no 將 in font nullfont!
Missing character: There is no 單 in font nullfont!
Missing character: There is no 層 in font nullfont!
! Undefined control sequence.
<recently read> \text 
                      
l.159 ...得了里程碑式的進展。例如，Rong 等人於 2023 年的研究將單層 $\text
                                                  {WS}2$ 轉移至 $\text{Si}3\tex...
The control sequence at the end of the top line
of your error message was never \def'ed. If you have
misspelled it (e.g., `\hobx'), type `I' and the correct
spelling (e.g., `I\hbox'). Otherwise just continue,
and I'll forget about whatever was undefined.

Missing character: There is no 轉 in font nullfont!
Missing character: There is no 移 in font nullfont!
Missing character: There is no 至 in font nullfont!
! Undefined control sequence.
<recently read> \text 
                      
l.159 ... 等人於 2023 年的研究將單層 $\text{WS}2$ 轉移至 $\text
                                                  {Si}3\text{N}4$ Kagome 光子晶...
The control sequence at the end of the top line
of your error message was never \def'ed. If you have
misspelled it (e.g., `\hobx'), type `I' and the correct
spelling (e.g., `I\hbox'). Otherwise just continue,
and I'll forget about whatever was undefined.

! Undefined control sequence.
l.159 ...年的研究將單層 $\text{WS}2$ 轉移至 $\text{Si}3\text
                                                  {N}4$ Kagome 光子晶體晶格表面，藉由打破...
The control sequence at the end of the top line
of your error message was never \def'ed. If you have
misspelled it (e.g., `\hobx'), type `I' and the correct
spelling (e.g., `I\hbox'). Otherwise just continue,
and I'll forget about whatever was undefined.

Missing character: There is no K in font nullfont!
Missing character: There is no a in font nullfont!
Missing character: There is no g in font nullfont!
Missing character: There is no o in font nullfont!
Missing character: There is no m in font nullfont!
Missing character: There is no e in font nullfont!
Missing character: There is no 光 in font nullfont!
Missing character: There is no 子 in font nullfont!
Missing character: There is no 晶 in font nullfont!
Missing character: There is no 體 in font nullfont!
Missing character: There is no 晶 in font nullfont!
Missing character: There is no 格 in font nullfont!
Missing character: There is no 表 in font nullfont!
Missing character: There is no 面 in font nullfont!
Missing character: There is no ， in font nullfont!
Missing character: There is no 藉 in font nullfont!
Missing character: There is no 由 in font nullfont!
Missing character: There is no 打 in font nullfont!
Missing character: There is no 破 in font nullfont!
Missing character: There is no 空 in font nullfont!
Missing character: There is no 間 in font nullfont!
Missing character: There is no 反 in font nullfont!
Missing character: There is no 轉 in font nullfont!
Missing character: There is no 對 in font nullfont!
Missing character: There is no 稱 in font nullfont!
Missing character: There is no 性 in font nullfont!
Missing character: There is no 激 in font nullfont!
Missing character: There is no 發 in font nullfont!
Missing character: There is no 光 in font nullfont!
Missing character: There is no 子 in font nullfont!
Missing character: There is no R in font nullfont!
Missing character: There is no a in font nullfont!
Missing character: There is no s in font nullfont!
Missing character: There is no h in font nullfont!
Missing character: There is no b in font nullfont!
Missing character: There is no a in font nullfont!
Missing character: There is no 效 in font nullfont!
Missing character: There is no 應 in font nullfont!
Missing character: There is no ， in font nullfont!
Missing character: There is no 在 in font nullfont!
Missing character: There is no 室 in font nullfont!
Missing character: There is no 溫 in font nullfont!
Missing character: There is no 下 in font nullfont!
Missing character: There is no 成 in font nullfont!
Missing character: There is no 功 in font nullfont!
Missing character: There is no 實 in font nullfont!
Missing character: There is no 現 in font nullfont!
Missing character: There is no 了 in font nullfont!
Missing character: There is no 高 in font nullfont!
Missing character: There is no 相 in font nullfont!
Missing character: There is no 干 in font nullfont!
Missing character: There is no 性 in font nullfont!
Missing character: There is no 的 in font nullfont!
Missing character: There is no 自 in font nullfont!
Missing character: There is no 旋 in font nullfont!
Missing character: There is no - in font nullfont!
Missing character: There is no 谷 in font nullfont!
Missing character: There is no 鎖 in font nullfont!
Missing character: There is no 定 in font nullfont!
Missing character: There is no 單 in font nullfont!
Missing character: There is no 層 in font nullfont!
Missing character: There is no 雷 in font nullfont!
Missing character: There is no 射 in font nullfont!
Missing character: There is no [ in font nullfont!
\citation{rong2023spin}
! Undefined control sequence.
<write> ...: Citation `\@citeb ' on page \thepage 
                                                  \space undefined\on@line .^^J
l.159 ...下成功實現了高相干性的自旋-谷鎖定單層雷射 \cite{rong2023spin}
                                                  。隨後，Pan 等人於 2025 年的研究則利用矽手...
The control sequence at the end of the top line
of your error message was never \def'ed. If you have
misspelled it (e.g., `\hobx'), type `I' and the correct
spelling (e.g., `I\hbox'). Otherwise just continue,
and I'll forget about whatever was undefined.


LaTeX Warning: Citation `rong2023spin' on page  undefined on input line 159.

Missing character: There is no ] in font nullfont!
Missing character: There is no 。 in font nullfont!
Missing character: There is no 隨 in font nullfont!
Missing character: There is no 後 in font nullfont!
Missing character: There is no ， in font nullfont!
Missing character: There is no P in font nullfont!
Missing character: There is no a in font nullfont!
Missing character: There is no n in font nullfont!
Missing character: There is no 等 in font nullfont!
Missing character: There is no 人 in font nullfont!
Missing character: There is no 於 in font nullfont!
Missing character: There is no 2 in font nullfont!
Missing character: There is no 0 in font nullfont!
Missing character: There is no 2 in font nullfont!
Missing character: There is no 5 in font nullfont!
Missing character: There is no 年 in font nullfont!
Missing character: There is no 的 in font nullfont!
Missing character: There is no 研 in font nullfont!
Missing character: There is no 究 in font nullfont!
Missing character: There is no 則 in font nullfont!
Missing character: There is no 利 in font nullfont!
Missing character: There is no 用 in font nullfont!
Missing character: There is no 矽 in font nullfont!
Missing character: There is no 手 in font nullfont!
Missing character: There is no 性 in font nullfont!
Missing character: There is no 超 in font nullfont!
Missing character: There is no 穎 in font nullfont!
Missing character: There is no 表 in font nullfont!
Missing character: There is no 面 in font nullfont!
Missing character: There is no 激 in font nullfont!
Missing character: There is no 發 in font nullfont!
Missing character: There is no 高 in font nullfont!
Missing character: There is no 活 in font nullfont!
Missing character: There is no 性 in font nullfont!
Missing character: There is no 、 in font nullfont!
Missing character: There is no 強 in font nullfont!
Missing character: There is no 手 in font nullfont!
Missing character: There is no 性 in font nullfont!
Missing character: There is no 近 in font nullfont!
Missing character: There is no 場 in font nullfont!
Missing character: There is no 增 in font nullfont!
Missing character: There is no 強 in font nullfont!
Missing character: There is no 的 in font nullfont!
Missing character: There is no 非 in font nullfont!
Missing character: There is no 局 in font nullfont!
Missing character: There is no 域 in font nullfont!
Missing character: There is no 準 in font nullfont!
Missing character: There is no 連 in font nullfont!
Missing character: There is no 續 in font nullfont!
Missing character: There is no 域 in font nullfont!
Missing character: There is no 束 in font nullfont!
Missing character: There is no 縛 in font nullfont!
Missing character: There is no 態 in font nullfont!
Missing character: There is no （ in font nullfont!
Missing character: There is no q in font nullfont!
Missing character: There is no u in font nullfont!
Missing character: There is no a in font nullfont!
Missing character: There is no s in font nullfont!
Missing character: There is no i in font nullfont!
Missing character: There is no - in font nullfont!
Missing character: There is no B in font nullfont!
Missing character: There is no I in font nullfont!
Missing character: There is no C in font nullfont!
Missing character: There is no ） in font nullfont!
Missing character: There is no ， in font nullfont!
Missing character: There is no 在 in font nullfont!
Missing character: There is no 室 in font nullfont!
Missing character: There is no 溫 in font nullfont!
Missing character: There is no 下 in font nullfont!
Missing character: There is no 將 in font nullfont!
Missing character: There is no 單 in font nullfont!
Missing character: There is no 層 in font nullfont!
! Undefined control sequence.
<recently read> \text 
                      
l.159 ...近場增強的非局域準連續域束縛態（quasi-BIC），在室溫下將單層 $\text
                                                  {MoSe}_2$ 的谷選擇性發光圓偏振極化度（DO...
The control sequence at the end of the top line
of your error message was never \def'ed. If you have
misspelled it (e.g., `\hobx'), type `I' and the correct
spelling (e.g., `I\hbox'). Otherwise just continue,
and I'll forget about whatever was undefined.

Missing character: There is no 的 in font nullfont!
Missing character: There is no 谷 in font nullfont!
Missing character: There is no 選 in font nullfont!
Missing character: There is no 擇 in font nullfont!
Missing character: There is no 性 in font nullfont!
Missing character: There is no 發 in font nullfont!
Missing character: There is no 光 in font nullfont!
Missing character: There is no 圓 in font nullfont!
Missing character: There is no 偏 in font nullfont!
Missing character: There is no 振 in font nullfont!
Missing character: There is no 極 in font nullfont!
Missing character: There is no 化 in font nullfont!
Missing character: There is no 度 in font nullfont!
Missing character: There is no （ in font nullfont!
Missing character: There is no D in font nullfont!
Missing character: There is no O in font nullfont!
Missing character: There is no P in font nullfont!
Missing character: There is no ） in font nullfont!
Missing character: There is no 提 in font nullfont!
Missing character: There is no 升 in font nullfont!
Missing character: There is no 至 in font nullfont!
Missing character: There is no 新 in font nullfont!
Missing character: There is no 高 in font nullfont!
Missing character: There is no （ in font nullfont!
Missing character: There is no D in font nullfont!
Missing character: There is no O in font nullfont!
Missing character: There is no P in font nullfont!
Missing character: There is no = in font nullfont!
Missing character: There is no 0 in font nullfont!
Missing character: There is no . in font nullfont!
Missing character: There is no 5 in font nullfont!
Missing character: There is no ） in font nullfont!
Missing character: There is no [ in font nullfont!
\citation{pan2025room}
! Undefined control sequence.
<write> ...: Citation `\@citeb ' on page \thepage 
                                                  \space undefined\on@line .^^J
l.159 ...度（DOP）提升至新高（DOP = 0.5） \cite{pan2025room}
                                                  。
The control sequence at the end of the top line
of your error message was never \def'ed. If you have
misspelled it (e.g., `\hobx'), type `I' and the correct
spelling (e.g., `I\hbox'). Otherwise just continue,
and I'll forget about whatever was undefined.


LaTeX Warning: Citation `pan2025room' on page  undefined on input line 159.

Missing character: There is no ] in font nullfont!
Missing character: There is no 。 in font nullfont!

Overfull \hbox (20.0pt too wide) in paragraph at lines 159--160
[]
 []


Overfull \hbox (22.54167pt too wide) in paragraph at lines 159--160
[]\OT1/cmr/m/n/10 2$
 []


Overfull \hbox (29.27844pt too wide) in paragraph at lines 159--160
[]\OT1/cmr/m/n/10 3\OML/cmm/m/it/10 N\OT1/cmr/m/n/10 4$
 []


Overfull \hbox (5.43pt too wide) in paragraph at lines 159--160
[]
 []


Overfull \hbox (31.4896pt too wide) in paragraph at lines 159--160
[][]$
 []


Overfull \hbox (5.43pt too wide) in paragraph at lines 159--160
[] 
 []


! LaTeX Error: Missing \begin{document}.

See the LaTeX manual or LaTeX Companion for explanation.
Type  H <return>  for immediate help.
 ...                                              
                                                  
l.164 儘
       管這些基於高品質因子（high-Q）腔體的混合元件在提升手性提取效率與激子輻射速率上表現優異，但目前的設計仍存在顯著的技術瓶頸。現有元件多...

You're in trouble here.  Try typing  <return>  to proceed.
If that doesn't work, type  X <return>  to quit.

Missing character: There is no 儘 in font nullfont!
Missing character: There is no 管 in font nullfont!
Missing character: There is no 這 in font nullfont!
Missing character: There is no 些 in font nullfont!
Missing character: There is no 基 in font nullfont!
Missing character: There is no 於 in font nullfont!
Missing character: There is no 高 in font nullfont!
Missing character: There is no 品 in font nullfont!
Missing character: There is no 質 in font nullfont!
Missing character: There is no 因 in font nullfont!
Missing character: There is no 子 in font nullfont!
Missing character: There is no （ in font nullfont!
Missing character: There is no h in font nullfont!
Missing character: There is no i in font nullfont!
Missing character: There is no g in font nullfont!
Missing character: There is no h in font nullfont!
Missing character: There is no - in font nullfont!
Missing character: There is no Q in font nullfont!
Missing character: There is no ） in font nullfont!
Missing character: There is no 腔 in font nullfont!
Missing character: There is no 體 in font nullfont!
Missing character: There is no 的 in font nullfont!
Missing character: There is no 混 in font nullfont!
Missing character: There is no 合 in font nullfont!
Missing character: There is no 元 in font nullfont!
Missing character: There is no 件 in font nullfont!
Missing character: There is no 在 in font nullfont!
Missing character: There is no 提 in font nullfont!
Missing character: There is no 升 in font nullfont!
Missing character: There is no 手 in font nullfont!
Missing character: There is no 性 in font nullfont!
Missing character: There is no 提 in font nullfont!
Missing character: There is no 取 in font nullfont!
Missing character: There is no 效 in font nullfont!
Missing character: There is no 率 in font nullfont!
Missing character: There is no 與 in font nullfont!
Missing character: There is no 激 in font nullfont!
Missing character: There is no 子 in font nullfont!
Missing character: There is no 輻 in font nullfont!
Missing character: There is no 射 in font nullfont!
Missing character: There is no 速 in font nullfont!
Missing character: There is no 率 in font nullfont!
Missing character: There is no 上 in font nullfont!
Missing character: There is no 表 in font nullfont!
Missing character: There is no 現 in font nullfont!
Missing character: There is no 優 in font nullfont!
Missing character: There is no 異 in font nullfont!
Missing character: There is no ， in font nullfont!
Missing character: There is no 但 in font nullfont!
Missing character: There is no 目 in font nullfont!
Missing character: There is no 前 in font nullfont!
Missing character: There is no 的 in font nullfont!
Missing character: There is no 設 in font nullfont!
Missing character: There is no 計 in font nullfont!
Missing character: There is no 仍 in font nullfont!
Missing character: There is no 存 in font nullfont!
Missing character: There is no 在 in font nullfont!
Missing character: There is no 顯 in font nullfont!
Missing character: There is no 著 in font nullfont!
Missing character: There is no 的 in font nullfont!
Missing character: There is no 技 in font nullfont!
Missing character: There is no 術 in font nullfont!
Missing character: There is no 瓶 in font nullfont!
Missing character: There is no 頸 in font nullfont!
Missing character: There is no 。 in font nullfont!
Missing character: There is no 現 in font nullfont!
Missing character: There is no 有 in font nullfont!
Missing character: There is no 元 in font nullfont!
Missing character: There is no 件 in font nullfont!
Missing character: There is no 多 in font nullfont!
Missing character: There is no 依 in font nullfont!
Missing character: There is no 賴 in font nullfont!
Missing character: There is no 於 in font nullfont!
Missing character: There is no 週 in font nullfont!
Missing character: There is no 期 in font nullfont!
Missing character: There is no 性 in font nullfont!
Missing character: There is no 、 in font nullfont!
Missing character: There is no 高 in font nullfont!
Missing character: There is no 度 in font nullfont!
Missing character: There is no 對 in font nullfont!
Missing character: There is no 稱 in font nullfont!
Missing character: There is no 的 in font nullfont!
Missing character: There is no 常 in font nullfont!
Missing character: There is no 規 in font nullfont!
Missing character: There is no 晶 in font nullfont!
Missing character: There is no 格 in font nullfont!
Missing character: There is no 幾 in font nullfont!
Missing character: There is no 何 in font nullfont!
Missing character: There is no （ in font nullfont!
Missing character: There is no 如 in font nullfont!
Missing character: There is no K in font nullfont!
Missing character: There is no a in font nullfont!
Missing character: There is no g in font nullfont!
Missing character: There is no o in font nullfont!
Missing character: There is no m in font nullfont!
Missing character: There is no e in font nullfont!
Missing character: There is no 晶 in font nullfont!
Missing character: There is no 格 in font nullfont!
Missing character: There is no 或 in font nullfont!
Missing character: There is no 切 in font nullfont!
Missing character: There is no 角 in font nullfont!
Missing character: There is no 正 in font nullfont!
Missing character: There is no 方 in font nullfont!
Missing character: There is no 形 in font nullfont!
Missing character: There is no 陣 in font nullfont!
Missing character: There is no 列 in font nullfont!
Missing character: There is no ） in font nullfont!
Missing character: There is no ， in font nullfont!
Missing character: There is no 這 in font nullfont!
Missing character: There is no 使 in font nullfont!
Missing character: There is no 得 in font nullfont!
Missing character: There is no 其 in font nullfont!
Missing character: There is no 遠 in font nullfont!
Missing character: There is no 場 in font nullfont!
Missing character: There is no 波 in font nullfont!
Missing character: There is no 前 in font nullfont!
Missing character: There is no 調 in font nullfont!
Missing character: There is no 控 in font nullfont!
Missing character: There is no 能 in font nullfont!
Missing character: There is no 力 in font nullfont!
Missing character: There is no 通 in font nullfont!
Missing character: There is no 常 in font nullfont!
Missing character: There is no 被 in font nullfont!
Missing character: There is no 局 in font nullfont!
Missing character: There is no 限 in font nullfont!
Missing character: There is no 於 in font nullfont!
Missing character: There is no 簡 in font nullfont!
Missing character: There is no 單 in font nullfont!
Missing character: There is no 的 in font nullfont!
Missing character: There is no 定 in font nullfont!
Missing character: There is no 向 in font nullfont!
Missing character: There is no 偏 in font nullfont!
Missing character: There is no 折 in font nullfont!
Missing character: There is no 窄 in font nullfont!
Missing character: There is no 光 in font nullfont!
Missing character: There is no 束 in font nullfont!
Missing character: There is no 或 in font nullfont!
Missing character: There is no 多 in font nullfont!
Missing character: There is no 對 in font nullfont!
Missing character: There is no 稱 in font nullfont!
Missing character: There is no 輻 in font nullfont!
Missing character: There is no 射 in font nullfont!
Missing character: There is no 點 in font nullfont!
Missing character: There is no 。 in font nullfont!
Missing character: There is no 在 in font nullfont!
Missing character: There is no 無 in font nullfont!
Missing character: There is no 需 in font nullfont!
Missing character: There is no 外 in font nullfont!
Missing character: There is no 部 in font nullfont!
Missing character: There is no 偏 in font nullfont!
Missing character: There is no 振 in font nullfont!
Missing character: There is no 濾 in font nullfont!
Missing character: There is no 光 in font nullfont!
Missing character: There is no 片 in font nullfont!
Missing character: There is no 的 in font nullfont!
Missing character: There is no 前 in font nullfont!
Missing character: There is no 提 in font nullfont!
Missing character: There is no 下 in font nullfont!
Missing character: There is no ， in font nullfont!
Missing character: There is no 如 in font nullfont!
Missing character: There is no 何 in font nullfont!
Missing character: There is no 直 in font nullfont!
Missing character: There is no 接 in font nullfont!
Missing character: There is no 對 in font nullfont!
Missing character: There is no 單 in font nullfont!
Missing character: There is no 層 in font nullfont!
Missing character: There is no T in font nullfont!
Missing character: There is no M in font nullfont!
Missing character: There is no D in font nullfont!
Missing character: There is no 激 in font nullfont!
Missing character: There is no 子 in font nullfont!
Missing character: There is no 的 in font nullfont!
Missing character: There is no 自 in font nullfont!
Missing character: There is no 發 in font nullfont!
Missing character: There is no 輻 in font nullfont!
Missing character: There is no 射 in font nullfont!
Missing character: There is no 進 in font nullfont!
Missing character: There is no 行 in font nullfont!
Missing character: There is no 高 in font nullfont!
Missing character: There is no 自 in font nullfont!
Missing character: There is no 由 in font nullfont!
Missing character: There is no 度 in font nullfont!
Missing character: There is no 的 in font nullfont!
Missing character: There is no 複 in font nullfont!
Missing character: There is no 雜 in font nullfont!
Missing character: There is no 波 in font nullfont!
Missing character: There is no 前 in font nullfont!
Missing character: There is no 塑 in font nullfont!
Missing character: There is no 形 in font nullfont!
Missing character: There is no （ in font nullfont!
Missing character: There is no 例 in font nullfont!
Missing character: There is no 如 in font nullfont!
Missing character: There is no 直 in font nullfont!
Missing character: There is no 接 in font nullfont!
Missing character: There is no 產 in font nullfont!
Missing character: There is no 生 in font nullfont!
Missing character: There is no 攜 in font nullfont!
Missing character: There is no 帶 in font nullfont!
Missing character: There is no 軌 in font nullfont!
Missing character: There is no 道 in font nullfont!
Missing character: There is no 角 in font nullfont!
Missing character: There is no 動 in font nullfont!
Missing character: There is no 量 in font nullfont!
Missing character: There is no 、 in font nullfont!
Missing character: There is no 高 in font nullfont!
Missing character: There is no 模 in font nullfont!
Missing character: There is no 態 in font nullfont!
Missing character: There is no 純 in font nullfont!
Missing character: There is no 度 in font nullfont!
Missing character: There is no 的 in font nullfont!
Missing character: There is no 渦 in font nullfont!
Missing character: There is no 旋 in font nullfont!
Missing character: There is no 光 in font nullfont!
Missing character: There is no 束 in font nullfont!
Missing character: There is no 或 in font nullfont!
Missing character: There is no L in font nullfont!
Missing character: There is no a in font nullfont!
Missing character: There is no g in font nullfont!
Missing character: There is no u in font nullfont!
Missing character: There is no e in font nullfont!
Missing character: There is no r in font nullfont!
Missing character: There is no r in font nullfont!
Missing character: There is no e in font nullfont!
Missing character: There is no - in font nullfont!
Missing character: There is no G in font nullfont!
Missing character: There is no a in font nullfont!
Missing character: There is no u in font nullfont!
Missing character: There is no s in font nullfont!
Missing character: There is no s in font nullfont!
Missing character: There is no i in font nullfont!
Missing character: There is no a in font nullfont!
Missing character: There is no n in font nullfont!
Missing character: There is no 模 in font nullfont!
Missing character: There is no 式 in font nullfont!
Missing character: There is no ） in font nullfont!
Missing character: There is no ， in font nullfont!
Missing character: There is no 並 in font nullfont!
Missing character: There is no 同 in font nullfont!
Missing character: There is no 時 in font nullfont!
Missing character: There is no 維 in font nullfont!
Missing character: There is no 持 in font nullfont!
Missing character: There is no 極 in font nullfont!
Missing character: There is no 高 in font nullfont!
Missing character: There is no 的 in font nullfont!
Missing character: There is no 谷 in font nullfont!
Missing character: There is no 極 in font nullfont!
Missing character: There is no 化 in font nullfont!
Missing character: There is no 選 in font nullfont!
Missing character: There is no 擇 in font nullfont!
Missing character: There is no 性 in font nullfont!
Missing character: There is no ， in font nullfont!
Missing character: There is no 依 in font nullfont!
Missing character: There is no 然 in font nullfont!
Missing character: There is no 是 in font nullfont!
Missing character: There is no 當 in font nullfont!
Missing character: There is no 前 in font nullfont!
Missing character: There is no 自 in font nullfont!
Missing character: There is no 旋 in font nullfont!
Missing character: There is no - in font nullfont!
Missing character: There is no 谷 in font nullfont!
Missing character: There is no 光 in font nullfont!
Missing character: There is no 電 in font nullfont!
Missing character: There is no 子 in font nullfont!
Missing character: There is no 晶 in font nullfont!
Missing character: There is no 片 in font nullfont!
Missing character: There is no 面 in font nullfont!
Missing character: There is no 臨 in font nullfont!
Missing character: There is no 的 in font nullfont!
Missing character: There is no 核 in font nullfont!
Missing character: There is no 心 in font nullfont!
Missing character: There is no 瓶 in font nullfont!
Missing character: There is no 頸 in font nullfont!
Missing character: There is no 。 in font nullfont!

Overfull \hbox (20.0pt too wide) in paragraph at lines 164--165
[]
 []


! LaTeX Error: Missing \begin{document}.

See the LaTeX manual or LaTeX Companion for explanation.
Type  H <return>  for immediate help.
 ...                                              
                                                  
l.166 為
       了克服週期性結構的局限性並實現高度客製化的複雜波前調控，引進伴隨變量法（Adjoint Method）與拓撲優化（Topology Opt...

You're in trouble here.  Try typing  <return>  to proceed.
If that doesn't work, type  X <return>  to quit.

Missing character: There is no 為 in font nullfont!
Missing character: There is no 了 in font nullfont!
Missing character: There is no 克 in font nullfont!
Missing character: There is no 服 in font nullfont!
Missing character: There is no 週 in font nullfont!
Missing character: There is no 期 in font nullfont!
Missing character: There is no 性 in font nullfont!
Missing character: There is no 結 in font nullfont!
Missing character: There is no 構 in font nullfont!
Missing character: There is no 的 in font nullfont!
Missing character: There is no 局 in font nullfont!
Missing character: There is no 限 in font nullfont!
Missing character: There is no 性 in font nullfont!
Missing character: There is no 並 in font nullfont!
Missing character: There is no 實 in font nullfont!
Missing character: There is no 現 in font nullfont!
Missing character: There is no 高 in font nullfont!
Missing character: There is no 度 in font nullfont!
Missing character: There is no 客 in font nullfont!
Missing character: There is no 製 in font nullfont!
Missing character: There is no 化 in font nullfont!
Missing character: There is no 的 in font nullfont!
Missing character: There is no 複 in font nullfont!
Missing character: There is no 雜 in font nullfont!
Missing character: There is no 波 in font nullfont!
Missing character: There is no 前 in font nullfont!
Missing character: There is no 調 in font nullfont!
Missing character: There is no 控 in font nullfont!
Missing character: There is no ， in font nullfont!
Missing character: There is no 引 in font nullfont!
Missing character: There is no 進 in font nullfont!
Missing character: There is no 伴 in font nullfont!
Missing character: There is no 隨 in font nullfont!
Missing character: There is no 變 in font nullfont!
Missing character: There is no 量 in font nullfont!
Missing character: There is no 法 in font nullfont!
Missing character: There is no （ in font nullfont!
Missing character: There is no A in font nullfont!
Missing character: There is no d in font nullfont!
Missing character: There is no j in font nullfont!
Missing character: There is no o in font nullfont!
Missing character: There is no i in font nullfont!
Missing character: There is no n in font nullfont!
Missing character: There is no t in font nullfont!
Missing character: There is no M in font nullfont!
Missing character: There is no e in font nullfont!
Missing character: There is no t in font nullfont!
Missing character: There is no h in font nullfont!
Missing character: There is no o in font nullfont!
Missing character: There is no d in font nullfont!
Missing character: There is no ） in font nullfont!
Missing character: There is no 與 in font nullfont!
Missing character: There is no 拓 in font nullfont!
Missing character: There is no 撲 in font nullfont!
Missing character: There is no 優 in font nullfont!
Missing character: There is no 化 in font nullfont!
Missing character: There is no （ in font nullfont!
Missing character: There is no T in font nullfont!
Missing character: There is no o in font nullfont!
Missing character: There is no p in font nullfont!
Missing character: There is no o in font nullfont!
Missing character: There is no l in font nullfont!
Missing character: There is no o in font nullfont!
Missing character: There is no g in font nullfont!
Missing character: There is no y in font nullfont!
Missing character: There is no O in font nullfont!
Missing character: There is no p in font nullfont!
Missing character: There is no t in font nullfont!
Missing character: There is no i in font nullfont!
Missing character: There is no m in font nullfont!
Missing character: There is no i in font nullfont!
Missing character: There is no z in font nullfont!
Missing character: There is no a in font nullfont!
Missing character: There is no t in font nullfont!
Missing character: There is no i in font nullfont!
Missing character: There is no o in font nullfont!
Missing character: There is no n in font nullfont!
Missing character: There is no ） in font nullfont!
Missing character: There is no 的 in font nullfont!
Missing character: There is no 反 in font nullfont!
Missing character: There is no 向 in font nullfont!
Missing character: There is no 設 in font nullfont!
Missing character: There is no 計 in font nullfont!
Missing character: There is no 方 in font nullfont!
Missing character: There is no 案 in font nullfont!
Missing character: There is no 成 in font nullfont!
Missing character: There is no 為 in font nullfont!
Missing character: There is no 近 in font nullfont!
Missing character: There is no 年 in font nullfont!
Missing character: There is no 來 in font nullfont!
Missing character: There is no 奈 in font nullfont!
Missing character: There is no 米 in font nullfont!
Missing character: There is no 光 in font nullfont!
Missing character: There is no 學 in font nullfont!
Missing character: There is no 設 in font nullfont!
Missing character: There is no 計 in font nullfont!
Missing character: There is no 的 in font nullfont!
Missing character: There is no 前 in font nullfont!
Missing character: There is no 沿 in font nullfont!
Missing character: There is no 方 in font nullfont!
Missing character: There is no 向 in font nullfont!
Missing character: There is no 。 in font nullfont!
Missing character: There is no 相 in font nullfont!
Missing character: There is no 較 in font nullfont!
Missing character: There is no 於 in font nullfont!
Missing character: There is no 常 in font nullfont!
Missing character: There is no 規 in font nullfont!
Missing character: There is no 的 in font nullfont!
Missing character: There is no 啟 in font nullfont!
Missing character: There is no 發 in font nullfont!
Missing character: There is no 式 in font nullfont!
Missing character: There is no 或 in font nullfont!
Missing character: There is no 簡 in font nullfont!
Missing character: There is no 化 in font nullfont!
Missing character: There is no 幾 in font nullfont!
Missing character: There is no 何 in font nullfont!
Missing character: There is no 單 in font nullfont!
Missing character: There is no 元 in font nullfont!
Missing character: There is no 設 in font nullfont!
Missing character: There is no 計 in font nullfont!
Missing character: There is no ， in font nullfont!
Missing character: There is no 拓 in font nullfont!
Missing character: There is no 撲 in font nullfont!
Missing character: There is no 優 in font nullfont!
Missing character: There is no 化 in font nullfont!
Missing character: There is no 能 in font nullfont!
Missing character: There is no 夠 in font nullfont!
Missing character: There is no 在 in font nullfont!
Missing character: There is no 連 in font nullfont!
Missing character: There is no 續 in font nullfont!
Missing character: There is no 的 in font nullfont!
Missing character: There is no 設 in font nullfont!
Missing character: There is no 計 in font nullfont!
Missing character: There is no 空 in font nullfont!
Missing character: There is no 間 in font nullfont!
Missing character: There is no 中 in font nullfont!
Missing character: There is no 自 in font nullfont!
Missing character: There is no 由 in font nullfont!
Missing character: There is no 演 in font nullfont!
Missing character: There is no 化 in font nullfont!
Missing character: There is no 出 in font nullfont!
Missing character: There is no 無 in font nullfont!
Missing character: There is no 規 in font nullfont!
Missing character: There is no 則 in font nullfont!
Missing character: There is no 、 in font nullfont!
Missing character: There is no 高 in font nullfont!
Missing character: There is no 自 in font nullfont!
Missing character: There is no 由 in font nullfont!
Missing character: There is no 度 in font nullfont!
Missing character: There is no 的 in font nullfont!
Missing character: There is no 非 in font nullfont!
Missing character: There is no 直 in font nullfont!
Missing character: There is no 觀 in font nullfont!
Missing character: There is no 結 in font nullfont!
Missing character: There is no 構 in font nullfont!
Missing character: There is no 。 in font nullfont!
Missing character: There is no 藉 in font nullfont!
Missing character: There is no 由 in font nullfont!
Missing character: There is no 在 in font nullfont!
Missing character: There is no 低 in font nullfont!
Missing character: There is no 損 in font nullfont!
Missing character: There is no 耗 in font nullfont!
Missing character: There is no 、 in font nullfont!
Missing character: There is no 高 in font nullfont!
Missing character: There is no 折 in font nullfont!
Missing character: There is no 射 in font nullfont!
Missing character: There is no 率 in font nullfont!
Missing character: There is no 的 in font nullfont!
Missing character: There is no 全 in font nullfont!
Missing character: There is no 介 in font nullfont!
Missing character: There is no 電 in font nullfont!
Missing character: There is no 質 in font nullfont!
Missing character: There is no 平 in font nullfont!
Missing character: There is no 台 in font nullfont!
Missing character: There is no （ in font nullfont!
Missing character: There is no 如 in font nullfont!
Missing character: There is no 磷 in font nullfont!
Missing character: There is no 化 in font nullfont!
Missing character: There is no 鎵 in font nullfont!
! Undefined control sequence.
<recently read> \text 
                      
l.166 ...高自由度的非直觀結構。藉由在低損耗、高折射率的全介電質平台（如磷化鎵 $\text
                                                  {GaP}$）上進行亞波長尺度的拓撲結構優化，研究得...
The control sequence at the end of the top line
of your error message was never \def'ed. If you have
misspelled it (e.g., `\hobx'), type `I' and the correct
spelling (e.g., `I\hbox'). Otherwise just continue,
and I'll forget about whatever was undefined.

Missing character: There is no ） in font nullfont!
Missing character: There is no 上 in font nullfont!
Missing character: There is no 進 in font nullfont!
Missing character: There is no 行 in font nullfont!
Missing character: There is no 亞 in font nullfont!
Missing character: There is no 波 in font nullfont!
Missing character: There is no 長 in font nullfont!
Missing character: There is no 尺 in font nullfont!
Missing character: There is no 度 in font nullfont!
Missing character: There is no 的 in font nullfont!
Missing character: There is no 拓 in font nullfont!
Missing character: There is no 撲 in font nullfont!
Missing character: There is no 結 in font nullfont!
Missing character: There is no 構 in font nullfont!
Missing character: There is no 優 in font nullfont!
Missing character: There is no 化 in font nullfont!
Missing character: There is no ， in font nullfont!
Missing character: There is no 研 in font nullfont!
Missing character: There is no 究 in font nullfont!
Missing character: There is no 得 in font nullfont!
Missing character: There is no 以 in font nullfont!
Missing character: There is no 打 in font nullfont!
Missing character: There is no 破 in font nullfont!
Missing character: There is no 面 in font nullfont!
Missing character: There is no 外 in font nullfont!
Missing character: There is no 與 in font nullfont!
Missing character: There is no 面 in font nullfont!
Missing character: There is no 內 in font nullfont!
Missing character: There is no 對 in font nullfont!
Missing character: There is no 稱 in font nullfont!
Missing character: There is no 性 in font nullfont!
Missing character: There is no ， in font nullfont!
Missing character: There is no 在 in font nullfont!
Missing character: There is no 高 in font nullfont!
Missing character: There is no 效 in font nullfont!
Missing character: There is no 調 in font nullfont!
Missing character: There is no 製 in font nullfont!
Missing character: There is no T in font nullfont!
Missing character: There is no M in font nullfont!
Missing character: There is no D in font nullfont!
Missing character: There is no s in font nullfont!
Missing character: There is no 激 in font nullfont!
Missing character: There is no 子 in font nullfont!
Missing character: There is no 發 in font nullfont!
Missing character: There is no 光 in font nullfont!
Missing character: There is no 相 in font nullfont!
Missing character: There is no 位 in font nullfont!
Missing character: There is no 纏 in font nullfont!
Missing character: There is no 繞 in font nullfont!
Missing character: There is no 數 in font nullfont!
Missing character: There is no 、 in font nullfont!
Missing character: There is no 產 in font nullfont!
Missing character: There is no 生 in font nullfont!
Missing character: There is no 高 in font nullfont!
Missing character: There is no 純 in font nullfont!
Missing character: There is no 度 in font nullfont!
Missing character: There is no 結 in font nullfont!
Missing character: There is no 構 in font nullfont!
Missing character: There is no 光 in font nullfont!
Missing character: There is no 的 in font nullfont!
Missing character: There is no 同 in font nullfont!
Missing character: There is no 時 in font nullfont!
Missing character: There is no ， in font nullfont!
Missing character: There is no 完 in font nullfont!
Missing character: There is no 美 in font nullfont!
Missing character: There is no 區 in font nullfont!
Missing character: There is no 分 in font nullfont!
Missing character: There is no 並 in font nullfont!
Missing character: There is no 保 in font nullfont!
Missing character: There is no 留 in font nullfont!
Missing character: There is no 其 in font nullfont!
Missing character: There is no 內 in font nullfont!
Missing character: There is no 稟 in font nullfont!
Missing character: There is no 的 in font nullfont!
Missing character: There is no 谷 in font nullfont!
Missing character: There is no 電 in font nullfont!
Missing character: There is no 子 in font nullfont!
Missing character: There is no 學 in font nullfont!
Missing character: There is no 自 in font nullfont!
Missing character: There is no 旋 in font nullfont!
Missing character: There is no 訊 in font nullfont!
Missing character: There is no 息 in font nullfont!
Missing character: There is no 。 in font nullfont!

Overfull \hbox (20.0pt too wide) in paragraph at lines 166--167
[]
 []


Overfull \hbox (20.95741pt too wide) in paragraph at lines 166--167
[]$
 []

! Undefined control sequence.
l.173 \subsection
                 {Existing Valley-to-OAM Conversion Platforms}
The control sequence at the end of the top line
of your error message was never \def'ed. If you have
misspelled it (e.g., `\hobx'), type `I' and the correct
spelling (e.g., `I\hbox'). Otherwise just continue,
and I'll forget about whatever was undefined.


! LaTeX Error: Missing \begin{document}.

See the LaTeX manual or LaTeX Companion for explanation.
Type  H <return>  for immediate help.
 ...                                              
                                                  
l.173 \subsection{E
                   xisting Valley-to-OAM Conversion Platforms}
You're in trouble here.  Try typing  <return>  to proceed.
If that doesn't work, type  X <return>  to quit.

Missing character: There is no E in font nullfont!
Missing character: There is no x in font nullfont!
Missing character: There is no i in font nullfont!
Missing character: There is no s in font nullfont!
Missing character: There is no t in font nullfont!
Missing character: There is no i in font nullfont!
Missing character: There is no n in font nullfont!
Missing character: There is no g in font nullfont!
Missing character: There is no V in font nullfont!
Missing character: There is no a in font nullfont!
Missing character: There is no l in font nullfont!
Missing character: There is no l in font nullfont!
Missing character: There is no e in font nullfont!
Missing character: There is no y in font nullfont!
Missing character: There is no - in font nullfont!
Missing character: There is no t in font nullfont!
Missing character: There is no o in font nullfont!
Missing character: There is no - in font nullfont!
Missing character: There is no O in font nullfont!
Missing character: There is no A in font nullfont!
Missing character: There is no M in font nullfont!
Missing character: There is no C in font nullfont!
Missing character: There is no o in font nullfont!
Missing character: There is no n in font nullfont!
Missing character: There is no v in font nullfont!
Missing character: There is no e in font nullfont!
Missing character: There is no r in font nullfont!
Missing character: There is no s in font nullfont!
Missing character: There is no i in font nullfont!
Missing character: There is no o in font nullfont!
Missing character: There is no n in font nullfont!
Missing character: There is no P in font nullfont!
Missing character: There is no l in font nullfont!
Missing character: There is no a in font nullfont!
Missing character: There is no t in font nullfont!
Missing character: There is no f in font nullfont!
Missing character: There is no o in font nullfont!
Missing character: There is no r in font nullfont!
Missing character: There is no m in font nullfont!
Missing character: There is no s in font nullfont!

Overfull \hbox (20.0pt too wide) in paragraph at lines 173--174
[]
 []

! Undefined control sequence.
l.181 \subsection
                 {Inverse-designed Nanophotonic Devices}
The control sequence at the end of the top line
of your error message was never \def'ed. If you have
misspelled it (e.g., `\hobx'), type `I' and the correct
spelling (e.g., `I\hbox'). Otherwise just continue,
and I'll forget about whatever was undefined.


! LaTeX Error: Missing \begin{document}.

See the LaTeX manual or LaTeX Companion for explanation.
Type  H <return>  for immediate help.
 ...                                              
                                                  
l.181 \subsection{I
                   nverse-designed Nanophotonic Devices}
You're in trouble here.  Try typing  <return>  to proceed.
If that doesn't work, type  X <return>  to quit.

Missing character: There is no I in font nullfont!
Missing character: There is no n in font nullfont!
Missing character: There is no v in font nullfont!
Missing character: There is no e in font nullfont!
Missing character: There is no r in font nullfont!
Missing character: There is no s in font nullfont!
Missing character: There is no e in font nullfont!
Missing character: There is no - in font nullfont!
Missing character: There is no d in font nullfont!
Missing character: There is no e in font nullfont!
Missing character: There is no s in font nullfont!
Missing character: There is no i in font nullfont!
Missing character: There is no g in font nullfont!
Missing character: There is no n in font nullfont!
Missing character: There is no e in font nullfont!
Missing character: There is no d in font nullfont!
Missing character: There is no N in font nullfont!
Missing character: There is no a in font nullfont!
Missing character: There is no n in font nullfont!
Missing character: There is no o in font nullfont!
Missing character: There is no p in font nullfont!
Missing character: There is no h in font nullfont!
Missing character: There is no o in font nullfont!
Missing character: There is no t in font nullfont!
Missing character: There is no o in font nullfont!
Missing character: There is no n in font nullfont!
Missing character: There is no i in font nullfont!
Missing character: There is no c in font nullfont!
Missing character: There is no D in font nullfont!
Missing character: There is no e in font nullfont!
Missing character: There is no v in font nullfont!
Missing character: There is no i in font nullfont!
Missing character: There is no c in font nullfont!
Missing character: There is no e in font nullfont!
Missing character: There is no s in font nullfont!

Overfull \hbox (20.0pt too wide) in paragraph at lines 181--182
[]
 []

! Undefined control sequence.
l.187 \section
              {Research Gap}
The control sequence at the end of the top line
of your error message was never \def'ed. If you have
misspelled it (e.g., `\hobx'), type `I' and the correct
spelling (e.g., `I\hbox'). Otherwise just continue,
and I'll forget about whatever was undefined.


! LaTeX Error: Missing \begin{document}.

See the LaTeX manual or LaTeX Companion for explanation.
Type  H <return>  for immediate help.
 ...                                              
                                                  
l.187 \section{R
                esearch Gap}
You're in trouble here.  Try typing  <return>  to proceed.
If that doesn't work, type  X <return>  to quit.

Missing character: There is no R in font nullfont!
Missing character: There is no e in font nullfont!
Missing character: There is no s in font nullfont!
Missing character: There is no e in font nullfont!
Missing character: There is no a in font nullfont!
Missing character: There is no r in font nullfont!
Missing character: There is no c in font nullfont!
Missing character: There is no h in font nullfont!
Missing character: There is no G in font nullfont!
Missing character: There is no a in font nullfont!
Missing character: There is no p in font nullfont!

Overfull \hbox (20.0pt too wide) in paragraph at lines 187--188
[]
 []

)
! Emergency stop.
<*> ./2.Literature_Review.tex
                             
*** (job aborted, no legal \end found)

 
Here is how much of TeX's memory you used:
 33 strings out of 402628
 647 string characters out of 5439113
 443017 words of memory out of 5000000
 29180 multiletter control sequences out of 15000+600000
 628664 words of font info for 45 fonts, out of 8000000 for 9000
 1348 hyphenation exceptions out of 8191
 24i,5n,35p,608b,117s stack positions out of 10000i,1000n,20000p,200000b,200000s
Output written on 2.Literature_Review.pdf (1 page).
